frame,face_id,person_label,emotion,score,caption
0,1,pessoa1,Neutro,68.17387390136719,"Um grupo de pessoas em pé em uma linha de conversação, em uma fila de espera, colocam-se em uma fila de pessoas em pé."
0,2,pessoa2,Triste,98.2159652709961,"Um grupo de pessoas em pé em uma linha de conversação, em uma fila de espera, colocam-se em uma fila de pessoas em pé."
1,1,pessoa1,Neutro,59.71391677856445,"Um grupo de pessoas em pé em uma linha de conversação, em uma fila de espera, colocam-se em uma fila de pessoas em pé."
1,2,pessoa2,Triste,92.17374420166016,"Um grupo de pessoas em pé em uma linha de conversação, em uma fila de espera, colocam-se em uma fila de pessoas em pé."
2,1,pessoa1,Alegre,47.466827392578125,"Um grupo de pessoas em pé em uma linha de conversação, em uma fila de espera, colocam-se em uma fila de pessoas em pé."
2,2,pessoa2,Triste,99.71267700195312,"Um grupo de pessoas em pé em uma linha de conversação, em uma fila de espera, colocam-se em uma fila de pessoas em pé."
3,1,pessoa1,Alegre,75.09795379638672,"Um grupo de pessoas em pé em uma linha de conversação, em uma fila de espera, colocam-se em uma fila de pessoas em pé."
3,2,pessoa2,Triste,99.31487274169922,"Um grupo de pessoas em pé em uma linha de conversação, em uma fila de espera, colocam-se em uma fila de pessoas em pé."
3,3,pessoa3,Alegre,98.72979736328125,"Um grupo de pessoas em pé em uma linha de conversação, em uma fila de espera, colocam-se em uma fila de pessoas em pé."
4,1,pessoa1,Neutro,85.34947967529297,"Um grupo de pessoas em pé em uma linha de conversação, em uma fila de espera, colocam-se em uma fila de pessoas em pé."
4,2,pessoa2,Triste,99.8534927368164,"Um grupo de pessoas em pé em uma linha de conversação, em uma fila de espera, colocam-se em uma fila de pessoas em pé."
4,3,pessoa3,Triste,99.92574310302734,"Um grupo de pessoas em pé em uma linha de conversação, em uma fila de espera, colocam-se em uma fila de pessoas em pé."
5,1,pessoa1,Triste,41.06357955932617,"Um grupo de pessoas em pé em uma linha de conversação, em uma fila de espera, colocam-se em uma fila de pessoas em pé."
5,2,pessoa2,Triste,99.4148178100586,"Um grupo de pessoas em pé em uma linha de conversação, em uma fila de espera, colocam-se em uma fila de pessoas em pé."
5,3,pessoa3,Neutro,61.67932891845703,"Um grupo de pessoas em pé em uma linha de conversação, em uma fila de espera, colocam-se em uma fila de pessoas em pé."
6,1,pessoa1,Neutro,85.67887115478516,"Um grupo de pessoas em pé em uma linha de conversação, em uma fila de espera, colocam-se em uma fila de pessoas em pé."
6,2,pessoa2,Triste,99.28284454345703,"Um grupo de pessoas em pé em uma linha de conversação, em uma fila de espera, colocam-se em uma fila de pessoas em pé."
6,3,pessoa3,Neutro,60.12701416015625,"Um grupo de pessoas em pé em uma linha de conversação, em uma fila de espera, colocam-se em uma fila de pessoas em pé."
6,4,pessoa4,Medo,71.18842315673828,"Um grupo de pessoas em pé em uma linha de conversação, em uma fila de espera, colocam-se em uma fila de pessoas em pé."
7,1,pessoa1,Neutro,84.7459716796875,"Um grupo de pessoas em pé em uma linha de conversação, em uma fila de espera, colocam-se em uma fila de pessoas em pé."
7,2,pessoa2,Triste,99.23660278320312,"Um grupo de pessoas em pé em uma linha de conversação, em uma fila de espera, colocam-se em uma fila de pessoas em pé."
7,3,pessoa3,Neutro,99.8934555053711,"Um grupo de pessoas em pé em uma linha de conversação, em uma fila de espera, colocam-se em uma fila de pessoas em pé."
7,4,pessoa4,Medo,67.35885620117188,"Um grupo de pessoas em pé em uma linha de conversação, em uma fila de espera, colocam-se em uma fila de pessoas em pé."
8,1,pessoa1,Neutro,47.62229919433594,"Um grupo de pessoas em pé em uma linha de conversação, em uma fila de espera, colocam-se em uma fila de pessoas em pé."
8,2,pessoa2,Neutro,89.4926528930664,"Um grupo de pessoas em pé em uma linha de conversação, em uma fila de espera, colocam-se em uma fila de pessoas em pé."
8,3,pessoa3,Raiva,49.711483001708984,"Um grupo de pessoas em pé em uma linha de conversação, em uma fila de espera, colocam-se em uma fila de pessoas em pé."
8,4,pessoa4,Triste,84.762939453125,"Um grupo de pessoas em pé em uma linha de conversação, em uma fila de espera, colocam-se em uma fila de pessoas em pé."
9,1,pessoa1,Neutro,46.679630279541016,"Um grupo de pessoas em pé em uma linha de conversação, em uma fila de espera, colocam-se em uma fila de pessoas em pé."
9,2,pessoa2,Triste,51.12675094604492,"Um grupo de pessoas em pé em uma linha de conversação, em uma fila de espera, colocam-se em uma fila de pessoas em pé."
9,3,pessoa3,Raiva,79.89677429199219,"Um grupo de pessoas em pé em uma linha de conversação, em uma fila de espera, colocam-se em uma fila de pessoas em pé."
10,1,pessoa1,Neutro,83.49981689453125,"Um grupo de pessoas em pé em uma linha de conversação, em uma fila de espera, colocam-se em uma fila de pessoas em pé."
10,2,pessoa2,Neutro,58.38618469238281,"Um grupo de pessoas em pé em uma linha de conversação, em uma fila de espera, colocam-se em uma fila de pessoas em pé."
10,3,pessoa3,Neutro,99.05167388916016,"Um grupo de pessoas em pé em uma linha de conversação, em uma fila de espera, colocam-se em uma fila de pessoas em pé."
11,1,pessoa1,Neutro,95.99434661865234,"Um grupo de pessoas em pé em uma linha de conversação, em uma fila de espera, colocam-se em uma fila de pessoas em pé."
11,2,pessoa2,Triste,83.1110610961914,"Um grupo de pessoas em pé em uma linha de conversação, em uma fila de espera, colocam-se em uma fila de pessoas em pé."
11,3,pessoa3,Neutro,93.20132446289062,"Um grupo de pessoas em pé em uma linha de conversação, em uma fila de espera, colocam-se em uma fila de pessoas em pé."
12,1,pessoa1,Triste,61.00861358642578,"Um grupo de pessoas em pé em uma linha de conversação, em uma fila de espera, colocam-se em uma fila de pessoas em pé."
12,2,pessoa2,Triste,95.98343658447266,"Um grupo de pessoas em pé em uma linha de conversação, em uma fila de espera, colocam-se em uma fila de pessoas em pé."
12,3,pessoa3,Neutro,99.0018081665039,"Um grupo de pessoas em pé em uma linha de conversação, em uma fila de espera, colocam-se em uma fila de pessoas em pé."
13,1,pessoa1,Triste,53.04187774658203,"Um grupo de pessoas em pé em uma linha de conversação, em uma fila de espera, colocam-se em uma fila de pessoas em pé."
13,2,pessoa2,Triste,90.24259185791016,"Um grupo de pessoas em pé em uma linha de conversação, em uma fila de espera, colocam-se em uma fila de pessoas em pé."
13,3,pessoa3,Neutro,99.1087646484375,"Um grupo de pessoas em pé em uma linha de conversação, em uma fila de espera, colocam-se em uma fila de pessoas em pé."
14,1,pessoa1,Neutro,96.60594940185547,"Um grupo de pessoas em pé em uma linha de conversação, em uma fila de espera, colocam-se em uma fila de pessoas em pé."
14,2,pessoa2,Triste,79.23534393310547,"Um grupo de pessoas em pé em uma linha de conversação, em uma fila de espera, colocam-se em uma fila de pessoas em pé."
14,3,pessoa3,Neutro,93.74919891357422,"Um grupo de pessoas em pé em uma linha de conversação, em uma fila de espera, colocam-se em uma fila de pessoas em pé."
15,1,pessoa1,Neutro,95.62371826171875,"Um grupo de pessoas em pé em uma linha de conversação, em uma fila de espera, colocam-se em uma fila de pessoas em pé."
15,2,pessoa2,Medo,85.3670883178711,"Um grupo de pessoas em pé em uma linha de conversação, em uma fila de espera, colocam-se em uma fila de pessoas em pé."
15,3,pessoa3,Raiva,66.28174591064453,"Um grupo de pessoas em pé em uma linha de conversação, em uma fila de espera, colocam-se em uma fila de pessoas em pé."
16,1,pessoa1,Neutro,74.10324096679688,"Um grupo de pessoas em pé em uma linha de conversação, em uma fila de espera, colocam-se em uma fila de pessoas em pé."
16,3,pessoa3,Raiva,49.108516693115234,"Um grupo de pessoas em pé em uma linha de conversação, em uma fila de espera, colocam-se em uma fila de pessoas em pé."
16,2,pessoa2,Neutro,88.80014038085938,"Um grupo de pessoas em pé em uma linha de conversação, em uma fila de espera, colocam-se em uma fila de pessoas em pé."
16,4,pessoa4,Triste,71.3246841430664,"Um grupo de pessoas em pé em uma linha de conversação, em uma fila de espera, colocam-se em uma fila de pessoas em pé."
17,1,pessoa1,Triste,51.46482467651367,"Um grupo de pessoas em pé em uma linha de conversação, em uma fila de espera, colocam-se em uma fila de pessoas em pé."
17,3,pessoa3,Raiva,83.95890808105469,"Um grupo de pessoas em pé em uma linha de conversação, em uma fila de espera, colocam-se em uma fila de pessoas em pé."
17,2,pessoa2,Triste,57.51361846923828,"Um grupo de pessoas em pé em uma linha de conversação, em uma fila de espera, colocam-se em uma fila de pessoas em pé."
17,4,pessoa4,Triste,64.18328857421875,"Um grupo de pessoas em pé em uma linha de conversação, em uma fila de espera, colocam-se em uma fila de pessoas em pé."
18,1,pessoa1,Neutro,41.86545181274414,"Um grupo de pessoas em pé em uma linha de conversação, em uma fila de espera, colocam-se em uma fila de pessoas em pé."
18,2,pessoa2,Medo,60.831993103027344,"Um grupo de pessoas em pé em uma linha de conversação, em uma fila de espera, colocam-se em uma fila de pessoas em pé."
18,3,pessoa3,Neutro,55.58236312866211,"Um grupo de pessoas em pé em uma linha de conversação, em uma fila de espera, colocam-se em uma fila de pessoas em pé."
18,4,pessoa4,Triste,67.48088836669922,"Um grupo de pessoas em pé em uma linha de conversação, em uma fila de espera, colocam-se em uma fila de pessoas em pé."
19,1,pessoa1,Triste,64.77552032470703,"Um grupo de pessoas em pé em uma linha de conversação, em uma fila de espera, colocam-se em uma fila de pessoas em pé."
19,2,pessoa2,Triste,73.14568328857422,"Um grupo de pessoas em pé em uma linha de conversação, em uma fila de espera, colocam-se em uma fila de pessoas em pé."
19,3,pessoa3,Neutro,66.89912414550781,"Um grupo de pessoas em pé em uma linha de conversação, em uma fila de espera, colocam-se em uma fila de pessoas em pé."
19,4,pessoa4,Medo,53.680484771728516,"Um grupo de pessoas em pé em uma linha de conversação, em uma fila de espera, colocam-se em uma fila de pessoas em pé."
20,1,pessoa1,Neutro,60.27512741088867,"Um grupo de pessoas em pé em uma linha de conversação, em uma fila de espera, colocam-se em uma fila de pessoas em pé."
20,2,pessoa2,Neutro,93.92692565917969,"Um grupo de pessoas em pé em uma linha de conversação, em uma fila de espera, colocam-se em uma fila de pessoas em pé."
20,4,pessoa4,Triste,60.8878288269043,"Um grupo de pessoas em pé em uma linha de conversação, em uma fila de espera, colocam-se em uma fila de pessoas em pé."
20,3,pessoa3,Triste,89.6219482421875,"Um grupo de pessoas em pé em uma linha de conversação, em uma fila de espera, colocam-se em uma fila de pessoas em pé."
21,1,pessoa1,Neutro,97.29981231689453,"Um grupo de pessoas em pé em uma linha de conversação, em uma fila de espera, colocam-se em uma fila de pessoas em pé."
21,2,pessoa2,Neutro,78.39988708496094,"Um grupo de pessoas em pé em uma linha de conversação, em uma fila de espera, colocam-se em uma fila de pessoas em pé."
21,3,pessoa3,Triste,70.42588806152344,"Um grupo de pessoas em pé em uma linha de conversação, em uma fila de espera, colocam-se em uma fila de pessoas em pé."
21,4,pessoa4,Triste,65.98997497558594,"Um grupo de pessoas em pé em uma linha de conversação, em uma fila de espera, colocam-se em uma fila de pessoas em pé."
22,1,pessoa1,Neutro,88.38483428955078,"Um grupo de pessoas em pé em uma linha de conversação, em uma fila de espera, colocam-se em uma fila de pessoas em pé."
22,2,pessoa2,Neutro,68.98619842529297,"Um grupo de pessoas em pé em uma linha de conversação, em uma fila de espera, colocam-se em uma fila de pessoas em pé."
22,3,pessoa3,Neutro,74.88428497314453,"Um grupo de pessoas em pé em uma linha de conversação, em uma fila de espera, colocam-se em uma fila de pessoas em pé."
22,4,pessoa4,Triste,87.20437622070312,"Um grupo de pessoas em pé em uma linha de conversação, em uma fila de espera, colocam-se em uma fila de pessoas em pé."
23,1,pessoa1,Neutro,95.0166244506836,Um grupo de pessoas em pé em uma linha com seus telefones celulares está em pé.
23,2,pessoa2,Medo,88.48362731933594,Um grupo de pessoas em pé em uma linha com seus telefones celulares está em pé.
23,3,pessoa3,Medo,79.6291275024414,Um grupo de pessoas em pé em uma linha com seus telefones celulares está em pé.
24,1,pessoa1,Neutro,88.41661834716797,Um grupo de pessoas em pé em uma linha com seus telefones celulares está em pé.
24,2,pessoa2,Neutro,68.70935821533203,Um grupo de pessoas em pé em uma linha com seus telefones celulares está em pé.
24,3,pessoa3,Medo,90.99186706542969,Um grupo de pessoas em pé em uma linha com seus telefones celulares está em pé.
25,1,pessoa1,Neutro,89.37622833251953,Um grupo de pessoas em pé em uma linha com seus telefones celulares está em pé.
25,2,pessoa2,Neutro,67.88601684570312,Um grupo de pessoas em pé em uma linha com seus telefones celulares está em pé.
25,3,pessoa3,Medo,90.99544525146484,Um grupo de pessoas em pé em uma linha com seus telefones celulares está em pé.
26,1,pessoa1,Neutro,99.31716918945312,"Um grupo de pessoas em pé em uma linha com uma célula, em pé, tem uma linha de pessoas em pé com uma célula."
26,2,pessoa2,Neutro,96.32975769042969,"Um grupo de pessoas em pé em uma linha com uma célula, em pé, tem uma linha de pessoas em pé com uma célula."
26,3,pessoa3,Raiva,60.61005401611328,"Um grupo de pessoas em pé em uma linha com uma célula, em pé, tem uma linha de pessoas em pé com uma célula."
27,1,pessoa1,Neutro,98.73664093017578,Um grupo de pessoas em pé em uma linha com seus telefones celulares está em pé.
27,2,pessoa2,Neutro,52.29585647583008,Um grupo de pessoas em pé em uma linha com seus telefones celulares está em pé.
27,3,pessoa3,Raiva,84.14957427978516,Um grupo de pessoas em pé em uma linha com seus telefones celulares está em pé.
28,1,pessoa1,Neutro,87.61123657226562,"Um grupo de pessoas em pé em uma linha com uma célula, em pé, tem uma linha de pessoas em pé com uma célula."
28,2,pessoa2,Triste,79.71696472167969,"Um grupo de pessoas em pé em uma linha com uma célula, em pé, tem uma linha de pessoas em pé com uma célula."
28,3,pessoa3,Raiva,57.56334686279297,"Um grupo de pessoas em pé em uma linha com uma célula, em pé, tem uma linha de pessoas em pé com uma célula."
29,1,pessoa1,Triste,54.271148681640625,"Um grupo de pessoas em pé em uma linha de conversação, em uma fila de espera, colocam-se em uma fila de pessoas em pé."
29,2,pessoa2,Neutro,75.97450256347656,"Um grupo de pessoas em pé em uma linha de conversação, em uma fila de espera, colocam-se em uma fila de pessoas em pé."
29,3,pessoa3,Raiva,99.18350982666016,"Um grupo de pessoas em pé em uma linha de conversação, em uma fila de espera, colocam-se em uma fila de pessoas em pé."
30,1,pessoa1,Neutro,90.74146270751953,"Um grupo de pessoas em pé em uma linha de conversação, em uma fila de espera, colocam-se em uma fila de pessoas em pé."
30,2,pessoa2,Neutro,79.56988525390625,"Um grupo de pessoas em pé em uma linha de conversação, em uma fila de espera, colocam-se em uma fila de pessoas em pé."
30,3,pessoa3,Raiva,99.6480712890625,"Um grupo de pessoas em pé em uma linha de conversação, em uma fila de espera, colocam-se em uma fila de pessoas em pé."
30,4,pessoa4,Medo,73.11931610107422,"Um grupo de pessoas em pé em uma linha de conversação, em uma fila de espera, colocam-se em uma fila de pessoas em pé."
31,1,pessoa1,Neutro,91.134033203125,"Um grupo de pessoas em pé em uma linha de conversação, em uma fila de espera, colocam-se em uma fila de pessoas em pé."
31,2,pessoa2,Neutro,62.13349151611328,"Um grupo de pessoas em pé em uma linha de conversação, em uma fila de espera, colocam-se em uma fila de pessoas em pé."
31,3,pessoa3,Raiva,99.62347412109375,"Um grupo de pessoas em pé em uma linha de conversação, em uma fila de espera, colocam-se em uma fila de pessoas em pé."
31,4,pessoa4,Medo,78.09944152832031,"Um grupo de pessoas em pé em uma linha de conversação, em uma fila de espera, colocam-se em uma fila de pessoas em pé."
32,1,pessoa1,Neutro,82.95921325683594,"Um grupo de pessoas em pé em uma linha com uma célula, em pé, tem uma linha de pessoas em pé com uma célula."
32,2,pessoa2,Neutro,95.89302062988281,"Um grupo de pessoas em pé em uma linha com uma célula, em pé, tem uma linha de pessoas em pé com uma célula."
32,3,pessoa3,Raiva,98.9115219116211,"Um grupo de pessoas em pé em uma linha com uma célula, em pé, tem uma linha de pessoas em pé com uma célula."
32,4,pessoa4,Triste,96.00518798828125,"Um grupo de pessoas em pé em uma linha com uma célula, em pé, tem uma linha de pessoas em pé com uma célula."
33,1,pessoa1,Neutro,70.17957305908203,"Um grupo de pessoas em pé em uma linha com uma célula, em pé, tem uma linha de pessoas em pé com uma célula."
33,2,pessoa2,Neutro,96.80850219726562,"Um grupo de pessoas em pé em uma linha com uma célula, em pé, tem uma linha de pessoas em pé com uma célula."
33,3,pessoa3,Raiva,86.62236785888672,"Um grupo de pessoas em pé em uma linha com uma célula, em pé, tem uma linha de pessoas em pé com uma célula."
33,4,pessoa4,Triste,99.13307189941406,"Um grupo de pessoas em pé em uma linha com uma célula, em pé, tem uma linha de pessoas em pé com uma célula."
34,1,pessoa1,Neutro,80.45552062988281,"Um grupo de pessoas em pé em uma linha com uma célula, em pé, tem uma linha de pessoas em pé com uma célula."
34,2,pessoa2,Triste,67.57148742675781,"Um grupo de pessoas em pé em uma linha com uma célula, em pé, tem uma linha de pessoas em pé com uma célula."
34,4,pessoa4,Triste,94.97286224365234,"Um grupo de pessoas em pé em uma linha com uma célula, em pé, tem uma linha de pessoas em pé com uma célula."
34,3,pessoa3,Raiva,59.66604995727539,"Um grupo de pessoas em pé em uma linha com uma célula, em pé, tem uma linha de pessoas em pé com uma célula."
35,1,pessoa1,Neutro,87.53569793701172,"Um grupo de pessoas em pé em uma linha com uma célula, em pé, tem uma linha de pessoas em pé com uma célula."
35,2,pessoa2,Medo,62.533443450927734,"Um grupo de pessoas em pé em uma linha com uma célula, em pé, tem uma linha de pessoas em pé com uma célula."
35,3,pessoa3,Raiva,77.52396392822266,"Um grupo de pessoas em pé em uma linha com uma célula, em pé, tem uma linha de pessoas em pé com uma célula."
35,4,pessoa4,Triste,51.470542907714844,"Um grupo de pessoas em pé em uma linha com uma célula, em pé, tem uma linha de pessoas em pé com uma célula."
36,1,pessoa1,Neutro,86.72688293457031,"Um grupo de pessoas em pé em uma linha com uma célula, em pé, tem uma linha de pessoas em pé com uma célula."
36,2,pessoa2,Medo,90.00808715820312,"Um grupo de pessoas em pé em uma linha com uma célula, em pé, tem uma linha de pessoas em pé com uma célula."
36,4,pessoa4,Triste,57.27583694458008,"Um grupo de pessoas em pé em uma linha com uma célula, em pé, tem uma linha de pessoas em pé com uma célula."
36,3,pessoa3,Raiva,95.81244659423828,"Um grupo de pessoas em pé em uma linha com uma célula, em pé, tem uma linha de pessoas em pé com uma célula."
37,1,pessoa1,Neutro,84.71234130859375,"Um grupo de pessoas em pé em uma linha com uma célula, em pé, tem uma linha de pessoas em pé com uma célula."
37,2,pessoa2,Neutro,53.12669372558594,"Um grupo de pessoas em pé em uma linha com uma célula, em pé, tem uma linha de pessoas em pé com uma célula."
37,4,pessoa4,Triste,77.62195587158203,"Um grupo de pessoas em pé em uma linha com uma célula, em pé, tem uma linha de pessoas em pé com uma célula."
37,3,pessoa3,Raiva,95.79496765136719,"Um grupo de pessoas em pé em uma linha com uma célula, em pé, tem uma linha de pessoas em pé com uma célula."
38,1,pessoa1,Neutro,85.88351440429688,Um grupo de pessoas em pé em uma linha com seus telefones celulares está em pé.
38,2,pessoa2,Neutro,89.14496612548828,Um grupo de pessoas em pé em uma linha com seus telefones celulares está em pé.
38,3,pessoa3,Surpreso,96.02800750732422,Um grupo de pessoas em pé em uma linha com seus telefones celulares está em pé.
38,4,pessoa4,Triste,94.07923889160156,Um grupo de pessoas em pé em uma linha com seus telefones celulares está em pé.
39,1,pessoa1,Neutro,72.34188079833984,"Um grupo de pessoas em pé em uma linha com uma célula, em pé, tem uma linha de pessoas em pé com uma célula."
39,2,pessoa2,Neutro,93.65322875976562,"Um grupo de pessoas em pé em uma linha com uma célula, em pé, tem uma linha de pessoas em pé com uma célula."
39,4,pessoa4,Triste,85.4749526977539,"Um grupo de pessoas em pé em uma linha com uma célula, em pé, tem uma linha de pessoas em pé com uma célula."
39,3,pessoa3,Raiva,99.97965240478516,"Um grupo de pessoas em pé em uma linha com uma célula, em pé, tem uma linha de pessoas em pé com uma célula."
40,1,pessoa1,Neutro,91.63461303710938,"Um grupo de pessoas em pé em uma linha com uma célula, em pé, tem uma linha de pessoas em pé com uma célula."
40,2,pessoa2,Triste,59.3365592956543,"Um grupo de pessoas em pé em uma linha com uma célula, em pé, tem uma linha de pessoas em pé com uma célula."
40,4,pessoa4,Triste,55.55506896972656,"Um grupo de pessoas em pé em uma linha com uma célula, em pé, tem uma linha de pessoas em pé com uma célula."
40,3,pessoa3,Raiva,99.99838256835938,"Um grupo de pessoas em pé em uma linha com uma célula, em pé, tem uma linha de pessoas em pé com uma célula."
41,1,pessoa1,Triste,44.47602844238281,Um grupo de pessoas em pé em uma linha com seus telefones celulares está em pé.
41,2,pessoa2,Neutro,65.14193725585938,Um grupo de pessoas em pé em uma linha com seus telefones celulares está em pé.
41,3,pessoa3,Raiva,99.97711944580078,Um grupo de pessoas em pé em uma linha com seus telefones celulares está em pé.
41,4,pessoa4,Triste,97.72402954101562,Um grupo de pessoas em pé em uma linha com seus telefones celulares está em pé.
42,1,pessoa1,Neutro,90.12322998046875,"Um grupo de pessoas em pé em uma linha com uma célula, em pé, tem uma linha de pessoas em pé com uma célula."
42,2,pessoa2,Triste,98.4289321899414,"Um grupo de pessoas em pé em uma linha com uma célula, em pé, tem uma linha de pessoas em pé com uma célula."
42,3,pessoa3,Raiva,99.98798370361328,"Um grupo de pessoas em pé em uma linha com uma célula, em pé, tem uma linha de pessoas em pé com uma célula."
43,1,pessoa1,Neutro,90.30934143066406,Um grupo de pessoas em pé em uma linha com seus telefones celulares está em pé.
43,2,pessoa2,Triste,99.62870025634766,Um grupo de pessoas em pé em uma linha com seus telefones celulares está em pé.
43,3,pessoa3,Raiva,99.98777770996094,Um grupo de pessoas em pé em uma linha com seus telefones celulares está em pé.
44,1,pessoa1,Neutro,94.5523452758789,"Um grupo de pessoas em pé em uma linha com uma célula, em pé, tem uma linha de pessoas em pé com uma célula."
44,2,pessoa2,Triste,98.28343200683594,"Um grupo de pessoas em pé em uma linha com uma célula, em pé, tem uma linha de pessoas em pé com uma célula."
44,3,pessoa3,Raiva,99.9955825805664,"Um grupo de pessoas em pé em uma linha com uma célula, em pé, tem uma linha de pessoas em pé com uma célula."
44,4,pessoa4,Triste,98.08077239990234,"Um grupo de pessoas em pé em uma linha com uma célula, em pé, tem uma linha de pessoas em pé com uma célula."
45,1,pessoa1,Neutro,66.29485321044922,Um grupo de pessoas em pé em uma linha com seus telefones celulares está em pé.
45,2,pessoa2,Triste,96.65176391601562,Um grupo de pessoas em pé em uma linha com seus telefones celulares está em pé.
45,3,pessoa3,Raiva,99.92332458496094,Um grupo de pessoas em pé em uma linha com seus telefones celulares está em pé.
46,1,pessoa1,Triste,40.10803985595703,"Um grupo de pessoas em pé em uma linha com uma célula, em pé, tem uma linha de pessoas em pé com uma célula."
46,2,pessoa2,Triste,98.86144256591797,"Um grupo de pessoas em pé em uma linha com uma célula, em pé, tem uma linha de pessoas em pé com uma célula."
46,3,pessoa3,Raiva,99.989013671875,"Um grupo de pessoas em pé em uma linha com uma célula, em pé, tem uma linha de pessoas em pé com uma célula."
47,1,pessoa1,Triste,66.82811737060547,"Um grupo de pessoas em pé em uma linha com uma célula, em pé, tem uma linha de pessoas em pé com uma célula."
47,2,pessoa2,Triste,73.84380340576172,"Um grupo de pessoas em pé em uma linha com uma célula, em pé, tem uma linha de pessoas em pé com uma célula."
47,3,pessoa3,Surpreso,98.09661865234375,"Um grupo de pessoas em pé em uma linha com uma célula, em pé, tem uma linha de pessoas em pé com uma célula."
48,1,pessoa1,Triste,56.450862884521484,"Um grupo de pessoas em pé em uma linha com uma célula, em pé, tem uma linha de pessoas em pé com uma célula."
48,2,pessoa2,Neutro,78.4792709350586,"Um grupo de pessoas em pé em uma linha com uma célula, em pé, tem uma linha de pessoas em pé com uma célula."
49,1,pessoa1,Triste,63.18442153930664,"Um grupo de pessoas em pé em uma linha com uma célula, em pé, tem uma linha de pessoas em pé com uma célula."
49,2,pessoa2,Neutro,68.45574188232422,"Um grupo de pessoas em pé em uma linha com uma célula, em pé, tem uma linha de pessoas em pé com uma célula."
50,1,pessoa1,Neutro,85.2496337890625,Um grupo de pessoas em pé em uma linha com um laptop está em pé.
50,2,pessoa2,Triste,94.80501556396484,Um grupo de pessoas em pé em uma linha com um laptop está em pé.
50,3,pessoa3,Surpreso,97.9586410522461,Um grupo de pessoas em pé em uma linha com um laptop está em pé.
51,1,pessoa1,Neutro,72.2783432006836,Um grupo de pessoas em pé em uma linha com seus telefones celulares está em pé.
51,2,pessoa2,Triste,56.881778717041016,Um grupo de pessoas em pé em uma linha com seus telefones celulares está em pé.
51,3,pessoa3,Surpreso,97.60552978515625,Um grupo de pessoas em pé em uma linha com seus telefones celulares está em pé.
52,1,pessoa1,Neutro,71.10099029541016,"Um grupo de pessoas em pé em uma linha com uma célula, em pé, tem uma linha de pessoas em pé com uma célula."
52,2,pessoa2,Triste,85.14373779296875,"Um grupo de pessoas em pé em uma linha com uma célula, em pé, tem uma linha de pessoas em pé com uma célula."
52,3,pessoa3,Raiva,97.19271087646484,"Um grupo de pessoas em pé em uma linha com uma célula, em pé, tem uma linha de pessoas em pé com uma célula."
53,1,pessoa1,Neutro,75.9018783569336,"Um grupo de pessoas em pé em uma linha com uma célula, em pé, tem uma linha de pessoas em pé com uma célula."
53,2,pessoa2,Triste,67.44966125488281,"Um grupo de pessoas em pé em uma linha com uma célula, em pé, tem uma linha de pessoas em pé com uma célula."
53,3,pessoa3,Raiva,99.7416000366211,"Um grupo de pessoas em pé em uma linha com uma célula, em pé, tem uma linha de pessoas em pé com uma célula."
54,1,pessoa1,Triste,53.332584381103516,"Um grupo de pessoas em pé em uma linha com uma célula, em pé, tem uma linha de pessoas em pé com uma célula."
54,2,pessoa2,Neutro,59.364540100097656,"Um grupo de pessoas em pé em uma linha com uma célula, em pé, tem uma linha de pessoas em pé com uma célula."
54,3,pessoa3,Raiva,72.67286682128906,"Um grupo de pessoas em pé em uma linha com uma célula, em pé, tem uma linha de pessoas em pé com uma célula."
55,1,pessoa1,Triste,64.07648468017578,"Um grupo de pessoas em pé em uma linha com uma célula, em pé, tem uma linha de pessoas em pé com uma célula."
55,2,pessoa2,Neutro,56.313472747802734,"Um grupo de pessoas em pé em uma linha com uma célula, em pé, tem uma linha de pessoas em pé com uma célula."
55,3,pessoa3,Raiva,89.84703063964844,"Um grupo de pessoas em pé em uma linha com uma célula, em pé, tem uma linha de pessoas em pé com uma célula."
56,1,pessoa1,Neutro,71.26787567138672,"Um grupo de pessoas em pé em uma linha com uma célula, em pé, tem uma linha de pessoas em pé com uma célula."
56,2,pessoa2,Neutro,62.804500579833984,"Um grupo de pessoas em pé em uma linha com uma célula, em pé, tem uma linha de pessoas em pé com uma célula."
56,3,pessoa3,Raiva,99.32242584228516,"Um grupo de pessoas em pé em uma linha com uma célula, em pé, tem uma linha de pessoas em pé com uma célula."
57,1,pessoa1,Triste,67.66148376464844,"Um grupo de pessoas em pé em uma linha com uma célula, em pé, tem uma linha de pessoas em pé com uma célula."
57,2,pessoa2,Medo,81.24984741210938,"Um grupo de pessoas em pé em uma linha com uma célula, em pé, tem uma linha de pessoas em pé com uma célula."
57,3,pessoa3,Raiva,97.51345825195312,"Um grupo de pessoas em pé em uma linha com uma célula, em pé, tem uma linha de pessoas em pé com uma célula."
58,1,pessoa1,Neutro,69.4168472290039,"Um grupo de pessoas em pé em uma linha com uma célula, em pé, tem uma linha de pessoas em pé com uma célula."
58,2,pessoa2,Triste,57.5875244140625,"Um grupo de pessoas em pé em uma linha com uma célula, em pé, tem uma linha de pessoas em pé com uma célula."
58,3,pessoa3,Raiva,72.83203125,"Um grupo de pessoas em pé em uma linha com uma célula, em pé, tem uma linha de pessoas em pé com uma célula."
59,1,pessoa1,Triste,50.022666931152344,Um grupo de pessoas em pé em uma linha com papéis.
59,2,pessoa2,Neutro,89.38182067871094,Um grupo de pessoas em pé em uma linha com papéis.
59,3,pessoa3,Raiva,95.03300476074219,Um grupo de pessoas em pé em uma linha com papéis.
60,1,pessoa1,Neutro,75.18817138671875,Um grupo de pessoas em pé em uma linha com papéis.
60,2,pessoa2,Neutro,96.85999298095703,Um grupo de pessoas em pé em uma linha com papéis.
60,3,pessoa3,Alegre,44.595027923583984,Um grupo de pessoas em pé em uma linha com papéis.
61,1,pessoa1,Neutro,75.14844512939453,Um grupo de pessoas em pé em uma linha com papéis.
61,2,pessoa2,Neutro,98.0712890625,Um grupo de pessoas em pé em uma linha com papéis.
61,3,pessoa3,Alegre,44.54475784301758,Um grupo de pessoas em pé em uma linha com papéis.
62,1,pessoa1,Neutro,85.3336181640625,Um grupo de pessoas em pé em uma linha com papéis.
62,2,pessoa2,Neutro,83.19690704345703,Um grupo de pessoas em pé em uma linha com papéis.
62,3,pessoa3,Raiva,92.2174072265625,Um grupo de pessoas em pé em uma linha com papéis.
62,4,pessoa4,Triste,99.32817077636719,Um grupo de pessoas em pé em uma linha com papéis.
63,1,pessoa1,Neutro,96.43138122558594,"Um grupo de pessoas em pé em uma sala com papéis, em uma sala com papéis, ficou em pé em uma sala com papéis."
63,2,pessoa2,Neutro,55.96276092529297,"Um grupo de pessoas em pé em uma sala com papéis, em uma sala com papéis, ficou em pé em uma sala com papéis."
63,3,pessoa3,Nojo,68.35714721679688,"Um grupo de pessoas em pé em uma sala com papéis, em uma sala com papéis, ficou em pé em uma sala com papéis."
63,4,pessoa4,Triste,99.55209350585938,"Um grupo de pessoas em pé em uma sala com papéis, em uma sala com papéis, ficou em pé em uma sala com papéis."
64,1,pessoa1,Neutro,92.2072982788086,Um grupo de pessoas em pé em uma linha com papéis.
64,2,pessoa2,Medo,77.1736068725586,Um grupo de pessoas em pé em uma linha com papéis.
64,4,pessoa4,Triste,72.69316101074219,Um grupo de pessoas em pé em uma linha com papéis.
64,3,pessoa3,Raiva,98.55464172363281,Um grupo de pessoas em pé em uma linha com papéis.
65,1,pessoa1,Neutro,99.59478759765625,"Um grupo de pessoas em pé em uma linha com uma célula, em pé, tem uma linha de pessoas em pé com uma célula."
65,2,pessoa2,Medo,90.44181823730469,"Um grupo de pessoas em pé em uma linha com uma célula, em pé, tem uma linha de pessoas em pé com uma célula."
66,1,pessoa1,Neutro,59.55348205566406,"Um grupo de pessoas em pé em uma linha com um tablet, em pé, tem uma posição de um grupo de pessoas em pé numa linha com um tablet."
66,2,pessoa2,Neutro,99.14959716796875,"Um grupo de pessoas em pé em uma linha com um tablet, em pé, tem uma posição de um grupo de pessoas em pé numa linha com um tablet."
66,4,pessoa4,Triste,93.01856994628906,"Um grupo de pessoas em pé em uma linha com um tablet, em pé, tem uma posição de um grupo de pessoas em pé numa linha com um tablet."
67,1,pessoa1,Neutro,90.44219207763672,"Um grupo de pessoas em pé em uma linha com um tablet, em pé, tem uma posição de um grupo de pessoas em pé numa linha com um tablet."
67,2,pessoa2,Neutro,99.08356475830078,"Um grupo de pessoas em pé em uma linha com um tablet, em pé, tem uma posição de um grupo de pessoas em pé numa linha com um tablet."
67,4,pessoa4,Triste,93.00819396972656,"Um grupo de pessoas em pé em uma linha com um tablet, em pé, tem uma posição de um grupo de pessoas em pé numa linha com um tablet."
68,1,pessoa1,Neutro,61.789337158203125,Um grupo de pessoas em pé em uma linha com papéis.
68,2,pessoa2,Triste,55.25774383544922,Um grupo de pessoas em pé em uma linha com papéis.
68,3,pessoa3,Alegre,37.37358093261719,Um grupo de pessoas em pé em uma linha com papéis.
69,1,pessoa1,Neutro,61.8151969909668,Um grupo de pessoas em pé em uma linha com papéis.
69,2,pessoa2,Neutro,92.3316650390625,Um grupo de pessoas em pé em uma linha com papéis.
69,3,pessoa3,Raiva,97.63717651367188,Um grupo de pessoas em pé em uma linha com papéis.
70,2,pessoa2,Triste,90.48591613769531,Um grupo de pessoas em pé em uma linha com papéis.
70,1,pessoa1,Neutro,51.508384704589844,Um grupo de pessoas em pé em uma linha com papéis.
71,1,pessoa1,Neutro,68.2907485961914,Um grupo de pessoas em pé em uma linha com papéis.
71,2,pessoa2,Triste,93.47531127929688,Um grupo de pessoas em pé em uma linha com papéis.
71,3,pessoa3,Triste,68.92464447021484,Um grupo de pessoas em pé em uma linha com papéis.
72,1,pessoa1,Neutro,87.80764770507812,Um grupo de pessoas em pé em uma linha com papéis.
72,2,pessoa2,Triste,90.010498046875,Um grupo de pessoas em pé em uma linha com papéis.
73,1,pessoa1,Neutro,83.5672836303711,Um grupo de pessoas em pé em uma linha com papéis.
73,2,pessoa2,Triste,74.68883514404297,Um grupo de pessoas em pé em uma linha com papéis.
74,1,pessoa1,Neutro,98.97083282470703,"Um grupo de pessoas em pé numa linha olhando para um comprimido, em uma fila, olhando para uma fila."
74,2,pessoa2,Triste,89.11711120605469,"Um grupo de pessoas em pé numa linha olhando para um comprimido, em uma fila, olhando para uma fila."
75,1,pessoa1,Neutro,99.02275848388672,"Um grupo de pessoas em pé numa linha olhando para os seus telefones, em uma fila de pessoas em pé, em uma linha, olhando para os seus telefones."
75,2,pessoa2,Triste,89.60556030273438,"Um grupo de pessoas em pé numa linha olhando para os seus telefones, em uma fila de pessoas em pé, em uma linha, olhando para os seus telefones."
76,1,pessoa1,Neutro,92.98482513427734,"Um grupo de pessoas em pé numa linha olhando para os seus telefones, em uma fila de pessoas em pé, em uma linha, olhando para os seus telefones."
76,2,pessoa2,Triste,98.15766143798828,"Um grupo de pessoas em pé numa linha olhando para os seus telefones, em uma fila de pessoas em pé, em uma linha, olhando para os seus telefones."
77,1,pessoa1,Neutro,96.47564697265625,"Um grupo de pessoas em pé numa linha olhando para um comprimido, em uma fila, olhando para uma fila."
77,2,pessoa2,Triste,98.68988800048828,"Um grupo de pessoas em pé numa linha olhando para um comprimido, em uma fila, olhando para uma fila."
77,4,pessoa4,Triste,93.6648178100586,"Um grupo de pessoas em pé numa linha olhando para um comprimido, em uma fila, olhando para uma fila."
78,1,pessoa1,Neutro,99.19631958007812,Um grupo de pessoas em pé em uma linha com papéis.
78,2,pessoa2,Triste,75.09203338623047,Um grupo de pessoas em pé em uma linha com papéis.
79,1,pessoa1,Neutro,99.17095184326172,Um grupo de pessoas em pé em uma linha com papéis.
79,2,pessoa2,Triste,78.2866439819336,Um grupo de pessoas em pé em uma linha com papéis.
80,1,pessoa1,Neutro,99.3663101196289,Um grupo de pessoas em pé em uma linha com papéis.
80,2,pessoa2,Triste,99.60562896728516,Um grupo de pessoas em pé em uma linha com papéis.
80,3,pessoa3,Alegre,94.65184020996094,Um grupo de pessoas em pé em uma linha com papéis.
81,1,pessoa1,Neutro,72.46124267578125,Um grupo de pessoas em pé em uma linha com papéis.
81,2,pessoa2,Triste,98.7435073852539,Um grupo de pessoas em pé em uma linha com papéis.
81,4,pessoa4,Triste,98.40983581542969,Um grupo de pessoas em pé em uma linha com papéis.
82,1,pessoa1,Neutro,58.955562591552734,Um grupo de pessoas em pé em uma linha com papéis.
82,2,pessoa2,Triste,87.38607788085938,Um grupo de pessoas em pé em uma linha com papéis.
83,1,pessoa1,Neutro,91.63211822509766,Um grupo de pessoas em pé em uma linha com papéis.
83,2,pessoa2,Triste,99.68856811523438,Um grupo de pessoas em pé em uma linha com papéis.
84,1,pessoa1,Neutro,92.59036254882812,Um grupo de pessoas em pé em uma linha com seus telefones.
84,2,pessoa2,Triste,96.07257843017578,Um grupo de pessoas em pé em uma linha com seus telefones.
84,4,pessoa4,Triste,91.68717193603516,Um grupo de pessoas em pé em uma linha com seus telefones.
85,1,pessoa1,Neutro,99.07999420166016,Um grupo de pessoas em pé em uma linha com seus telefones.
85,2,pessoa2,Triste,96.9112548828125,Um grupo de pessoas em pé em uma linha com seus telefones.
85,4,pessoa4,Triste,89.15496063232422,Um grupo de pessoas em pé em uma linha com seus telefones.
86,1,pessoa1,Neutro,96.21527862548828,Um grupo de pessoas em pé em uma linha com papéis.
86,2,pessoa2,Triste,99.53195190429688,Um grupo de pessoas em pé em uma linha com papéis.
87,1,pessoa1,Neutro,95.4092788696289,Um grupo de pessoas em pé em uma linha com papéis.
87,2,pessoa2,Triste,99.62678527832031,Um grupo de pessoas em pé em uma linha com papéis.
88,1,pessoa1,Neutro,94.80082702636719,Um grupo de pessoas em pé em uma linha com papéis.
88,2,pessoa2,Alegre,44.977027893066406,Um grupo de pessoas em pé em uma linha com papéis.
88,4,pessoa4,Triste,99.63402557373047,Um grupo de pessoas em pé em uma linha com papéis.
89,1,pessoa1,Neutro,80.92878723144531,"Um grupo de pessoas sentadas em uma sala com papéis, em uma sala com papéis, em uma sala com papéis."
89,4,pessoa4,Triste,99.74602508544922,"Um grupo de pessoas sentadas em uma sala com papéis, em uma sala com papéis, em uma sala com papéis."
89,2,pessoa2,Triste,93.67323303222656,"Um grupo de pessoas sentadas em uma sala com papéis, em uma sala com papéis, em uma sala com papéis."
90,1,pessoa1,Neutro,98.12712860107422,"Um grupo de pessoas sentadas em uma sala com papéis, em uma sala com papéis, em uma sala com papéis."
90,2,pessoa2,Neutro,63.07276916503906,"Um grupo de pessoas sentadas em uma sala com papéis, em uma sala com papéis, em uma sala com papéis."
90,4,pessoa4,Triste,99.28997802734375,"Um grupo de pessoas sentadas em uma sala com papéis, em uma sala com papéis, em uma sala com papéis."
91,1,pessoa1,Neutro,97.62217712402344,"Um grupo de pessoas sentadas em uma sala com papéis, em uma sala com papéis, em uma sala com papéis."
91,2,pessoa2,Neutro,80.35105895996094,"Um grupo de pessoas sentadas em uma sala com papéis, em uma sala com papéis, em uma sala com papéis."
91,4,pessoa4,Triste,99.1939926147461,"Um grupo de pessoas sentadas em uma sala com papéis, em uma sala com papéis, em uma sala com papéis."
92,1,pessoa1,Neutro,97.2703857421875,"Um grupo de pessoas sentados em uma sala, com o olhar para os papéis, sentavam-se em uma sala."
92,4,pessoa4,Triste,92.2211685180664,"Um grupo de pessoas sentados em uma sala, com o olhar para os papéis, sentavam-se em uma sala."
93,1,pessoa1,Neutro,99.56657409667969,"Um grupo de pessoas sentadas em uma sala com papéis, em uma sala com papéis, em uma sala com papéis."
93,4,pessoa4,Triste,94.10887145996094,"Um grupo de pessoas sentadas em uma sala com papéis, em uma sala com papéis, em uma sala com papéis."
93,3,pessoa3,Alegre,99.49263763427734,"Um grupo de pessoas sentadas em uma sala com papéis, em uma sala com papéis, em uma sala com papéis."
94,1,pessoa1,Neutro,84.3866958618164,Um grupo de pessoas em pé em uma linha com papéis.
94,4,pessoa4,Triste,96.6158676147461,Um grupo de pessoas em pé em uma linha com papéis.
94,2,pessoa2,Alegre,71.59381866455078,Um grupo de pessoas em pé em uma linha com papéis.
94,3,pessoa3,Alegre,98.86114501953125,Um grupo de pessoas em pé em uma linha com papéis.
95,1,pessoa1,Neutro,85.17884826660156,"Um grupo de pessoas sentados em uma sala, com o olhar para os papéis, sentavam-se em uma sala."
95,4,pessoa4,Triste,97.06109619140625,"Um grupo de pessoas sentados em uma sala, com o olhar para os papéis, sentavam-se em uma sala."
95,3,pessoa3,Alegre,99.08256530761719,"Um grupo de pessoas sentados em uma sala, com o olhar para os papéis, sentavam-se em uma sala."
95,2,pessoa2,Alegre,95.737548828125,"Um grupo de pessoas sentados em uma sala, com o olhar para os papéis, sentavam-se em uma sala."
96,1,pessoa1,Neutro,89.17532348632812,"Um grupo de pessoas sentadas em uma sala com papéis, em uma sala com papéis, em uma sala com papéis."
96,4,pessoa4,Triste,98.02787017822266,"Um grupo de pessoas sentadas em uma sala com papéis, em uma sala com papéis, em uma sala com papéis."
96,3,pessoa3,Alegre,94.27867126464844,"Um grupo de pessoas sentadas em uma sala com papéis, em uma sala com papéis, em uma sala com papéis."
97,1,pessoa1,Neutro,86.3978042602539,"Um grupo de pessoas sentadas em uma sala com papéis, em uma sala com papéis, em uma sala com papéis."
97,4,pessoa4,Triste,96.83989715576172,"Um grupo de pessoas sentadas em uma sala com papéis, em uma sala com papéis, em uma sala com papéis."
97,3,pessoa3,Alegre,86.18011474609375,"Um grupo de pessoas sentadas em uma sala com papéis, em uma sala com papéis, em uma sala com papéis."
98,4,pessoa4,Triste,94.94375610351562,"Um grupo de pessoas sentadas em uma sala com papéis, em uma sala com papéis, em uma sala com papéis."
98,3,pessoa3,Triste,60.74742126464844,"Um grupo de pessoas sentadas em uma sala com papéis, em uma sala com papéis, em uma sala com papéis."
98,1,pessoa1,Neutro,59.68098449707031,"Um grupo de pessoas sentadas em uma sala com papéis, em uma sala com papéis, em uma sala com papéis."
98,2,pessoa2,Triste,99.50337219238281,"Um grupo de pessoas sentadas em uma sala com papéis, em uma sala com papéis, em uma sala com papéis."
99,1,pessoa1,Neutro,82.33976745605469,"Um grupo de pessoas sentadas em uma sala com papéis, em uma sala com papéis, em uma sala com papéis."
99,3,pessoa3,Neutro,67.73375701904297,"Um grupo de pessoas sentadas em uma sala com papéis, em uma sala com papéis, em uma sala com papéis."
99,4,pessoa4,Triste,90.93394470214844,"Um grupo de pessoas sentadas em uma sala com papéis, em uma sala com papéis, em uma sala com papéis."
100,3,pessoa3,Triste,61.66141128540039,"Um grupo de pessoas sentadas em uma sala com papéis, em uma sala com papéis, em uma sala com papéis."
100,1,pessoa1,Neutro,93.96903228759766,"Um grupo de pessoas sentadas em uma sala com papéis, em uma sala com papéis, em uma sala com papéis."
100,4,pessoa4,Triste,95.4425048828125,"Um grupo de pessoas sentadas em uma sala com papéis, em uma sala com papéis, em uma sala com papéis."
101,3,pessoa3,Triste,65.43708038330078,"Um grupo de pessoas sentadas em uma sala com papéis, em uma sala com papéis, em uma sala com papéis."
101,1,pessoa1,Neutro,67.94449615478516,"Um grupo de pessoas sentadas em uma sala com papéis, em uma sala com papéis, em uma sala com papéis."
101,4,pessoa4,Triste,96.218994140625,"Um grupo de pessoas sentadas em uma sala com papéis, em uma sala com papéis, em uma sala com papéis."
102,1,pessoa1,Neutro,89.72384643554688,Um grupo de pessoas sentadas e olhando para os papéis.
102,3,pessoa3,Neutro,86.56716918945312,Um grupo de pessoas sentadas e olhando para os papéis.
102,4,pessoa4,Triste,94.55015563964844,Um grupo de pessoas sentadas e olhando para os papéis.
103,1,pessoa1,Neutro,91.3756103515625,Um grupo de pessoas sentadas e olhando para os papéis.
103,3,pessoa3,Neutro,85.17701721191406,Um grupo de pessoas sentadas e olhando para os papéis.
103,4,pessoa4,Triste,97.8421630859375,Um grupo de pessoas sentadas e olhando para os papéis.
104,3,pessoa3,Raiva,95.01423645019531,Um grupo de pessoas sentadas e olhando para os papéis.
104,1,pessoa1,Neutro,82.77627563476562,Um grupo de pessoas sentadas e olhando para os papéis.
104,4,pessoa4,Triste,88.34368133544922,Um grupo de pessoas sentadas e olhando para os papéis.
105,3,pessoa3,Raiva,98.93705749511719,"Um grupo de pessoas sentadas em uma sala com papéis, em uma sala com papéis, em uma sala com papéis."
105,1,pessoa1,Neutro,53.215946197509766,"Um grupo de pessoas sentadas em uma sala com papéis, em uma sala com papéis, em uma sala com papéis."
105,2,pessoa2,Triste,63.81833267211914,"Um grupo de pessoas sentadas em uma sala com papéis, em uma sala com papéis, em uma sala com papéis."
105,4,pessoa4,Triste,59.79502487182617,"Um grupo de pessoas sentadas em uma sala com papéis, em uma sala com papéis, em uma sala com papéis."
106,3,pessoa3,Raiva,89.96537780761719,"Um grupo de pessoas sentadas em uma sala com papéis, em uma sala com papéis, em uma sala com papéis."
106,1,pessoa1,Neutro,91.25685119628906,"Um grupo de pessoas sentadas em uma sala com papéis, em uma sala com papéis, em uma sala com papéis."
106,4,pessoa4,Triste,57.71746826171875,"Um grupo de pessoas sentadas em uma sala com papéis, em uma sala com papéis, em uma sala com papéis."
106,2,pessoa2,Triste,85.58024597167969,"Um grupo de pessoas sentadas em uma sala com papéis, em uma sala com papéis, em uma sala com papéis."
107,4,pessoa4,Triste,73.03825378417969,"Um grupo de pessoas sentadas em uma sala com papéis, em uma sala com papéis, em uma sala com papéis."
107,3,pessoa3,Raiva,97.63663482666016,"Um grupo de pessoas sentadas em uma sala com papéis, em uma sala com papéis, em uma sala com papéis."
107,1,pessoa1,Neutro,90.9449462890625,"Um grupo de pessoas sentadas em uma sala com papéis, em uma sala com papéis, em uma sala com papéis."
108,4,pessoa4,Triste,59.41632843017578,"Um grupo de pessoas sentadas em uma sala com papéis, em uma sala com papéis, em uma sala com papéis."
108,1,pessoa1,Neutro,51.36250305175781,"Um grupo de pessoas sentadas em uma sala com papéis, em uma sala com papéis, em uma sala com papéis."
108,3,pessoa3,Raiva,96.22262573242188,"Um grupo de pessoas sentadas em uma sala com papéis, em uma sala com papéis, em uma sala com papéis."
108,2,pessoa2,Alegre,48.54944610595703,"Um grupo de pessoas sentadas em uma sala com papéis, em uma sala com papéis, em uma sala com papéis."
109,4,pessoa4,Triste,55.800079345703125,"Um grupo de pessoas sentadas em uma sala com papéis, em uma sala com papéis, em uma sala com papéis."
109,1,pessoa1,Triste,59.92916488647461,"Um grupo de pessoas sentadas em uma sala com papéis, em uma sala com papéis, em uma sala com papéis."
109,3,pessoa3,Raiva,95.46405029296875,"Um grupo de pessoas sentadas em uma sala com papéis, em uma sala com papéis, em uma sala com papéis."
109,2,pessoa2,Alegre,47.59235382080078,"Um grupo de pessoas sentadas em uma sala com papéis, em uma sala com papéis, em uma sala com papéis."
110,1,pessoa1,Neutro,62.656455993652344,"Um grupo de pessoas sentadas em uma sala com papéis, em uma sala com papéis, em uma sala com papéis."
110,3,pessoa3,Raiva,96.99893951416016,"Um grupo de pessoas sentadas em uma sala com papéis, em uma sala com papéis, em uma sala com papéis."
110,4,pessoa4,Triste,85.04122924804688,"Um grupo de pessoas sentadas em uma sala com papéis, em uma sala com papéis, em uma sala com papéis."
111,4,pessoa4,Triste,92.08843231201172,"Um grupo de pessoas sentadas em uma sala com papéis, em uma sala com papéis, em uma sala com papéis."
111,3,pessoa3,Raiva,87.87577056884766,"Um grupo de pessoas sentadas em uma sala com papéis, em uma sala com papéis, em uma sala com papéis."
111,1,pessoa1,Neutro,97.98753356933594,"Um grupo de pessoas sentadas em uma sala com papéis, em uma sala com papéis, em uma sala com papéis."
112,4,pessoa4,Triste,87.75370025634766,Um grupo de pessoas sentadas em uma sala com um bilhete de notação.
112,3,pessoa3,Raiva,80.40972900390625,Um grupo de pessoas sentadas em uma sala com um bilhete de notação.
112,1,pessoa1,Neutro,99.20355987548828,Um grupo de pessoas sentadas em uma sala com um bilhete de notação.
113,3,pessoa3,Neutro,67.19258880615234,Um grupo de pessoas sentadas em uma sala com um bilhete de notação.
113,4,pessoa4,Triste,93.74789428710938,Um grupo de pessoas sentadas em uma sala com um bilhete de notação.
113,1,pessoa1,Neutro,95.56494140625,Um grupo de pessoas sentadas em uma sala com um bilhete de notação.
114,3,pessoa3,Neutro,54.77724075317383,Um grupo de pessoas sentadas em uma sala com um bilhete de notação.
114,4,pessoa4,Medo,50.673728942871094,Um grupo de pessoas sentadas em uma sala com um bilhete de notação.
115,3,pessoa3,Neutro,62.84653854370117,Um grupo de pessoas sentadas em uma sala com um bilhete de notação.
115,4,pessoa4,Medo,56.7552490234375,Um grupo de pessoas sentadas em uma sala com um bilhete de notação.
116,4,pessoa4,Triste,88.99429321289062,Um grupo de pessoas sentados em uma sala com um homem e uma mulher olhando para os papéis.
116,3,pessoa3,Neutro,88.11678314208984,Um grupo de pessoas sentados em uma sala com um homem e uma mulher olhando para os papéis.
116,1,pessoa1,Neutro,88.42394256591797,Um grupo de pessoas sentados em uma sala com um homem e uma mulher olhando para os papéis.
117,4,pessoa4,Triste,50.874446868896484,"Um grupo de pessoas sentados em uma sala, com o olhar para os telefones, observam os telefones de uma sala."
117,3,pessoa3,Neutro,58.98359680175781,"Um grupo de pessoas sentados em uma sala, com o olhar para os telefones, observam os telefones de uma sala."
118,4,pessoa4,Medo,65.72822570800781,"Um grupo de pessoas sentados em uma sala, com o olhar para os telefones, observam os telefones de uma sala."
118,3,pessoa3,Triste,48.73344421386719,"Um grupo de pessoas sentados em uma sala, com o olhar para os telefones, observam os telefones de uma sala."
119,4,pessoa4,Triste,71.14430236816406,"Um grupo de pessoas sentados em uma sala, com o olhar para os papéis, sentavam-se em uma sala."
119,3,pessoa3,Triste,53.043617248535156,"Um grupo de pessoas sentados em uma sala, com o olhar para os papéis, sentavam-se em uma sala."
120,4,pessoa4,Medo,77.68998718261719,"Um grupo de pessoas sentadas em uma sala com papéis, em uma sala com papéis, em uma sala com papéis."
121,4,pessoa4,Medo,64.33992004394531,"Um grupo de pessoas sentadas em uma sala com papéis, em uma sala com papéis, em uma sala com papéis."
122,4,pessoa4,Triste,82.32135009765625,"Um grupo de pessoas sentadas em uma sala com papéis, em uma sala com papéis, em uma sala com papéis."
122,3,pessoa3,Triste,58.34449005126953,"Um grupo de pessoas sentadas em uma sala com papéis, em uma sala com papéis, em uma sala com papéis."
123,4,pessoa4,Triste,51.62544250488281,"Um grupo de pessoas sentadas em uma sala com papéis, em uma sala com papéis, em uma sala com papéis."
123,3,pessoa3,Triste,81.0843276977539,"Um grupo de pessoas sentadas em uma sala com papéis, em uma sala com papéis, em uma sala com papéis."
124,3,pessoa3,Neutro,52.03065872192383,"Um grupo de pessoas sentadas em uma sala com papéis, em uma sala com papéis, em uma sala com papéis."
124,4,pessoa4,Triste,67.0532455444336,"Um grupo de pessoas sentadas em uma sala com papéis, em uma sala com papéis, em uma sala com papéis."
125,4,pessoa4,Medo,50.17992401123047,"Um grupo de pessoas sentadas em uma sala com papéis, em uma sala com papéis, em uma sala com papéis."
125,3,pessoa3,Triste,56.83818054199219,"Um grupo de pessoas sentadas em uma sala com papéis, em uma sala com papéis, em uma sala com papéis."
126,3,pessoa3,Neutro,84.84819030761719,"Um grupo de pessoas sentadas em uma sala com papéis, em uma sala com papéis, em uma sala com papéis."
126,4,pessoa4,Medo,51.96220779418945,"Um grupo de pessoas sentadas em uma sala com papéis, em uma sala com papéis, em uma sala com papéis."
127,3,pessoa3,Neutro,85.33708953857422,"Um grupo de pessoas sentadas em uma sala com papéis, em uma sala com papéis, em uma sala com papéis."
127,4,pessoa4,Triste,54.94085693359375,"Um grupo de pessoas sentadas em uma sala com papéis, em uma sala com papéis, em uma sala com papéis."
128,3,pessoa3,Neutro,99.39745330810547,"Um grupo de pessoas sentadas em uma sala com papéis, em uma sala com papéis, em uma sala com papéis."
129,3,pessoa3,Neutro,88.07211303710938,"Um grupo de pessoas sentadas em uma sala com papéis, em uma sala com papéis, em uma sala com papéis."
129,4,pessoa4,Medo,65.57586669921875,"Um grupo de pessoas sentadas em uma sala com papéis, em uma sala com papéis, em uma sala com papéis."
130,3,pessoa3,Neutro,97.82659912109375,"Um grupo de pessoas sentadas em uma sala com papéis, em uma sala com papéis, em uma sala com papéis."
131,-1,,,,"Um grupo de pessoas sentadas em uma sala com papéis, em uma sala com papéis, em uma sala com papéis."
132,-1,,,,"Um grupo de pessoas sentadas em uma sala com papéis, em uma sala com papéis, em uma sala com papéis."
133,-1,,,,"Um grupo de pessoas sentadas em uma sala com papéis, em uma sala com papéis, em uma sala com papéis."
134,-1,,,,"Um grupo de pessoas sentadas em uma sala com papéis, em uma sala com papéis, em uma sala com papéis."
135,-1,,,,"Um grupo de pessoas sentadas em uma sala com papéis, em uma sala com papéis, em uma sala com papéis."
136,-1,,,,"Um grupo de pessoas sentadas em uma sala com papéis, em uma sala com papéis, em uma sala com papéis."
137,-1,,,,"Um grupo de pessoas sentadas em uma sala com papéis, em uma sala com papéis, em uma sala com papéis."
138,-1,,,,"Um grupo de pessoas sentadas em uma sala com papéis, em uma sala com papéis, em uma sala com papéis."
139,-1,,,,"Um grupo de pessoas sentadas em uma sala com papéis, em uma sala com papéis, em uma sala com papéis."
140,-1,,,,"Um grupo de pessoas sentadas em uma sala com papéis, em uma sala com papéis, em uma sala com papéis."
141,4,pessoa4,Triste,98.54288482666016,"Um grupo de pessoas sentadas em uma sala com papéis, em uma sala com papéis, em uma sala com papéis."
142,4,pessoa4,Triste,68.14344024658203,"Um grupo de pessoas sentadas em uma sala com papéis, em uma sala com papéis, em uma sala com papéis."
143,3,pessoa3,Alegre,97.83503723144531,"Um grupo de pessoas sentadas em uma sala com papéis, em uma sala com papéis, em uma sala com papéis."
144,-1,,,,"Um grupo de pessoas sentadas em uma sala com papéis, em uma sala com papéis, em uma sala com papéis."
145,-1,,,,"Um grupo de pessoas sentadas em uma sala com papéis, em uma sala com papéis, em uma sala com papéis."
146,-1,,,,"Um grupo de pessoas sentadas em uma sala com papéis, em uma sala com papéis, em uma sala com papéis."
147,-1,,,,"Um grupo de pessoas sentadas em uma sala com papéis, em uma sala com papéis, em uma sala com papéis."
148,-1,,,,"Um grupo de pessoas sentadas em uma sala com papéis, em uma sala com papéis, em uma sala com papéis."
149,-1,,,,"Um grupo de pessoas sentadas em uma sala com papéis, em uma sala com papéis, em uma sala com papéis."
150,-1,,,,"Um grupo de pessoas sentadas em uma sala com papéis, em uma sala com papéis, em uma sala com papéis."
151,-1,,,,"Um grupo de pessoas sentadas em uma sala com papéis, em uma sala com papéis, em uma sala com papéis."
152,-1,,,,"Um grupo de pessoas sentadas em uma sala com papéis, em uma sala com papéis, em uma sala com papéis."
153,-1,,,,"Um grupo de pessoas sentadas em uma sala com papéis, em uma sala com papéis, em uma sala com papéis."
154,-1,,,,"Um grupo de pessoas sentadas em uma sala com papéis, em uma sala com papéis, em uma sala com papéis."
155,3,pessoa3,Neutro,73.68601989746094,"Um grupo de pessoas sentadas em uma sala com papéis, em uma sala com papéis, em uma sala com papéis."
156,3,pessoa3,Neutro,89.37825012207031,"Um grupo de pessoas sentadas em uma sala com papéis, em uma sala com papéis, em uma sala com papéis."
157,3,pessoa3,Triste,87.37508392333984,"Um grupo de pessoas sentadas em uma sala com papéis, em uma sala com papéis, em uma sala com papéis."
158,3,pessoa3,Neutro,88.57244110107422,"Um grupo de pessoas sentadas em uma sala com papéis, em uma sala com papéis, em uma sala com papéis."
159,3,pessoa3,Triste,68.9186782836914,"Um grupo de pessoas sentadas em uma sala com papéis, em uma sala com papéis, em uma sala com papéis."
160,3,pessoa3,Triste,94.43614196777344,"Um grupo de pessoas sentadas em uma sala com papéis, em uma sala com papéis, em uma sala com papéis."
161,3,pessoa3,Neutro,49.365970611572266,"Um grupo de pessoas sentadas em uma sala com papéis, em uma sala com papéis, em uma sala com papéis."
162,3,pessoa3,Neutro,79.33785247802734,"Um grupo de pessoas sentadas em uma sala com papéis, em uma sala com papéis, em uma sala com papéis."
163,3,pessoa3,Neutro,81.2813491821289,"Um grupo de pessoas sentadas em uma sala com papéis, em uma sala com papéis, em uma sala com papéis."
164,3,pessoa3,Neutro,86.7014389038086,"Um grupo de pessoas sentadas em uma sala com papéis, em uma sala com papéis, em uma sala com papéis."
165,3,pessoa3,Neutro,92.8857192993164,"Um grupo de pessoas sentadas em uma sala com papéis, em uma sala com papéis, em uma sala com papéis."
166,3,pessoa3,Neutro,97.32262420654297,"Um grupo de pessoas sentadas em uma sala com papéis, em uma sala com papéis, em uma sala com papéis."
167,3,pessoa3,Neutro,71.27831268310547,"Um grupo de pessoas sentadas em uma sala com papéis, em uma sala com papéis, em uma sala com papéis."
168,3,pessoa3,Neutro,92.25887298583984,"Um grupo de pessoas sentadas em uma sala com papéis, em uma sala com papéis, em uma sala com papéis."
169,3,pessoa3,Neutro,85.2191390991211,"Um grupo de pessoas sentadas em uma sala com papéis, em uma sala com papéis, em uma sala com papéis."
170,-1,,,,"Um grupo de pessoas sentadas em uma sala com papéis, em uma sala com papéis, em uma sala com papéis."
171,-1,,,,"Um grupo de pessoas sentadas em uma sala com papéis, em uma sala com papéis, em uma sala com papéis."
172,-1,,,,Um grupo de pessoas sentadas em fila com papéis.
173,-1,,,,Um grupo de pessoas sentadas em fila com papéis.
174,-1,,,,"Um grupo de pessoas sentadas em uma sala com papéis, em uma sala com papéis, em uma sala com papéis."
175,-1,,,,"Um grupo de pessoas sentadas em uma sala com papéis, em uma sala com papéis, em uma sala com papéis."
176,-1,,,,"Um grupo de pessoas sentadas em uma sala com papéis, em uma sala com papéis, em uma sala com papéis."
177,-1,,,,"Um grupo de pessoas sentadas em uma sala com papéis, em uma sala com papéis, em uma sala com papéis."
178,-1,,,,"Um grupo de pessoas sentadas em uma sala com papéis, em uma sala com papéis, em uma sala com papéis."
179,-1,,,,"Um grupo de pessoas sentadas em uma sala com papéis, em uma sala com papéis, em uma sala com papéis."
180,5,pessoa5,Alegre,95.04967498779297,Um homem sentado num sofá com um sorriso sentando num sofá com um sorriso.
181,5,pessoa5,Alegre,95.69013977050781,Um homem sentado num sofá com um sorriso sentando num sofá com um sorriso.
182,5,pessoa5,Alegre,84.76031494140625,Um homem sentado num sofá com um sorriso sentando num sofá com um sorriso.
183,5,pessoa5,Alegre,92.79519653320312,"Um homem sentado em um sofá com as mãos fora, com as mãos fora, sentado num sofá com as mãos fora."
184,5,pessoa5,Alegre,98.57441711425781,"Um homem sentado num sofá com as mãos para cima, sentado num sofá com as mãos para cima, sentado num sofá com as mãos para cima, sentado num sofá com as mãos para cima, sentado num sofá com as mãos para cima, sentado num sofá com as mãos para cima, sentado"
185,5,pessoa5,Alegre,97.64097595214844,"Um homem sentado num sofá com as mãos para cima, sentado num sofá com as mãos para cima, sentado num sofá com as mãos para cima, sentado num sofá com as mãos para cima, sentado num sofá com as mãos para cima, sentado num sofá com as mãos para cima, sentado"
186,5,pessoa5,Alegre,98.39057922363281,"Um homem sentado num sofá com as mãos para cima, sentado num sofá com as mãos para cima, sentado num sofá com as mãos para cima, sentado num sofá com as mãos para cima, sentado num sofá com as mãos para cima, sentado num sofá com as mãos para cima, sentado"
187,5,pessoa5,Alegre,97.95121765136719,"Um homem sentado num sofá com as mãos para cima, sentado num sofá com as mãos para cima, sentado num sofá com as mãos para cima, sentado num sofá com as mãos para cima, sentado num sofá com as mãos para cima, sentado num sofá com as mãos para cima, sentado"
188,5,pessoa5,Neutro,69.8384017944336,"Um homem sentado num sofá com as mãos para cima, sentado num sofá com as mãos para cima, sentado num sofá com as mãos para cima, sentado num sofá com as mãos para cima, sentado num sofá com as mãos para cima, sentado num sofá com as mãos para cima, sentado"
189,5,pessoa5,Neutro,54.21876525878906,"Um homem sentado num sofá com as mãos para cima, sentado num sofá com as mãos para cima, sentado num sofá com as mãos para cima, sentado num sofá com as mãos para cima, sentado num sofá com as mãos para cima, sentado num sofá com as mãos para cima, sentado"
190,5,pessoa5,Neutro,76.22918701171875,"Um homem sentado num sofá com as mãos para cima, sentado num sofá com as mãos para cima, sentado num sofá com as mãos para cima, sentado num sofá com as mãos para cima, sentado num sofá com as mãos para cima, sentado num sofá com as mãos para cima, sentado"
191,5,pessoa5,Neutro,72.44072723388672,"Um homem sentado num sofá com as mãos para cima, sentado num sofá com as mãos para cima, sentado num sofá com as mãos para cima, sentado num sofá com as mãos para cima, sentado num sofá com as mãos para cima, sentado num sofá com as mãos para cima, sentado"
192,5,pessoa5,Alegre,97.13347625732422,Um homem com barba e uma camiseta vermelha está sentado num casudo com um homem com barba e uma camiseta vermelha está sentada num casudo com um homem com barba e uma camiseta vermelha está sentada num casudo com um homem com barba e uma camiseta vermelha está sentada num casudo com
193,5,pessoa5,Alegre,94.63310241699219,Um homem com barba e uma camiseta vermelha está sentado num casudo com um homem com barba e uma camiseta vermelha está sentada num casudo com um homem com barba e uma camiseta vermelha está sentada num casudo com um homem com barba e uma camiseta vermelha está sentada num casudo com
194,5,pessoa5,Alegre,99.83570098876953,"Um homem com barba e uma vigília no seu punho, com um homem com uma barba e uma vigília na sua mão."
195,5,pessoa5,Alegre,98.01361083984375,Um homem com barba e camiseta vermelha está sorrindo sorrindo.
196,5,pessoa5,Alegre,99.96639251708984,Um homem com barba e camiseta vermelha está sorrindo sorrindo.
197,5,pessoa5,Alegre,99.39804077148438,"Um homem com barba e uma vigília no seu punho, com um homem com uma barba e uma vigília na sua mão."
198,5,pessoa5,Alegre,99.42639923095703,"Um homem com barba e uma vigília no seu punho, com um homem com uma barba e uma vigília na sua mão."
199,5,pessoa5,Alegre,99.08106231689453,"O homem com barba e camiseta vermelha está sorrindo enquanto segura a mão dele, com uma barba e uma camiseta vermelha sorrindo, enquanto segura a mão dele."
200,5,pessoa5,Alegre,99.3910903930664,Um homem com barba e camiseta vermelha sorrindo enquanto ele ondas sua mão.
201,5,pessoa5,Alegre,99.30998229980469,"Um homem com barba e uma camiseta vermelha sorrindo enquanto segura as mãos para cima, com uma barba e uma camiseta vermelha sorrindo, enquanto segura as mãos para cima, com uma barba e uma camiseta vermelha sorrindo, enquanto segura as mãos para cima, com uma barba e uma camiseta vermelha sorrindo, enquanto segura"
202,5,pessoa5,Alegre,91.1765365600586,Um homem com barba e camiseta vermelha está sorrindo sorrindo.
203,5,pessoa5,Alegre,98.95382690429688,"Um homem com barba e uma vigília no seu punho, com um homem com uma barba e uma vigília na sua mão."
204,5,pessoa5,Alegre,98.95389556884766,"Um homem com barba e uma vigília no seu punho, com um homem com uma barba e uma vigília na sua mão."
205,5,pessoa5,Alegre,98.74947357177734,"Um homem com barba e uma vigília no seu punho, com um homem com uma barba e uma vigília na sua mão."
206,5,pessoa5,Alegre,95.73524475097656,Um homem com barba e camiseta vermelha está sorrindo sorrindo.
207,5,pessoa5,Alegre,78.98783874511719,Sentar-se num sofá com uma barba e uma camiseta vermelha sorrindo enquanto senta em um sofá.
208,5,pessoa5,Alegre,92.0158462524414,Sentar-se num sofá com uma barba e uma camiseta vermelha sorrindo enquanto senta em um sofá.
209,5,pessoa5,Alegre,87.84867858886719,"Um homem com barba e uma camiseta vermelha sorrindo enquanto segura as mãos para cima, com uma barba e uma camiseta vermelha sorrindo, enquanto segura as mãos para cima, com uma barba e uma camiseta vermelha sorrindo, enquanto segura as mãos para cima, com uma barba e uma camiseta vermelha sorrindo, enquanto segura"
210,5,pessoa5,Alegre,93.51445007324219,"Um homem com barba e uma vigília no seu punho, com um homem com uma barba e uma vigília na sua mão."
211,5,pessoa5,Alegre,94.83738708496094,"Um homem com barba e uma vigília no seu punho, com um homem com uma barba e uma vigília na sua mão."
212,5,pessoa5,Alegre,84.97310638427734,Um homem com barba e camiseta vermelha está sorrindo sorrindo.
213,5,pessoa5,Alegre,93.97630310058594,Um homem com barba e camiseta vermelha está sorrindo sorrindo.
214,5,pessoa5,Alegre,77.6697998046875,Um homem com barba e uma camiseta vermelha está sentado num casudo com um homem com barba e uma camiseta vermelha está sentada num casudo com um homem com barba e uma camiseta vermelha está sentada num casudo com um homem com barba e uma camiseta vermelha está sentada num casudo com
215,5,pessoa5,Alegre,69.76518249511719,Um homem com barba e uma camiseta vermelha está sentado num casudo com um homem com barba e uma camiseta vermelha está sentada num casudo com um homem com barba e uma camiseta vermelha está sentada num casudo com um homem com barba e uma camiseta vermelha está sentada num casudo com
216,5,pessoa5,Alegre,88.83975219726562,"Um homem sentado num sofá com as mãos para cima, sentado num sofá com as mãos para cima, sentado num sofá com as mãos para cima, sentado num sofá com as mãos para cima, sentado num sofá com as mãos para cima, sentado num sofá com as mãos para cima, sentado"
217,5,pessoa5,Alegre,85.78888702392578,"Um homem sentado num sofá com as mãos para cima, sentado num sofá com as mãos para cima, sentado num sofá com as mãos para cima, sentado num sofá com as mãos para cima, sentado num sofá com as mãos para cima, sentado num sofá com as mãos para cima, sentado"
218,5,pessoa5,Neutro,77.73359680175781,"Um homem sentado num sofá com as mãos para cima, sentado num sofá com as mãos para cima, sentado num sofá com as mãos para cima, sentado num sofá com as mãos para cima, sentado num sofá com as mãos para cima, sentado num sofá com as mãos para cima, sentado"
219,5,pessoa5,Alegre,57.12102508544922,"Um homem sentado num sofá com as mãos para cima, sentado num sofá com as mãos para cima, sentado num sofá com as mãos para cima, sentado num sofá com as mãos para cima, sentado num sofá com as mãos para cima, sentado num sofá com as mãos para cima, sentado"
220,5,pessoa5,Alegre,92.30133056640625,"Um homem sentado num sofá com as mãos para cima, sentado num sofá com as mãos para cima, sentado num sofá com as mãos para cima, sentado num sofá com as mãos para cima, sentado num sofá com as mãos para cima, sentado num sofá com as mãos para cima, sentado"
221,5,pessoa5,Alegre,96.3900375366211,Um homem sentado em um sofá com os braços cruzados com os braços cruzados com os braços cruzados com os braços cruzados com os braços cruzados com os braços cruzados com os braços cruzados com os braços cruzados com os braços cruzados com os braços cruzados com os braços cruzados com os braços cruzados com os braços cruzados com os braços cruzados
222,5,pessoa5,Alegre,73.30519104003906,Um homem sentado num couch com os olhos fechados.
223,5,pessoa5,Alegre,77.38297271728516,Um homem sentado num couch com os olhos fechados.
224,5,pessoa5,Alegre,99.54783630371094,Um homem sentado em um sofá com os braços cruzados com os braços cruzados com os braços cruzados com os braços cruzados com os braços cruzados com os braços cruzados com os braços cruzados com os braços cruzados com os braços cruzados com os braços cruzados com os braços cruzados com os braços cruzados com os braços cruzados com os braços cruzados
225,5,pessoa5,Alegre,99.83000183105469,Um homem sentado em um sofá com os braços cruzados com os braços cruzados com os braços cruzados com os braços cruzados com os braços cruzados com os braços cruzados com os braços cruzados com os braços cruzados com os braços cruzados com os braços cruzados com os braços cruzados com os braços cruzados com os braços cruzados com os braços cruzados
226,5,pessoa5,Alegre,99.8750991821289,Um homem sentado num sofá com um sorriso sentando num sofá com um sorriso.
227,5,pessoa5,Alegre,99.85069274902344,Um homem sentado num sofá com um sorriso sentando num sofá com um sorriso.
228,5,pessoa5,Alegre,99.85011291503906,Um homem sentado num sofá com um sorriso sentando num sofá com um sorriso.
229,5,pessoa5,Alegre,98.64097595214844,Um homem sentado num sofá com um sorriso sentando num sofá com um sorriso.
230,5,pessoa5,Alegre,99.6800765991211,Um homem sentado em um sofá com os braços cruzados com os braços cruzados com os braços cruzados com os braços cruzados com os braços cruzados com os braços cruzados com os braços cruzados com os braços cruzados com os braços cruzados com os braços cruzados com os braços cruzados com os braços cruzados com os braços cruzados com os braços cruzados
231,5,pessoa5,Alegre,90.98641204833984,Um homem sentado em um sofá com os braços espalhados por fora.
232,5,pessoa5,Alegre,94.3099594116211,Um homem sentado em um sofá com os braços espalhados por fora.
233,5,pessoa5,Alegre,96.34612274169922,Um homem sentado num sofá com um sorriso sentando num sofá com um sorriso.
234,5,pessoa5,Alegre,95.28156280517578,Um homem sentado num sofá com um sorriso sentando num sofá com um sorriso.
235,5,pessoa5,Alegre,91.1394271850586,Um homem sentado em um sofá com os braços espalhados por fora.
236,5,pessoa5,Alegre,98.79460144042969,"Um homem sentado em um sofá com as mãos fora, com as mãos fora, sentado num sofá com as mãos fora."
237,5,pessoa5,Alegre,99.6535873413086,"Um homem sentado num sofá com as mãos para cima, sentado num sofá com as mãos para cima, sentado num sofá com as mãos para cima, sentado num sofá com as mãos para cima, sentado num sofá com as mãos para cima, sentado num sofá com as mãos para cima, sentado"
238,5,pessoa5,Alegre,99.99581909179688,"Um homem sentado em um sofá com as mãos fora, com as mãos fora, sentado num sofá com as mãos fora."
239,5,pessoa5,Alegre,99.98165893554688,Um homem com uma barba e uma barba está sorrindo.
240,5,pessoa5,Alegre,99.88795471191406,Um homem com uma barba e uma barba está sorrindo.
241,5,pessoa5,Alegre,99.88761901855469,Um homem com uma barba e uma barba está sorrindo.
242,5,pessoa5,Alegre,99.99019622802734,"Um homem sentado num sofá com a boca aberta, sentado num sofá, com a boca aberta."
243,5,pessoa5,Alegre,99.90152740478516,"Um homem sentado num sofá com a boca aberta, sentado num sofá, com a boca aberta."
244,5,pessoa5,Alegre,99.96795654296875,"Um homem sentado num sofá com as mãos para cima, sentado num sofá com as mãos para cima, sentado num sofá com as mãos para cima, sentado num sofá com as mãos para cima, sentado num sofá com as mãos para cima, sentado num sofá com as mãos para cima, sentado"
245,5,pessoa5,Alegre,99.9095687866211,Um homem com barba e uma camiseta vermelha está sentado num casudo com um homem com barba e uma camiseta vermelha está sentada num casudo com um homem com barba e uma camiseta vermelha está sentada num casudo com um homem com barba e uma camiseta vermelha está sentada num casudo com
246,5,pessoa5,Alegre,99.9109878540039,Um homem com barba e uma camiseta vermelha está sentado num casudo com um homem com barba e uma camiseta vermelha está sentada num casudo com um homem com barba e uma camiseta vermelha está sentada num casudo com um homem com barba e uma camiseta vermelha está sentada num casudo com
247,5,pessoa5,Alegre,99.99829864501953,Um homem com barba e um cinto vermelho está sentado num casuzinho com uma barba e um cinto vermelho está sentado num casuzinho com uma barba e um cinto vermelho está sentado num casuzinho com uma barba e um cinto vermelho está sentado num casuzinho com uma barba e um cin
248,5,pessoa5,Alegre,99.14152526855469,Um homem com uma barba sentada num sofá com uma cabeça sentada num sofá com uma cabeça sentada num sofá com uma cabeça sentada num sofá com uma cabeça sentada num sofá com uma cabeça sentada num sofá com uma cabeça sentada num sofá com uma cabeça sentada
249,5,pessoa5,Alegre,91.13893127441406,Um homem com uma barba sentada num sofá com uma cabeça sentada num sofá com uma cabeça sentada num sofá com uma cabeça sentada num sofá com uma cabeça sentada num sofá com uma cabeça sentada num sofá com uma cabeça sentada num sofá com uma cabeça sentada
250,5,pessoa5,Alegre,97.3931884765625,Um homem com uma barba sentada num sofá com uma cabeça sentada num sofá com uma cabeça sentada num sofá com uma cabeça sentada num sofá com uma cabeça sentada num sofá com uma cabeça sentada num sofá com uma cabeça sentada num sofá com uma cabeça sentada
251,5,pessoa5,Neutro,82.99131774902344,Um homem com uma barba sentada num sofá com uma cabeça sentada num sofá com uma cabeça sentada num sofá com uma cabeça sentada num sofá com uma cabeça sentada num sofá com uma cabeça sentada num sofá com uma cabeça sentada num sofá com uma cabeça sentada
252,5,pessoa5,Alegre,95.2090835571289,Um homem com uma barba sentada num sofá com uma cabeça sentada num sofá com uma cabeça sentada num sofá com uma cabeça sentada num sofá com uma cabeça sentada num sofá com uma cabeça sentada num sofá com uma cabeça sentada num sofá com uma cabeça sentada
253,5,pessoa5,Alegre,97.18281555175781,Um homem com uma barba sentada num sofá com uma cabeça sentada num sofá com uma cabeça sentada num sofá com uma cabeça sentada num sofá com uma cabeça sentada num sofá com uma cabeça sentada num sofá com uma cabeça sentada num sofá com uma cabeça sentada
254,5,pessoa5,Neutro,55.039459228515625,Um homem com uma barba sentada num sofá com uma cabeça sentada num sofá com uma cabeça sentada num sofá com uma cabeça sentada num sofá com uma cabeça sentada num sofá com uma cabeça sentada num sofá com uma cabeça sentada num sofá com uma cabeça sentada
255,5,pessoa5,Alegre,90.74871826171875,Um homem com uma barba sentada num sofá com uma cabeça sentada num sofá com uma cabeça sentada num sofá com uma cabeça sentada num sofá com uma cabeça sentada num sofá com uma cabeça sentada num sofá com uma cabeça sentada num sofá com uma cabeça sentada
256,5,pessoa5,Alegre,94.53909301757812,Um homem com uma barba sentada num sofá com uma cabeça sentada num sofá com uma cabeça sentada num sofá com uma cabeça sentada num sofá com uma cabeça sentada num sofá com uma cabeça sentada num sofá com uma cabeça sentada num sofá com uma cabeça sentada
257,5,pessoa5,Alegre,99.65062713623047,"Um homem sentado num sofá com as mãos para cima, sentado num sofá com as mãos para cima, sentado num sofá com as mãos para cima, sentado num sofá com as mãos para cima, sentado num sofá com as mãos para cima, sentado num sofá com as mãos para cima, sentado"
258,5,pessoa5,Alegre,99.65662384033203,"Um homem sentado num sofá com as mãos para cima, sentado num sofá com as mãos para cima, sentado num sofá com as mãos para cima, sentado num sofá com as mãos para cima, sentado num sofá com as mãos para cima, sentado num sofá com as mãos para cima, sentado"
259,5,pessoa5,Alegre,98.30050659179688,"Um homem sentado num sofá com as mãos para cima, sentado num sofá com as mãos para cima, sentado num sofá com as mãos para cima, sentado num sofá com as mãos para cima, sentado num sofá com as mãos para cima, sentado num sofá com as mãos para cima, sentado"
260,5,pessoa5,Neutro,83.07128143310547,"Um homem sentado num sofá com as mãos para cima, sentado num sofá com as mãos para cima, sentado num sofá com as mãos para cima, sentado num sofá com as mãos para cima, sentado num sofá com as mãos para cima, sentado num sofá com as mãos para cima, sentado"
261,5,pessoa5,Neutro,60.06684875488281,"Um homem sentado num sofá com uma barba, sentada num sofá com uma barba, sentada num sofá com uma barba, sentada num sofá com uma barba."
262,5,pessoa5,Neutro,90.97502899169922,"Um homem sentado num sofá com uma barba, sentada num sofá com uma barba, sentada num sofá com uma barba, sentada num sofá com uma barba."
263,5,pessoa5,Alegre,93.91897583007812,"Um homem sentado num sofá com uma barba, sentada num sofá com uma barba, sentada num sofá com uma barba, sentada num sofá com uma barba."
264,5,pessoa5,Alegre,96.19354248046875,"Um homem sentado num sofá com uma barba, sentada num sofá com uma barba, sentada num sofá com uma barba, sentada num sofá com uma barba."
265,5,pessoa5,Alegre,96.90388488769531,"Um homem sentado num sofá com uma barba, sentada num sofá com uma barba, sentada num sofá com uma barba, sentada num sofá com uma barba."
266,5,pessoa5,Alegre,94.4024429321289,"Um homem sentado num sofá com uma barba, sentada num sofá com uma barba, sentada num sofá com uma barba, sentada num sofá com uma barba."
267,5,pessoa5,Alegre,97.7702865600586,Um homem sentado num sofá com uma camiseta vermelha sentada num sofá com um cinto vermelho.
268,5,pessoa5,Alegre,100.0,"Um homem sentado num sofá com as mãos para cima, sentado num sofá com as mãos para cima, sentado num sofá com as mãos para cima, sentado num sofá com as mãos para cima, sentado num sofá com as mãos para cima, sentado num sofá com as mãos para cima, sentado"
269,5,pessoa5,Alegre,99.99939727783203,Um homem sentado em um sofá com os braços estendidos por ele.
270,5,pessoa5,Alegre,99.96598815917969,Um homem sentado em um sofá com os braços estendidos por ele.
271,5,pessoa5,Alegre,98.04947662353516,Um homem sentado em um sofá com os braços estendidos por ele.
272,5,pessoa5,Alegre,77.90995025634766,"Um homem sentado num sofá com as mãos para cima, sentado num sofá com as mãos para cima, sentado num sofá com as mãos para cima, sentado num sofá com as mãos para cima, sentado num sofá com as mãos para cima, sentado num sofá com as mãos para cima, sentado"
273,5,pessoa5,Alegre,99.98616790771484,Um homem sentado em um sofá com os braços estendidos por ele.
274,5,pessoa5,Alegre,98.906494140625,Um homem com uma barba sentada num sofá com uma cabeça sentada num sofá com uma cabeça sentada num sofá com uma cabeça sentada num sofá com uma cabeça sentada num sofá com uma cabeça sentada num sofá com uma cabeça sentada num sofá com uma cabeça sentada
275,5,pessoa5,Alegre,97.17671966552734,Um homem sentado num sofá com um sorriso sentando num sofá com um sorriso.
276,5,pessoa5,Alegre,97.22962951660156,Um homem sentado num sofá com um sorriso sentando num sofá com um sorriso.
277,5,pessoa5,Alegre,98.91167449951172,Um homem sentado num sofá com um sorriso sentando num sofá com um sorriso.
278,5,pessoa5,Alegre,97.66056823730469,Um homem sentado em um sofá com os braços estendidos por ele.
279,5,pessoa5,Alegre,99.99987030029297,Um homem sentado num sofá com um sorriso sentando num sofá com um sorriso.
280,5,pessoa5,Alegre,99.83409118652344,Um homem sentado em um sofá com os braços estendidos por ele.
281,5,pessoa5,Alegre,99.99999237060547,Um homem sentado em um sofá com os braços estendidos por ele.
282,5,pessoa5,Alegre,99.96685791015625,Um homem sentado num couch com os olhos fechados.
283,5,pessoa5,Alegre,99.95584869384766,Um homem sentado num couch com os olhos fechados.
284,5,pessoa5,Alegre,99.97003936767578,Um homem sentado num couch com os olhos fechados.
285,5,pessoa5,Alegre,99.98112487792969,Um homem sentado num couch com os olhos fechados.
286,5,pessoa5,Alegre,99.99744415283203,"Um homem sentado num sofá com as mãos para cima, sentado num sofá com as mãos para cima, sentado num sofá com as mãos para cima, sentado num sofá com as mãos para cima, sentado num sofá com as mãos para cima, sentado num sofá com as mãos para cima, sentado"
287,5,pessoa5,Alegre,99.9982681274414,Um homem sentado em um sofá com os braços estendidos por ele.
288,5,pessoa5,Alegre,99.99677276611328,Um homem sentado em um sofá com os braços estendidos por ele.
289,5,pessoa5,Alegre,99.99652862548828,Um homem sentado em um sofá com os braços estendidos por ele.
290,5,pessoa5,Alegre,99.02891540527344,Um homem sentado em um sofá com os braços estendidos por ele.
291,5,pessoa5,Alegre,99.90754699707031,"Um homem sentado num sofá com as mãos para cima, sentado num sofá com as mãos para cima, sentado num sofá com as mãos para cima, sentado num sofá com as mãos para cima, sentado num sofá com as mãos para cima, sentado num sofá com as mãos para cima, sentado"
292,5,pessoa5,Alegre,99.9706039428711,Um homem sentado num sofá com um sorriso sentando num sofá com um sorriso.
293,5,pessoa5,Alegre,99.90559387207031,Um homem sentado em um sofá com os braços estendidos por ele.
294,5,pessoa5,Alegre,99.44917297363281,Um homem sentado num sofá com um sorriso sentando num sofá com um sorriso.
295,5,pessoa5,Alegre,99.6058120727539,Um homem sentado num sofá com um sorriso sentando num sofá com um sorriso.
296,5,pessoa5,Alegre,99.75796508789062,Um homem sentado num sofá com um sorriso sentando num sofá com um sorriso.
297,5,pessoa5,Alegre,99.61183166503906,Um homem sentado em um sofá com os braços cruzados com os braços cruzados com os braços cruzados com os braços cruzados com os braços cruzados com os braços cruzados com os braços cruzados com os braços cruzados com os braços cruzados com os braços cruzados com os braços cruzados com os braços cruzados com os braços cruzados com os braços cruzados
298,5,pessoa5,Alegre,98.62372589111328,Um homem sentado em um sofá com os braços cruzados com os braços cruzados com os braços cruzados com os braços cruzados com os braços cruzados com os braços cruzados com os braços cruzados com os braços cruzados com os braços cruzados com os braços cruzados com os braços cruzados com os braços cruzados com os braços cruzados com os braços cruzados
299,5,pessoa5,Alegre,97.48278045654297,Um homem sentado em um sofá com os braços estendidos por ele.
300,5,pessoa5,Alegre,80.33273315429688,Um homem sentado em um sofá com os braços estendidos por ele.
301,5,pessoa5,Alegre,80.38487243652344,Um homem sentado em um sofá com os braços estendidos por ele.
302,5,pessoa5,Alegre,91.6073989868164,Um homem sentado em um sofá com os braços espalhados por fora.
303,5,pessoa5,Alegre,95.69829559326172,Um homem sentado em um sofá com os braços estendidos por ele.
304,5,pessoa5,Alegre,98.88408660888672,Um homem sentado em um sofá com os braços estendidos por ele.
305,5,pessoa5,Alegre,99.58436584472656,Um homem sentado em um sofá com os braços estendidos por ele.
306,5,pessoa5,Alegre,98.90313720703125,Um homem sentado em um sofá com os braços estendidos por ele.
307,5,pessoa5,Alegre,87.07958984375,Um homem sentado em um sofá com os braços estendidos por ele.
308,5,pessoa5,Neutro,57.13447189331055,Um homem sentado em um sofá com os braços estendidos por ele.
309,5,pessoa5,Alegre,99.59256744384766,Um homem sentado em um sofá com os braços estendidos por ele.
310,5,pessoa5,Alegre,92.94995880126953,Um homem com barba e camiseta vermelha está sorrindo sorrindo.
311,5,pessoa5,Alegre,97.92598724365234,Um homem com uma barba e uma barba sentada num sofá de uma cama.
312,5,pessoa5,Alegre,98.47122955322266,Um homem com uma barba e uma barba está sorrindo.
313,5,pessoa5,Alegre,98.52487182617188,Um homem com uma barba e uma barba está sorrindo.
314,5,pessoa5,Alegre,99.95731353759766,Sentar-se num sofá com uma barba e uma barba sorrindo enquanto senta em um sofá.
315,5,pessoa5,Alegre,83.3308334350586,Um homem com uma barba e uma barba está sorrindo.
316,5,pessoa5,Neutro,99.8228988647461,Um homem com uma barba e uma barba está sorrindo.
317,5,pessoa5,Neutro,99.90614318847656,Um homem com barba e camiseta vermelha está sorrindo sorrindo.
318,5,pessoa5,Neutro,96.66377258300781,Um homem com barba e camiseta vermelha está sorrindo sorrindo.
319,5,pessoa5,Neutro,97.17945098876953,Um homem com barba e camiseta vermelha está sorrindo sorrindo.
320,5,pessoa5,Neutro,93.6732406616211,Um homem com barba e camiseta vermelha está sorrindo sorrindo.
321,5,pessoa5,Neutro,99.8484878540039,Um homem com barba e camiseta vermelha está sorrindo sorrindo.
322,5,pessoa5,Neutro,98.73169708251953,Um homem com barba e camiseta vermelha está sorrindo sorrindo.
323,5,pessoa5,Alegre,63.5965690612793,Um homem com barba e camiseta vermelha está sorrindo sorrindo.
324,5,pessoa5,Neutro,75.61503601074219,Um homem com barba e camiseta vermelha está sorrindo sorrindo.
325,5,pessoa5,Neutro,76.10376739501953,Um homem com barba e camiseta vermelha está sorrindo sorrindo.
326,5,pessoa5,Neutro,75.3172378540039,Um homem com barba e camiseta vermelha está sorrindo sorrindo.
327,5,pessoa5,Neutro,99.06852722167969,Um homem com barba e camiseta vermelha está sorrindo sorrindo.
328,5,pessoa5,Neutro,96.01758575439453,Um homem com barba e camiseta vermelha está sorrindo sorrindo.
329,5,pessoa5,Neutro,88.23149871826172,Um homem com barba e camiseta vermelha está sorrindo sorrindo.
330,5,pessoa5,Neutro,99.69953918457031,Um homem sentado em um sofá com os braços estendidos por ele.
331,5,pessoa5,Neutro,96.15333557128906,Um homem sentado em um sofá com os braços estendidos por ele.
332,5,pessoa5,Neutro,99.13837432861328,Um homem sentado em um sofá com os braços estendidos por ele.
333,5,pessoa5,Neutro,94.8189697265625,Um homem sentado em um sofá com os braços estendidos por ele.
334,5,pessoa5,Neutro,98.51803588867188,Um homem com barba e camiseta vermelha está sorrindo sorrindo.
335,5,pessoa5,Alegre,97.84551239013672,Um homem com barba e camiseta vermelha está sorrindo sorrindo.
336,5,pessoa5,Alegre,87.8892822265625,Um homem com barba e camiseta vermelha está sorrindo sorrindo.
337,5,pessoa5,Neutro,99.27619934082031,Um homem sentado em um sofá com os braços estendidos por ele.
338,5,pessoa5,Neutro,99.00150299072266,Um homem sentado em um sofá com os braços estendidos por ele.
339,5,pessoa5,Neutro,93.41222381591797,Um homem sentado em um sofá com os braços estendidos por ele.
340,5,pessoa5,Alegre,97.14933776855469,Um homem sentado em um sofá com os braços estendidos por ele.
341,5,pessoa5,Alegre,99.82939147949219,Um homem sentado em um sofá com os braços estendidos por ele.
342,5,pessoa5,Alegre,67.17449188232422,Um homem sentado em um sofá com os braços estendidos por ele.
343,5,pessoa5,Alegre,81.5921859741211,Um homem sentado em um sofá com os braços estendidos por ele.
344,5,pessoa5,Alegre,93.02894592285156,Um homem sentado em um sofá com os braços estendidos por ele.
345,5,pessoa5,Alegre,98.33411407470703,Um homem sentado em um sofá com os braços estendidos por ele.
346,5,pessoa5,Alegre,99.55841827392578,Um homem sentado em um sofá com os braços estendidos por ele.
347,5,pessoa5,Alegre,98.43921661376953,Um homem sentado em um sofá com os braços estendidos por ele.
348,5,pessoa5,Alegre,98.11483764648438,Um homem sentado em um sofá com os braços estendidos por ele.
349,5,pessoa5,Alegre,97.06724548339844,Um homem com uma barba sentada num sofá com uma cabeça sentada num sofá com uma cabeça sentada num sofá com uma cabeça sentada num sofá com uma cabeça sentada num sofá com uma cabeça sentada num sofá com uma cabeça sentada num sofá com uma cabeça sentada
350,5,pessoa5,Alegre,99.42222595214844,Um homem sentado em um sofá com os braços estendidos por ele.
351,5,pessoa5,Alegre,99.40621185302734,Um homem com uma barba sentada num sofá com uma cabeça sentada num sofá com uma cabeça sentada num sofá com uma cabeça sentada num sofá com uma cabeça sentada num sofá com uma cabeça sentada num sofá com uma cabeça sentada num sofá com uma cabeça sentada
352,5,pessoa5,Alegre,97.19020080566406,Um homem sentado em um sofá com os braços estendidos por ele.
353,5,pessoa5,Alegre,84.0396957397461,Um homem sentado em um sofá com um controle remoto sentava-se num sofá com um controle remoto.
354,5,pessoa5,Alegre,99.83679962158203,Um homem com barba e uma camiseta vermelha está sentado num casudo com um homem com barba e uma camiseta vermelha está sentada num casudo com um homem com barba e uma camiseta vermelha está sentada num casudo com um homem com barba e uma camiseta vermelha está sentada num casudo com
355,5,pessoa5,Alegre,99.70555114746094,Um homem com barba e uma camiseta vermelha está sentado num casudo com um homem com barba e uma camiseta vermelha está sentada num casudo com um homem com barba e uma camiseta vermelha está sentada num casudo com um homem com barba e uma camiseta vermelha está sentada num casudo com
356,5,pessoa5,Alegre,99.80499267578125,Um homem sentado em um sofá com um controle remoto sentava-se num sofá com um controle remoto.
357,5,pessoa5,Alegre,99.15565490722656,Um homem sentado em um sofá com um controle remoto sentava-se num sofá com um controle remoto.
358,5,pessoa5,Alegre,98.39476013183594,Um homem sentado em um sofá com um controle remoto sentava-se num sofá com um controle remoto.
359,5,pessoa5,Alegre,98.64269256591797,Um homem sentado em um sofá com um controle remoto sentava-se num sofá com um controle remoto.
360,-1,,,,"A formação branca é branca, com um logotipo preto e branco."
361,-1,,,,"A formação branca é branca, com um logotipo preto e branco."
362,-1,,,,"A formação branca é branca, com um logotipo preto e branco."
363,-1,,,,"A formação branca é branca, com um logotipo preto e branco."
364,-1,,,,google logol
365,-1,,,,o novo logologo do google e o novo logologo do google e o novo logologo do google e o novo logologo do google.
366,-1,,,,o novo logologo do google e o novo logologo do google e o novo logologo do google e o novo logologo do google.
367,-1,,,,o novo logologo do google e o novo logologo do google e o novo logologo do google e o novo logologo do google.
368,-1,,,,"Um homem e uma mulher em pé, junto a cada um dos outros, em pé, em pé, de um homem e de uma mulher e de uma mulher e de outra pessoa."
369,-1,,,,"Duas pessoas em pé, ao lado de uma outra pessoa, em pé, duas pessoas em pé."
370,-1,,,,"Duas pessoas em pé, ao lado de cada uma, estão em pé."
371,-1,,,,"Duas pessoas em pé, ao lado de uma outra pessoa, em pé, duas pessoas em pé."
372,-1,,,,Duas pessoas com cores e tamanhos diferentes duas pessoas com cores e tamanhos diferentes duas pessoas com cores e tamanhos diferentes duas pessoas com cores e tamanhos diferentes duas pessoas com cores e tamanhos diferentes duas pessoas com cores e tamanhos diferentes duas pessoas com cores e tamanhos diferentes duas pessoas com cores e tamanhos
373,-1,,,,Duas pessoas com cores e tamanhos diferentes duas pessoas com cores e tamanhos diferentes duas pessoas com cores e tamanhos diferentes duas pessoas com cores e tamanhos diferentes duas pessoas com cores e tamanhos diferentes duas pessoas com cores e tamanhos diferentes duas pessoas com cores e tamanhos diferentes duas pessoas com cores e tamanhos
374,-1,,,,"Duas pessoas em pé, ao lado de uma outra pessoa, em pé, duas pessoas em pé."
375,-1,,,,Duas pessoas com cores e tamanhos diferentes duas pessoas com cores e tamanhos diferentes duas pessoas com cores e tamanhos diferentes duas pessoas com cores e tamanhos diferentes duas pessoas com cores e tamanhos diferentes duas pessoas com cores e tamanhos diferentes duas pessoas com cores e tamanhos diferentes duas pessoas com cores e tamanhos
376,-1,,,,Duas pessoas com cores e tamanhos diferentes duas pessoas com cores e tamanhos diferentes duas pessoas com cores e tamanhos diferentes duas pessoas com cores e tamanhos diferentes duas pessoas com cores e tamanhos diferentes duas pessoas com cores e tamanhos diferentes duas pessoas com cores e tamanhos diferentes duas pessoas com cores e tamanhos
377,-1,,,,Duas pessoas com cores e tamanhos diferentes duas pessoas com cores e tamanhos diferentes duas pessoas com cores e tamanhos diferentes duas pessoas com cores e tamanhos diferentes duas pessoas com cores e tamanhos diferentes duas pessoas com cores e tamanhos diferentes duas pessoas com cores e tamanhos diferentes duas pessoas com cores e tamanhos
378,-1,,,,Duas pessoas com cores e tamanhos diferentes duas pessoas com cores e tamanhos diferentes duas pessoas com cores e tamanhos diferentes duas pessoas com cores e tamanhos diferentes duas pessoas com cores e tamanhos diferentes duas pessoas com cores e tamanhos diferentes duas pessoas com cores e tamanhos diferentes duas pessoas com cores e tamanhos
379,-1,,,,Duas pessoas com cores e tamanhos diferentes duas pessoas com cores e tamanhos diferentes duas pessoas com cores e tamanhos diferentes duas pessoas com cores e tamanhos diferentes duas pessoas com cores e tamanhos diferentes duas pessoas com cores e tamanhos diferentes duas pessoas com cores e tamanhos diferentes duas pessoas com cores e tamanhos
380,-1,,,,"Duas pessoas em pé, ao lado de uma outra pessoa, em pé, duas pessoas em pé."
381,-1,,,,Duas pessoas com cores e tamanhos diferentes duas pessoas com cores e tamanhos diferentes duas pessoas com cores e tamanhos diferentes duas pessoas com cores e tamanhos diferentes duas pessoas com cores e tamanhos diferentes duas pessoas com cores e tamanhos diferentes duas pessoas com cores e tamanhos diferentes duas pessoas com cores e tamanhos
382,-1,,,,Duas pessoas com cores e tamanhos diferentes duas pessoas com cores e tamanhos diferentes duas pessoas com cores e tamanhos diferentes duas pessoas com cores e tamanhos diferentes duas pessoas com cores e tamanhos diferentes duas pessoas com cores e tamanhos diferentes duas pessoas com cores e tamanhos diferentes duas pessoas com cores e tamanhos
383,-1,,,,"Duas pessoas em pé em cores diferentes, em diferentes cores, em pé em cores diferentes."
384,-1,,,,"Duas pessoas em pé em cores diferentes, em diferentes cores, em pé em cores diferentes."
385,-1,,,,"Duas pessoas em pé em cores diferentes, em diferentes cores, em pé em cores diferentes."
386,-1,,,,"Duas pessoas em pé em cores diferentes, em diferentes cores, em pé em cores diferentes."
387,-1,,,,"Duas pessoas em pé em cores diferentes, em diferentes cores, em pé em cores diferentes."
388,-1,,,,"Duas pessoas em pé em cores diferentes, em diferentes cores, em pé em cores diferentes."
389,-1,,,,"Duas pessoas em pé em cores diferentes, em diferentes cores, em pé em cores diferentes."
390,-1,,,,"Uma pessoa com um quadro de vermelho e azul, com uma figura de vermelho e azul, é uma pessoa com uma figura de vermelho e azul."
391,-1,,,,"Uma pessoa com um quadro de vermelho e azul, com uma figura de vermelho e azul, é uma pessoa com uma figura de vermelho e azul."
392,-1,,,,"Uma pessoa com um quadro de vermelho e azul, com uma figura de vermelho e azul, é uma pessoa com uma figura de vermelho e azul."
393,-1,,,,"Uma pessoa com um quadro de vermelho e azul, com uma figura de vermelho e azul, é uma pessoa com uma figura de vermelho e azul."
394,-1,,,,"Uma pessoa com um quadro de vermelho e azul, com uma figura de vermelho e azul, é uma pessoa com uma figura de vermelho e azul."
395,-1,,,,"Uma pessoa com um quadro de vermelho e azul, com uma figura de vermelho e azul, é uma pessoa com uma figura de vermelho e azul."
396,-1,,,,"Uma pessoa com um quadro de vermelho e azul, com uma figura de vermelho e azul, é uma pessoa com uma figura de vermelho e azul."
397,-1,,,,"Uma pessoa com um quadro de vermelho e azul, com uma figura de vermelho e azul, é uma pessoa com uma figura de vermelho e azul."
398,-1,,,,"Uma pessoa com um quadro de vermelho e azul, com uma figura de vermelho e azul, é uma pessoa com uma figura de vermelho e azul."
399,-1,,,,Uma pessoa com um quadro de vermelho e azul e uma figura de azul com uma figura de preto figura de azul figura de azul figura de azul figura de azul figura de azul figura de azul figura de azul figura de azul figura de azul figura de azul figura de azul figura de azul figura de azul figura de azul figura de
400,-1,,,,Uma pessoa com um quadro de vermelho e azul e uma figura de azul com uma figura de preto figura de azul figura de azul figura de azul figura de azul figura de azul figura de azul figura de azul figura de azul figura de azul figura de azul figura de azul figura de azul figura de azul figura de azul figura de
401,-1,,,,Uma pessoa com um quadro de vermelho e azul e uma figura de azul com uma figura de preto figura de azul figura de azul figura de azul figura de azul figura de azul figura de azul figura de azul figura de azul figura de azul figura de azul figura de azul figura de azul figura de azul figura de azul figura de
402,-1,,,,"A palavra smart é a palavra smart é uma pessoa com um quadro de vermelho e azul, e a palavra smart é uma pessoa com uma figura de vermelho e azul, e a palavra smart é uma pessoa com uma figura de vermelho e azul, e a palavra"
403,-1,,,,"Apontando para a palavra pequena, uma pessoa com seda vermelha e azul, que aponta para a palavra pequena, uma pessoa com seda vermelha e azul, que aponta para a palavra pequena."
404,-1,,,,Um homem e uma mulher estão em pé em um círculo com a palavra pequena e uma mulher estão em pé em um círculo com a palavra pequena.
405,-1,,,,Um homem e uma mulher estão ligados à palavra pequena e uma mulher estão ligados à palavra pequena.
406,-1,,,,Um homem e uma mulher estão ligados à palavra pequena e uma mulher estão ligados à palavra pequena.
407,-1,,,,"Um homem e uma mulher estão em pé diante da palavra smart, e uma mulher está em pé diante da palavra smart, e uma mulher está em pé diante da palavra smart, e uma mulher está em pé diante da palavra smart, e uma mulher está em"
408,-1,,,,"Um homem e uma mulher estão ligados à palavra eu acho que eu sou um homem e uma mulher, que eu sou um homem e uma mulher estão ligados à palavra eu acho que eu sou um homem e uma mulher estão ligados à palavra eu acho que eu sou um homem e uma mulher estão ligados à palavra"
409,-1,,,,"A figura que mostra as diferentes fases da vida de uma pessoa, mostra as diferentes fases da vida de uma pessoa."
410,-1,,,,Um homem e uma mulher estão ligados à palavra pequena e uma mulher estão ligados à palavra pequena.
411,-1,,,,"Um homem e uma mulher estão ligados à palavra fim, e um homem e uma mulher estão ligados à palavra fim."
412,-1,,,,Um homem e uma mulher estão ligados à palavra 's s s s s s s s s s s s s s s s s s s s s s s s s s s
413,-1,,,,Um diagrama que mostra as três etapas de um corpo humano mostra as três etapas de um corpo humano.
414,-1,,,,A pessoa é apresentada no meio de um círculo com a palavra pequeno e pequeno é mostrada no meio de um círculo com a palavra pequeno e pequeno é mostrado no meio de um círculo com a palavra pequeno e pequeno é mostrado uma pessoa é mostrada no meio de um círculo com a palavra pequeno e pequeno é mostrado uma pessoa é
415,-1,,,,A pessoa é apresentada no meio de um círculo com a palavra pequeno e pequeno é mostrada no meio de um círculo com a palavra pequeno e pequeno é mostrado no meio de um círculo com a palavra pequeno e pequeno é mostrado uma pessoa é mostrada no meio de um círculo com a palavra pequeno e pequeno é mostrado uma pessoa é
416,-1,,,,A pessoa é mostrada no meio de um círculo com a palavra no meio é apresentada no meio de um círculo com a palavra no meio é apresentada no meio de um círculo com a palavra no meio é apresentada no meio de um círculo com a palavra no meio é apresentada no meio de um círculo com a palavra no meio é
417,-1,,,,"A pessoa está em pé diante de um círculo com a palavra pequena, com a palavra pequena, em frente a um círculo com a palavra pequena."
418,-1,,,,Um homem e uma mulher estão ligados à palavra pequena e uma mulher estão ligados à palavra pequena.
419,-1,,,,Um homem e uma mulher estão ligados à palavra pequena e uma mulher estão ligados à palavra pequena.
420,-1,,,,Um homem e uma mulher estão ligados à palavra pequena e uma mulher estão ligados à palavra pequena.
421,-1,,,,Um homem e uma mulher estão ligados à palavra pequena e uma mulher estão ligados à palavra pequena.
422,-1,,,,Um homem e uma mulher estão ligados à palavra pequena e uma mulher estão ligados à palavra pequena.
423,-1,,,,Um homem e uma mulher estão ligados à palavra pequena e uma mulher estão ligados à palavra pequena.
424,-1,,,,"A estratégia de marketing social apresenta as quatro etapas de uma estratégia de marketing social, apresentando os quatro estágios de uma estratégia de marketing social."
425,-1,,,,Um diagrama mostra as quatro etapas de um pequeno negócio mostrando as quatro etapas de um pequeno negócio.
426,-1,,,,Um diagrama que mostra as quatro etapas do ciclo social mostra as quatro etapas do ciclo social.
427,-1,,,,"Um diagrama que mostra as quatro etapas de uma pequena conversação, mostra as quatro etapas de uma conversação pequena mostrando as quatro etapas de uma conversação pequena mostrando as quatro etapas de uma conversação pequena mostrando as quatro etapas de uma conversação pequena mostrando as quatro etapas de uma conversação pequena mostrando as quatro etapas de"
428,-1,,,,Um grupo de pessoas em pé em um círculo com as palavras pequenas conversam com a palavra pequena conversam.
429,-1,,,,Um grupo de pessoas em pé em um círculo com as palavras pequenas conversam com a palavra pequena conversam.
430,-1,,,,Um grupo de pessoas em pé em um círculo com as palavras pequenas conversam com a palavra pequena conversam.
431,-1,,,,Logotipo de conversa pequena é pequeno logo logo logo logo logo.
432,-1,,,,Logotipo de conversa pequena é pequeno logo logo logo logo logo.
433,-1,,,,Logotipo de conversa pequena é pequeno logo logo logo logo logo.
434,-1,,,,Falar pouco conversa com um grupo de pessoas em pé diante da palavra pequena conversa.
435,-1,,,,Logotipo de conversa pequena é pequeno logo logo logo logo logo.
436,-1,,,,Falar pouco conversa com um grupo de pessoas em pé diante da palavra pequena conversa.
437,-1,,,,Falar pouco conversa com um grupo de pessoas em pé diante da palavra pequena conversa.
438,-1,,,,Um grupo de pessoas em pé diante da palavra fala fala.
439,-1,,,,Um grupo de pessoas em pé diante da palavra fala fala.
440,-1,,,,Um grupo de pessoas em pé diante da palavra fala fala.
441,-1,,,,Um grupo de pessoas em pé diante da palavra fala fala.
442,-1,,,,Um grupo de pessoas em pé diante da palavra fala fala.
443,-1,,,,Falar pouco conversa com um grupo de pessoas em pé diante da palavra pequena conversa.
444,-1,,,,Falar pouco conversa com um grupo de pessoas em pé diante da palavra pequena conversa.
445,-1,,,,Falar pouco conversa com um grupo de pessoas em pé diante da palavra pequena conversa.
446,-1,,,,Falar pouco conversa com um grupo de pessoas em pé diante da palavra pequena conversa.
447,-1,,,,Falar pouco conversa com um grupo de pessoas em pé diante da palavra pequena conversa.
448,-1,,,,Falar pouco conversa com um grupo de pessoas em pé diante da palavra pequena conversa.
449,-1,,,,Falar pouco conversa com um grupo de pessoas em pé diante da palavra pequena conversa.
450,-1,,,,Falar pouco conversa com um grupo de pessoas em pé diante da palavra pequena conversa.
451,-1,,,,Falar pouco conversa com um grupo de pessoas em pé diante da palavra pequena conversa.
452,-1,,,,Falar pouco conversa com um grupo de pessoas em pé diante da palavra pequena conversa.
453,-1,,,,Falar pouco conversa com um grupo de pessoas em pé diante da palavra pequena conversa.
454,-1,,,,Falar pouco conversa com um grupo de pessoas em pé diante da palavra pequena conversa.
455,-1,,,,Falar pouco conversa com um grupo de pessoas em pé diante da palavra pequena conversa.
456,-1,,,,Falar pouco conversa com um grupo de pessoas em pé diante da palavra pequena conversa.
457,-1,,,,Falar pouco conversa com um grupo de pessoas em pé diante da palavra pequena conversa.
458,-1,,,,Falar pouco conversa com um grupo de pessoas em pé diante da palavra pequena conversa.
459,-1,,,,Falar pouco conversa com um grupo de pessoas em pé diante da palavra pequena conversa.
460,-1,,,,Falar pouco conversa com um grupo de pessoas em pé diante da palavra pequena conversa.
461,-1,,,,Falar pouco conversa com um grupo de pessoas em pé diante da palavra pequena conversa.
462,-1,,,,Falar pouco conversa com um grupo de pessoas em pé diante da palavra pequena conversa.
463,-1,,,,Falar pouco conversa com um grupo de pessoas em pé diante da palavra pequena conversa.
464,-1,,,,Falar pouco conversa com um grupo de pessoas em pé diante da palavra pequena conversa.
465,-1,,,,Falar pouco conversa com um grupo de pessoas em pé diante da palavra pequena conversa.
466,-1,,,,Falar pouco conversa com um grupo de pessoas em pé diante da palavra pequena conversa.
467,-1,,,,Falar pouco conversa com um grupo de pessoas em pé diante da palavra pequena conversa.
468,-1,,,,Falar pouco conversa com um grupo de pessoas em pé diante da palavra pequena conversa.
469,-1,,,,Falar pouco conversa com um grupo de pessoas em pé diante da palavra pequena conversa.
470,-1,,,,Um grupo de pessoas em pé diante de um sinal que diz pequeno conversar.
471,-1,,,,Falar pouco conversa com um grupo de pessoas em pé diante da palavra pequena conversa.
472,-1,,,,Falar pouco conversa com um grupo de pessoas em pé diante da palavra pequena conversa.
473,-1,,,,Um grupo de pessoas em pé diante de um sinal que diz pequeno conversar.
474,-1,,,,Um grupo de pessoas em pé diante de um sinal que diz pequeno conversar.
475,-1,,,,Um grupo de pessoas em pé diante de um sinal que diz pequeno conversar.
476,-1,,,,Um grupo de pessoas em pé diante de um sinal que diz pequeno conversar.
477,-1,,,,Um grupo de pessoas em pé diante de um sinal que diz pequeno conversar.
478,-1,,,,Um grupo de pessoas em pé diante de um sinal que diz pequeno conversar.
479,-1,,,,Um grupo de pessoas em pé diante de um sinal que diz pequeno conversar.
480,-1,,,,Um grupo de pessoas em pé diante de um sinal que diz pequeno conversar.
481,-1,,,,Um grupo de pessoas em pé diante de um sinal que diz pequeno conversar.
482,-1,,,,Um grupo de pessoas em pé diante de um sinal que diz pequeno conversar.
483,-1,,,,Um grupo de pessoas em pé diante de um sinal que diz pequeno conversar.
484,-1,,,,Um grupo de pessoas em pé diante de um sinal que diz pequeno conversar.
485,-1,,,,Um grupo de pessoas em pé diante de um sinal que diz pequeno conversar.
486,-1,,,,Um grupo de pessoas em pé diante de um sinal que diz pequeno conversar.
487,-1,,,,Um grupo de pessoas em pé diante de um sinal que diz pequeno conversar.
488,-1,,,,Um grupo de pessoas em pé diante de um sinal que diz pequeno conversar.
489,-1,,,,Um grupo de pessoas em pé diante de um sinal que diz pequeno conversar.
490,-1,,,,Um grupo de pessoas em pé diante de um sinal que diz pequeno conversar.
491,-1,,,,Um grupo de pessoas em pé diante de um sinal que diz pequeno conversar.
492,-1,,,,Um grupo de pessoas em pé diante de um sinal que diz pequeno conversar.
493,-1,,,,Um grupo de pessoas em pé diante de um sinal que diz pequeno conversar.
494,-1,,,,Um grupo de pessoas em pé diante de um sinal que diz pequeno conversar.
495,-1,,,,Um grupo de pessoas em pé diante de um sinal que diz pequeno conversar.
496,-1,,,,A palavra social conversa com três pessoas em pé diante de um círculo.
497,-1,,,,A palavra social conversa com três pessoas em pé diante de um círculo.
498,-1,,,,A palavra social conversa com três pessoas em pé diante de um círculo.
499,-1,,,,A palavra social conversa com três pessoas em pé diante de um círculo.
500,-1,,,,A palavra social conversar com duas pessoas em frente a um círculo é a palavra social conversar com duas pessoas em pé diante de um círculo.
501,-1,,,,A palavra social conversar com duas pessoas em frente a um círculo é a palavra social conversar com duas pessoas em pé diante de um círculo.
502,-1,,,,A palavra social conversar com duas pessoas em frente a um círculo é a palavra social conversar com duas pessoas em pé diante de um círculo.
503,-1,,,,A palavra social conversar com duas pessoas em frente a um círculo é a palavra social conversar com duas pessoas em pé diante de um círculo.
504,-1,,,,A palavra social conversar com duas pessoas em frente a um círculo é a palavra social conversar com duas pessoas em pé diante de um círculo.
505,-1,,,,A palavra social conversar com duas pessoas em frente a um círculo é a palavra social conversar com duas pessoas em pé diante de um círculo.
506,-1,,,,A palavra social conversar com duas pessoas em frente a um círculo é a palavra social conversar com duas pessoas em pé diante de um círculo.
507,-1,,,,A palavra social conversar com duas pessoas em frente a um círculo é a palavra social conversar com duas pessoas em pé diante de um círculo.
508,-1,,,,A palavra social conversar com duas pessoas em frente a um círculo é a palavra social conversar com duas pessoas em pé diante de um círculo.
509,-1,,,,A palavra social conversar com duas pessoas em frente a um círculo é a palavra social conversar com duas pessoas em pé diante de um círculo.
510,-1,,,,A palavra social conversar com duas pessoas em frente a um círculo é a palavra social conversar com duas pessoas em pé diante de um círculo.
511,-1,,,,A palavra social conversar com duas pessoas em frente a um círculo é a palavra social conversar com duas pessoas em pé diante de um círculo.
512,-1,,,,A palavra social conversar com duas pessoas em frente a um círculo é a palavra social conversar com duas pessoas em pé diante de um círculo.
513,-1,,,,A palavra social conversar com duas pessoas em frente a um círculo é a palavra social conversar com duas pessoas em pé diante de um círculo.
514,-1,,,,A palavra social conversar com duas pessoas em frente a um círculo é a palavra social conversar com duas pessoas em pé diante de um círculo.
515,-1,,,,A palavra social conversar com duas pessoas em frente a um círculo é a palavra social conversar com duas pessoas em pé diante de um círculo.
516,-1,,,,A palavra social conversar com duas pessoas em frente a um círculo é a palavra social conversar com duas pessoas em pé diante de um círculo.
517,-1,,,,A palavra social conversar com duas pessoas em frente a um círculo é a palavra social conversar com duas pessoas em pé diante de um círculo.
518,-1,,,,A palavra social conversar com duas pessoas em frente a um círculo é a palavra social conversar com duas pessoas em pé diante de um círculo.
519,-1,,,,A palavra social conversar com duas pessoas em frente a um círculo é a palavra social conversar com duas pessoas em pé diante de um círculo.
520,-1,,,,A palavra social conversar com duas pessoas em frente a um círculo é a palavra social conversar com duas pessoas em pé diante de um círculo.
521,-1,,,,"A palavra pequena conversa cerca de três pessoas, a palavra pequena conversa cerca de três pessoas."
522,-1,,,,"A palavra pequena conversa cerca de três pessoas, a palavra pequena conversa cerca de três pessoas."
523,-1,,,,"A palavra pequena conversa cerca de três pessoas, a palavra pequena conversa cerca de três pessoas."
524,-1,,,,"A palavra pequena conversa cerca de três pessoas, a palavra pequena conversa cerca de três pessoas."
525,-1,,,,"A palavra pequena conversa cerca de três pessoas, a palavra pequena conversa cerca de três pessoas."
526,-1,,,,A palavra pequena conversa em torno de duas pessoas é de conversar com a palavra pequena conversar.
527,-1,,,,A palavra pequena conversa com duas pessoas em pé diante de um círculo.
528,-1,,,,A palavra pequena conversa em torno de duas pessoas é de conversar com a palavra pequena conversar.
529,-1,,,,A palavra pequena conversa em torno de duas pessoas é de conversar com a palavra pequena conversar.
530,-1,,,,A palavra pequena conversa em torno de duas pessoas é de conversar com a palavra pequena conversar.
531,-1,,,,A palavra pequena conversa com duas pessoas em pé diante de um círculo.
532,-1,,,,A palavra pequena conversa em torno de duas pessoas é de conversar com a palavra pequena conversar.
533,-1,,,,A palavra pequena conversa em torno de duas pessoas é de conversar com a palavra pequena conversar.
534,-1,,,,A palavra smart conversa com duas pessoas em pé diante de um círculo.
535,-1,,,,A palavra pequena conversa em torno de duas pessoas é de conversar com a palavra pequena conversar.
536,-1,,,,A palavra pequena conversa em torno de duas pessoas é de conversar com a palavra pequena conversar.
537,-1,,,,A palavra pequena conversa em torno de duas pessoas é de conversar com a palavra pequena conversar.
538,-1,,,,A palavra pequena conversa em torno de duas pessoas é de conversar com a palavra pequena conversar.
539,-1,,,,A palavra pequena conversa em torno de duas pessoas é de conversar com a palavra pequena conversar.
540,-1,,,,dança dança dança dança dança dança dança dança dança dança dança dança dança dança dança dança dança dança dança dança dança dança dança dança dança dança dança dança dança dança dança dança dança dança dança dança dança dança dança dança dança dança dança dança dança dança dança dança dança dança dança dança dança dança dança dança dança dança dança dança dança dança dança
541,-1,,,,dança dança dança dança dança dança dança dança dança dança dança dança dança dança dança dança dança dança dança dança dança dança dança dança dança dança dança dança dança dança dança dança dança dança dança dança dança dança dança dança dança dança dança dança dança dança dança dança dança dança dança dança dança dança dança dança dança dança dança dança dança dança dança
542,-1,,,,dança dança dança dança dança dança dança dança dança dança dança dança dança dança dança dança dança dança dança dança dança dança dança dança dança dança dança dança dança dança dança dança dança dança dança dança dança dança dança dança dança dança dança dança dança dança dança dança dança dança dança dança dança dança dança dança dança dança dança dança dança dança dança
543,-1,,,,dança dança dança dança dança dança dança dança dança dança dança dança dança dança dança dança dança dança dança dança dança dança dança dança dança dança dança dança dança dança dança dança dança dança dança dança dança dança dança dança dança dança dança dança dança dança dança dança dança dança dança dança dança dança dança dança dança dança dança dança dança dança dança
544,-1,,,,Uma mulher de um vestido preto está segurando um objeto vermelho vermelho.
545,-1,,,,dança dança dança dança dança dança dança dança dança dança dança dança dança dança dança dança dança dança dança dança dança dança dança dança dança dança dança dança dança dança dança dança dança dança dança dança dança dança dança dança dança dança dança dança dança dança dança dança dança dança dança dança dança dança dança dança dança dança dança dança dança dança dança
546,-1,,,,dança dança dança dança dança dança dança dança dança dança dança dança dança dança dança dança dança dança dança dança dança dança dança dança dança dança dança dança dança dança dança dança dança dança dança dança dança dança dança dança dança dança dança dança dança dança dança dança dança dança dança dança dança dança dança dança dança dança dança dança dança dança dança
547,-1,,,,Uma mulher de um vestido preto está segurando um objeto vermelho vermelho.
548,-1,,,,"Vestuário preto, com um objeto vermelho, é uma mulher que se veste com um vestido preto."
549,-1,,,,Uma mulher de um vestido preto está segurando um objeto vermelho vermelho.
550,6,pessoa6,Triste,99.29065704345703,Uma mulher de um vestido preto está em pé diante de um fundo cinzento.
551,6,pessoa6,Alegre,47.319969177246094,Uma mulher de um vestido preto está fazendo yoga em uma roupa preta.
552,-1,,,,Fazer um gesto de uma mulher em um vestido preto é fazer um gesto de uma mulher em um vestido preto é fazer um gesto de uma mulher em um vestido preto é fazer um gesto de uma mulher em um vestido preto é fazer um gesto de uma mulher em um vestido preto é fazer um gesto de uma mulher em
553,-1,,,,Uma mulher de um vestido preto está segurando as mãos para cima de uma mulher de um vestido preto está segurando as mãos para cima de uma mulher de um vestido preto.
554,1,pessoa1,Surpreso,45.505001068115234,Fazer um gesto de uma mulher em um vestido preto é fazer um gesto de uma mulher em um vestido preto é fazer um gesto de uma mulher em um vestido preto é fazer um gesto de uma mulher em um vestido preto é fazer um gesto de uma mulher em um vestido preto é fazer um gesto de uma mulher em
555,1,pessoa1,Triste,81.44733428955078,Uma mulher de um vestido preto está fazendo uma faceta em uma roupa preta.
556,1,pessoa1,Neutro,89.72786712646484,"Mulher com lambida vermelha e vestido preto, de cor parda, de cor parda, de cor parda, de cor parda, de cor parda, de cor parda, de cor parda, de cor parda, de cor parda, de cor parda, de cor par"
557,1,pessoa1,Alegre,97.8472900390625,Mulher de um vestido preto com lambida vermelha com lambida vermelha.
558,1,pessoa1,Alegre,93.93170166015625,Mulher de um vestido preto com lambida vermelha com lambida vermelha.
559,1,pessoa1,Triste,99.31285095214844,Mulher de um vestido preto com lambida vermelha com lambida vermelha.
560,6,pessoa6,Alegre,99.14338684082031,Mulher com lambida vermelha e braçada preta.
561,6,pessoa6,Neutro,69.42249298095703,Mulher de um vestido preto com lambida vermelha com lambida vermelha.
562,6,pessoa6,Triste,96.7286148071289,"Uma mulher em um bra bra top e vermelho labial, de cor preta, e uma mulher em um bra top e vermelho labial, de cor preta."
563,6,pessoa6,Triste,86.6584243774414,Mulher de um vestido preto com lambida vermelha com lambida vermelha.
564,6,pessoa6,Neutro,99.13228607177734,dança dança dança dança dança dança dança dança dança dança dança dança dança dança dança dança dança dança dança dança dança dança dança dança dança dança dança dança dança dança dança dança dança dança dança dança dança dança dança dança dança dança dança dança dança dança dança dança dança dança dança dança dança dança dança dança dança dança dança dança dança dança dança
565,6,pessoa6,Triste,43.3515510559082,dança dança dança dança dança dança dança dança dança dança dança dança dança dança dança dança dança dança dança dança dança dança dança dança dança dança dança dança dança dança dança dança dança dança dança dança dança dança dança dança dança dança dança dança dança dança dança dança dança dança dança dança dança dança dança dança dança dança dança dança dança dança dança
566,6,pessoa6,Alegre,98.39771270751953,dança dança dança dança dança dança dança dança dança dança dança dança dança dança dança dança dança dança dança dança dança dança dança dança dança dança dança dança dança dança dança dança dança dança dança dança dança dança dança dança dança dança dança dança dança dança dança dança dança dança dança dança dança dança dança dança dança dança dança dança dança dança dança
567,6,pessoa6,Triste,84.62908172607422,"Uma mulher em um lápis preto e vermelho, de ponta preta e vermelho, é uma mulher."
568,6,pessoa6,Raiva,99.76351165771484,"Uma mulher em um lápis preto e vermelho, de ponta preta e vermelho, é uma mulher."
569,6,pessoa6,Raiva,99.967529296875,dança dança dança dança dança dança dança dança dança dança dança dança dança dança dança dança dança dança dança dança dança dança dança dança dança dança dança dança dança dança dança dança dança dança dança dança dança dança dança dança dança dança dança dança dança dança dança dança dança dança dança dança dança dança dança dança dança dança dança dança dança dança dança
570,6,pessoa6,Raiva,69.22282409667969,dança dança dança dança dança dança dança dança dança dança dança dança dança dança dança dança dança dança dança dança dança dança dança dança dança dança dança dança dança dança dança dança dança dança dança dança dança dança dança dança dança dança dança dança dança dança dança dança dança dança dança dança dança dança dança dança dança dança dança dança dança dança dança
571,6,pessoa6,Triste,99.9878921508789,dança dança dança dança dança dança dança dança dança dança dança dança dança dança dança dança dança dança dança dança dança dança dança dança dança dança dança dança dança dança dança dança dança dança dança dança dança dança dança dança dança dança dança dança dança dança dança dança dança dança dança dança dança dança dança dança dança dança dança dança dança dança dança
572,6,pessoa6,Alegre,77.62470245361328,dança dança dança dança dança dança dança dança dança dança dança dança dança dança dança dança dança dança dança dança dança dança dança dança dança dança dança dança dança dança dança dança dança dança dança dança dança dança dança dança dança dança dança dança dança dança dança dança dança dança dança dança dança dança dança dança dança dança dança dança dança dança dança
573,6,pessoa6,Neutro,84.04692077636719,dança dança dança dança dança dança dança dança dança dança dança dança dança dança dança dança dança dança dança dança dança dança dança dança dança dança dança dança dança dança dança dança dança dança dança dança dança dança dança dança dança dança dança dança dança dança dança dança dança dança dança dança dança dança dança dança dança dança dança dança dança dança dança
574,6,pessoa6,Raiva,99.23979949951172,dança dança dança dança dança dança dança dança dança dança dança dança dança dança dança dança dança dança dança dança dança dança dança dança dança dança dança dança dança dança dança dança dança dança dança dança dança dança dança dança dança dança dança dança dança dança dança dança dança dança dança dança dança dança dança dança dança dança dança dança dança dança dança
575,6,pessoa6,Neutro,47.275882720947266,dança dança dança dança dança dança dança dança dança dança dança dança dança dança dança dança dança dança dança dança dança dança dança dança dança dança dança dança dança dança dança dança dança dança dança dança dança dança dança dança dança dança dança dança dança dança dança dança dança dança dança dança dança dança dança dança dança dança dança dança dança dança dança
576,6,pessoa6,Neutro,72.08953094482422,dança dança dança dança dança dança dança dança dança dança dança dança dança dança dança dança dança dança dança dança dança dança dança dança dança dança dança dança dança dança dança dança dança dança dança dança dança dança dança dança dança dança dança dança dança dança dança dança dança dança dança dança dança dança dança dança dança dança dança dança dança dança dança
577,6,pessoa6,Triste,72.1762466430664,dança dança dança dança dança dança dança dança dança dança dança dança dança dança dança dança dança dança dança dança dança dança dança dança dança dança dança dança dança dança dança dança dança dança dança dança dança dança dança dança dança dança dança dança dança dança dança dança dança dança dança dança dança dança dança dança dança dança dança dança dança dança dança
578,6,pessoa6,Triste,55.83761978149414,dança dança dança dança dança dança dança dança dança dança dança dança dança dança dança dança dança dança dança dança dança dança dança dança dança dança dança dança dança dança dança dança dança dança dança dança dança dança dança dança dança dança dança dança dança dança dança dança dança dança dança dança dança dança dança dança dança dança dança dança dança dança dança
579,6,pessoa6,Surpreso,44.79077911376953,dança dança dança dança dança dança dança dança dança dança dança dança dança dança dança dança dança dança dança dança dança dança dança dança dança dança dança dança dança dança dança dança dança dança dança dança dança dança dança dança dança dança dança dança dança dança dança dança dança dança dança dança dança dança dança dança dança dança dança dança dança dança dança
580,6,pessoa6,Alegre,71.71646881103516,dança dança dança dança dança dança dança dança dança dança dança dança dança dança dança dança dança dança dança dança dança dança dança dança dança dança dança dança dança dança dança dança dança dança dança dança dança dança dança dança dança dança dança dança dança dança dança dança dança dança dança dança dança dança dança dança dança dança dança dança dança dança dança
581,6,pessoa6,Alegre,72.08070373535156,dança dança dança dança dança dança dança dança dança dança dança dança dança dança dança dança dança dança dança dança dança dança dança dança dança dança dança dança dança dança dança dança dança dança dança dança dança dança dança dança dança dança dança dança dança dança dança dança dança dança dança dança dança dança dança dança dança dança dança dança dança dança dança
582,6,pessoa6,Neutro,67.59716033935547,dança dança dança dança dança dança dança dança dança dança dança dança dança dança dança dança dança dança dança dança dança dança dança dança dança dança dança dança dança dança dança dança dança dança dança dança dança dança dança dança dança dança dança dança dança dança dança dança dança dança dança dança dança dança dança dança dança dança dança dança dança dança dança
582,7,pessoa7,Neutro,96.49901580810547,dança dança dança dança dança dança dança dança dança dança dança dança dança dança dança dança dança dança dança dança dança dança dança dança dança dança dança dança dança dança dança dança dança dança dança dança dança dança dança dança dança dança dança dança dança dança dança dança dança dança dança dança dança dança dança dança dança dança dança dança dança dança dança
583,6,pessoa6,Medo,97.88604736328125,dança dança dança dança dança dança dança dança dança dança dança dança dança dança dança dança dança dança dança dança dança dança dança dança dança dança dança dança dança dança dança dança dança dança dança dança dança dança dança dança dança dança dança dança dança dança dança dança dança dança dança dança dança dança dança dança dança dança dança dança dança dança dança
584,6,pessoa6,Neutro,72.73409271240234,Mulher em uma dança de vestido preto de dança de dança de uma mulher de uma dança de vestido preto de dança de baile de noiva.
585,6,pessoa6,Neutro,98.3572006225586,dança dança dança dança dança dança dança dança dança dança dança dança dança dança dança dança dança dança dança dança dança dança dança dança dança dança dança dança dança dança dança dança dança dança dança dança dança dança dança dança dança dança dança dança dança dança dança dança dança dança dança dança dança dança dança dança dança dança dança dança dança dança dança
586,6,pessoa6,Medo,54.296844482421875,dança dança dança dança dança dança dança dança dança dança dança dança dança dança dança dança dança dança dança dança dança dança dança dança dança dança dança dança dança dança dança dança dança dança dança dança dança dança dança dança dança dança dança dança dança dança dança dança dança dança dança dança dança dança dança dança dança dança dança dança dança dança dança
587,6,pessoa6,Alegre,65.03018188476562,dança dança dança dança dança dança dança dança dança dança dança dança dança dança dança dança dança dança dança dança dança dança dança dança dança dança dança dança dança dança dança dança dança dança dança dança dança dança dança dança dança dança dança dança dança dança dança dança dança dança dança dança dança dança dança dança dança dança dança dança dança dança dança
588,6,pessoa6,Medo,85.35145568847656,dança dança dança dança dança dança dança dança dança dança dança dança dança dança dança dança dança dança dança dança dança dança dança dança dança dança dança dança dança dança dança dança dança dança dança dança dança dança dança dança dança dança dança dança dança dança dança dança dança dança dança dança dança dança dança dança dança dança dança dança dança dança dança
589,-1,,,,dança dança dança dança dança dança dança dança dança dança dança dança dança dança dança dança dança dança dança dança dança dança dança dança dança dança dança dança dança dança dança dança dança dança dança dança dança dança dança dança dança dança dança dança dança dança dança dança dança dança dança dança dança dança dança dança dança dança dança dança dança dança dança
590,-1,,,,dança dança dança dança dança dança dança dança dança dança dança dança dança dança dança dança dança dança dança dança dança dança dança dança dança dança dança dança dança dança dança dança dança dança dança dança dança dança dança dança dança dança dança dança dança dança dança dança dança dança dança dança dança dança dança dança dança dança dança dança dança dança dança
591,-1,,,,Mulher com tatuagens em suas costas e braços.
592,-1,,,,Uma mulher com tatuagem em seu dorso.
593,-1,,,,Uma mulher com tatuagem em seu dorso.
594,-1,,,,Uma mulher com tatuagem em seu dorso.
595,8,pessoa8,Medo,60.318603515625,Uma mulher com tatuagem em seu dorso.
596,-1,,,,Uma mulher em um topo de bra preto está em pé em frente a uma parede em um topo de bra preto está em pé.
597,8,pessoa8,Triste,82.46534729003906,Uma mulher com tatuagem em seu dorso.
598,8,pessoa8,Triste,64.14988708496094,Uma mulher em um topo de um bra negro está em pé diante de um snowfl.
599,8,pessoa8,Neutro,96.6019515991211,Uma mulher de um vestido preto está em pé na neve.
600,8,pessoa8,Alegre,86.75106048583984,dança dança dança dança dança dança dança dança dança dança dança dança dança dança dança dança dança dança dança dança dança dança dança dança dança dança dança dança dança dança dança dança dança dança dança dança dança dança dança dança dança dança dança dança dança dança dança dança dança dança dança dança dança dança dança dança dança dança dança dança dança dança dança
601,8,pessoa8,Triste,73.09757995605469,dança dança dança dança dança dança dança dança dança dança dança dança dança dança dança dança dança dança dança dança dança dança dança dança dança dança dança dança dança dança dança dança dança dança dança dança dança dança dança dança dança dança dança dança dança dança dança dança dança dança dança dança dança dança dança dança dança dança dança dança dança dança dança
602,8,pessoa8,Neutro,97.31645965576172,dança dança dança dança dança dança dança dança dança dança dança dança dança dança dança dança dança dança dança dança dança dança dança dança dança dança dança dança dança dança dança dança dança dança dança dança dança dança dança dança dança dança dança dança dança dança dança dança dança dança dança dança dança dança dança dança dança dança dança dança dança dança dança
603,7,pessoa7,Triste,99.7764892578125,dança dança dança dança dança dança dança dança dança dança dança dança dança dança dança dança dança dança dança dança dança dança dança dança dança dança dança dança dança dança dança dança dança dança dança dança dança dança dança dança dança dança dança dança dança dança dança dança dança dança dança dança dança dança dança dança dança dança dança dança dança dança dança
604,7,pessoa7,Triste,88.96308898925781,dança dança dança dança dança dança dança dança dança dança dança dança dança dança dança dança dança dança dança dança dança dança dança dança dança dança dança dança dança dança dança dança dança dança dança dança dança dança dança dança dança dança dança dança dança dança dança dança dança dança dança dança dança dança dança dança dança dança dança dança dança dança dança
605,7,pessoa7,Medo,63.11726379394531,dança dança dança dança dança dança dança dança dança dança dança dança dança dança dança dança dança dança dança dança dança dança dança dança dança dança dança dança dança dança dança dança dança dança dança dança dança dança dança dança dança dança dança dança dança dança dança dança dança dança dança dança dança dança dança dança dança dança dança dança dança dança dança
606,7,pessoa7,Triste,53.82807922363281,dança dança dança dança dança dança dança dança dança dança dança dança dança dança dança dança dança dança dança dança dança dança dança dança dança dança dança dança dança dança dança dança dança dança dança dança dança dança dança dança dança dança dança dança dança dança dança dança dança dança dança dança dança dança dança dança dança dança dança dança dança dança dança
607,5,pessoa5,Neutro,53.38685989379883,dança dança dança dança dança dança dança dança dança dança dança dança dança dança dança dança dança dança dança dança dança dança dança dança dança dança dança dança dança dança dança dança dança dança dança dança dança dança dança dança dança dança dança dança dança dança dança dança dança dança dança dança dança dança dança dança dança dança dança dança dança dança dança
608,5,pessoa5,Medo,34.416141510009766,dança dança dança dança dança dança dança dança dança dança dança dança dança dança dança dança dança dança dança dança dança dança dança dança dança dança dança dança dança dança dança dança dança dança dança dança dança dança dança dança dança dança dança dança dança dança dança dança dança dança dança dança dança dança dança dança dança dança dança dança dança dança dança
609,5,pessoa5,Triste,90.27460479736328,dança dança dança dança dança dança dança dança dança dança dança dança dança dança dança dança dança dança dança dança dança dança dança dança dança dança dança dança dança dança dança dança dança dança dança dança dança dança dança dança dança dança dança dança dança dança dança dança dança dança dança dança dança dança dança dança dança dança dança dança dança dança dança
610,5,pessoa5,Raiva,76.64678192138672,"Dançando na neve, uma mulher de um vestido preto dançando na neve."
611,5,pessoa5,Medo,53.17925262451172,"Mulher de um vestido preto dançando com as mãos para cima, com as mãos para cima, com as mãos para cima, com as mãos para cima, com as mãos para cima, com as mãos para cima, com as mãos para cima, com as mãos para cima, com as mãos para cima, com as"
612,5,pessoa5,Alegre,99.68057250976562,dança dança dança dança dança dança dança dança dança dança dança dança dança dança dança dança dança dança dança dança dança dança dança dança dança dança dança dança dança dança dança dança dança dança dança dança dança dança dança dança dança dança dança dança dança dança dança dança dança dança dança dança dança dança dança dança dança dança dança dança dança dança dança
613,5,pessoa5,Neutro,58.313053131103516,dança dança dança dança dança dança dança dança dança dança dança dança dança dança dança dança dança dança dança dança dança dança dança dança dança dança dança dança dança dança dança dança dança dança dança dança dança dança dança dança dança dança dança dança dança dança dança dança dança dança dança dança dança dança dança dança dança dança dança dança dança dança dança
614,5,pessoa5,Neutro,77.14200592041016,dança dança dança dança dança dança dança dança dança dança dança dança dança dança dança dança dança dança dança dança dança dança dança dança dança dança dança dança dança dança dança dança dança dança dança dança dança dança dança dança dança dança dança dança dança dança dança dança dança dança dança dança dança dança dança dança dança dança dança dança dança dança dança
615,5,pessoa5,Triste,44.06592559814453,Uma mulher de um vestido preto está segurando as mãos para cima de uma mulher de um vestido preto está segurando as mãos para cima de uma mulher de um vestido preto.
616,5,pessoa5,Raiva,37.7473258972168,"Uma mulher de um vestido preto está segurando a mão dela numa roupa preta, segurando a mão dela."
617,5,pessoa5,Raiva,58.41498565673828,"Uma mulher de um vestido preto está segurando a mão dela numa roupa preta, segurando a mão dela."
618,5,pessoa5,Raiva,64.18230438232422,"Uma mulher de um vestido preto está segurando a mão dela numa roupa preta, segurando a mão dela."
619,5,pessoa5,Triste,98.4503173828125,Uma mulher de um vestido preto está segurando as mãos para cima de uma mulher de um vestido preto está segurando as mãos para cima de uma mulher de um vestido preto.
620,5,pessoa5,Triste,97.09781646728516,"Uma mulher de um vestido preto está segurando a mão dela numa roupa preta, segurando a mão dela."
621,5,pessoa5,Triste,98.98480987548828,Uma mulher de um vestido preto está em pé em frente a uma parede em um vestido preto.
622,5,pessoa5,Triste,98.9206771850586,"Uma mulher com lambida vermelha e uma derradeiro preta, uma mulher com lambida vermelha e uma mulher de cor parda preta."
623,5,pessoa5,Triste,58.10238265991211,Uma mulher com lambida vermelha e um lambida vermelho.
624,5,pessoa5,Triste,99.94385528564453,"Uma mulher com lambida vermelha e uma derradeiro preta, uma mulher com lambida vermelha e uma mulher de cor parda preta."
625,5,pessoa5,Triste,76.69139862060547,"Uma mulher com lambida vermelha e uma derradeiro preta, uma mulher com lambida vermelha e uma mulher de cor parda preta."
626,5,pessoa5,Triste,49.962032318115234,"Uma mulher com lambida vermelha e uma de cobertura branca, de cor parda, de cor parda, de cor parda, de cor parda, de cor parda, de cor parda, de cor parda, de cor parda, de cor parda, de cor parda,"
627,5,pessoa5,Triste,35.622833251953125,"Uma mulher com lambida vermelha e uma derradeiro preta, uma mulher com lambida vermelha e uma mulher de cor parda preta."
628,5,pessoa5,Triste,65.21174621582031,"Uma mulher com lambida vermelha e uma derradeiro preta, uma mulher com lambida vermelha e uma mulher de cor parda preta."
629,5,pessoa5,Neutro,45.766544342041016,Uma mulher com um lápis vermelho e uma veste preta.
630,5,pessoa5,Neutro,92.56596374511719,"Uma mulher com lambida vermelha e uma derradeiro preta, uma mulher com lambida vermelha e uma mulher de cor parda preta."
631,5,pessoa5,Neutro,68.18035125732422,"Uma mulher com tatuagens e um labirinto vermelho, com tatuagem e tatuagem, foi a mulher com tatuagem e labirinto vermelho."
632,5,pessoa5,Triste,75.60208892822266,"Uma mulher com tatuagem no braço, com uma tatuagem no braço, com uma tatuagem no braço, com uma tatuagem no braço, com uma tatuagem no braço, com uma tatuagem no braço, com uma tatuagem no braço, com uma tatuagem no"
633,5,pessoa5,Neutro,79.80175018310547,Uma mulher com tatuagem no ombro de sua mulher com tatuagem no ombro.
634,5,pessoa5,Alegre,35.4293212890625,"Uma mulher com tatuagem no braço, com uma tatuagem no braço, com uma tatuagem no braço, com uma tatuagem no braço, com uma tatuagem no braço, com uma tatuagem no braço, com uma tatuagem no braço, com uma tatuagem no"
635,5,pessoa5,Neutro,77.81039428710938,"Uma mulher com tatuagem no braço, com uma tatuagem no braço, com uma tatuagem no braço, com uma tatuagem no braço, com uma tatuagem no braço, com uma tatuagem no braço, com uma tatuagem no braço, com uma tatuagem no"
636,5,pessoa5,Neutro,86.89752197265625,"Uma mulher com tatuagens em suas costas e uma veste preta de roupa preta, com tatuagem em suas costas e uma mulher de cor parda preta, com tatuagem em suas costas e uma mulher de cor parda preta."
637,5,pessoa5,Neutro,95.22526550292969,Mulher com tatuagens em sua parte posterior e pescoço e uma mulher com tatuagens no dorso e pescoço.
638,5,pessoa5,Neutro,90.34520721435547,Mulher com tatuagens em sua parte posterior e pescoço e uma mulher com tatuagens no dorso e pescoço.
639,5,pessoa5,Neutro,89.48295593261719,Uma mulher com tatuagem em seu dorso.
640,5,pessoa5,Neutro,97.35914611816406,Uma mulher com tatuagem em seu dorso.
641,5,pessoa5,Neutro,99.41790008544922,Uma mulher com tatuagem em seu dorso.
642,5,pessoa5,Neutro,63.023250579833984,Uma mulher com tatuagem em seu dorso.
643,5,pessoa5,Neutro,90.36051177978516,Uma mulher com tatuagem em seu dorso.
644,5,pessoa5,Neutro,85.13135528564453,Uma mulher com tatuagem em seu dorso.
645,5,pessoa5,Neutro,54.6998176574707,Uma mulher com tatuagem em seu dorso.
646,5,pessoa5,Triste,94.68055725097656,Uma mulher com tatuagem em seu dorso.
647,5,pessoa5,Alegre,54.0296630859375,Uma mulher com tatuagem em seu dorso.
648,5,pessoa5,Alegre,92.91316986083984,Uma mulher com tatuagem em seu dorso.
649,5,pessoa5,Triste,70.81704711914062,Uma mulher com tatuagem em seu dorso.
650,5,pessoa5,Triste,44.703041076660156,Uma mulher com tatuagem em seu dorso.
651,5,pessoa5,Triste,89.78179931640625,Uma mulher com tatuagem em seu dorso.
652,5,pessoa5,Triste,98.989990234375,Uma mulher com tatuagem em seu dorso.
653,5,pessoa5,Triste,99.66236114501953,Uma mulher com tatuagem em seu dorso.
654,5,pessoa5,Neutro,90.9760513305664,Uma mulher com tatuagem em seu dorso.
655,5,pessoa5,Neutro,72.32755279541016,Uma mulher com tatuagem em seu dorso.
656,5,pessoa5,Neutro,79.72122955322266,Uma mulher com tatuagem em seu dorso.
657,5,pessoa5,Triste,99.88304901123047,Uma mulher de um vestido preto com uma tatuagem em seu dorso.
658,5,pessoa5,Triste,99.99958801269531,Uma mulher de um vestido preto está em pé na neve.
659,5,pessoa5,Triste,99.99807739257812,dança dança dança dança dança dança dança dança dança dança dança dança dança dança dança dança dança dança dança dança dança dança dança dança dança dança dança dança dança dança dança dança dança dança dança dança dança dança dança dança dança dança dança dança dança dança dança dança dança dança dança dança dança dança dança dança dança dança dança dança dança dança dança
660,5,pessoa5,Triste,96.33360290527344,dança dança dança dança dança dança dança dança dança dança dança dança dança dança dança dança dança dança dança dança dança dança dança dança dança dança dança dança dança dança dança dança dança dança dança dança dança dança dança dança dança dança dança dança dança dança dança dança dança dança dança dança dança dança dança dança dança dança dança dança dança dança dança
661,5,pessoa5,Triste,85.4859619140625,Mulher de um vestido preto com lambida vermelha com lambida vermelha.
662,5,pessoa5,Triste,47.80802536010742,Mulher de um vestido preto com lambida vermelha com lambida vermelha.
663,5,pessoa5,Raiva,63.28700637817383,Mulher de um vestido preto com lambida vermelha com lambida vermelha.
664,5,pessoa5,Neutro,99.66797637939453,Mulher de um vestido preto com lambida vermelha com lambida vermelha.
665,5,pessoa5,Triste,42.55451965332031,Mulher de um vestido preto com lambida vermelha com lambida vermelha.
666,5,pessoa5,Neutro,77.6294174194336,Mulher de um vestido preto com lambida vermelha com lambida vermelha.
667,5,pessoa5,Triste,99.99938201904297,Mulher de um vestido preto com lambida vermelha com lambida vermelha.
668,5,pessoa5,Raiva,89.95539093017578,Mulher de um vestido preto com lambida vermelha com lambida vermelha.
669,5,pessoa5,Raiva,97.71183776855469,Mulher de um vestido preto com lambida vermelha com lambida vermelha.
670,5,pessoa5,Triste,61.22726058959961,Mulher de um vestido preto com lambida vermelha com lambida vermelha.
671,5,pessoa5,Raiva,74.28398132324219,Mulher de um vestido preto com lambida vermelha com lambida vermelha.
672,5,pessoa5,Triste,99.5376968383789,Mulher com lambida esbranquiçada e preta bra bra bra bra bra bra bra bra bra bra bra bra bra bra bra bra bra bra bra bra bra bra bra bra bra bra bra bra bra bra bra bra bra bra bra bra bra bra bra bra bra bra bra bra bra bra bra bra bra bra bra
673,5,pessoa5,Neutro,99.63626098632812,Mulher de um vestido preto com lambida vermelha com lambida vermelha.
674,5,pessoa5,Medo,99.13533020019531,Fazer um gesto de uma mulher em um vestido preto é fazer um gesto de uma mulher em um vestido preto é fazer um gesto de uma mulher em um vestido preto é fazer um gesto de uma mulher em um vestido preto é fazer um gesto de uma mulher em um vestido preto é fazer um gesto de uma mulher em
675,5,pessoa5,Alegre,99.67150115966797,Fazer um gesto de uma mulher em um vestido preto é fazer um gesto de uma mulher em um vestido preto é fazer um gesto de uma mulher em um vestido preto é fazer um gesto de uma mulher em um vestido preto é fazer um gesto de uma mulher em um vestido preto é fazer um gesto de uma mulher em
676,5,pessoa5,Alegre,96.10482788085938,Fazer um gesto de uma mulher em um vestido preto é fazer um gesto de uma mulher em um vestido preto é fazer um gesto de uma mulher em um vestido preto é fazer um gesto de uma mulher em um vestido preto é fazer um gesto de uma mulher em um vestido preto é fazer um gesto de uma mulher em
677,5,pessoa5,Neutro,98.23371887207031,Fazer um gesto de uma mulher em um vestido preto é fazer um gesto de uma mulher em um vestido preto é fazer um gesto de uma mulher em um vestido preto é fazer um gesto de uma mulher em um vestido preto é fazer um gesto de uma mulher em um vestido preto é fazer um gesto de uma mulher em
678,5,pessoa5,Triste,70.46728515625,Fazer um gesto de uma mulher em um vestido preto é fazer um gesto de uma mulher em um vestido preto é fazer um gesto de uma mulher em um vestido preto é fazer um gesto de uma mulher em um vestido preto é fazer um gesto de uma mulher em um vestido preto é fazer um gesto de uma mulher em
679,-1,,,,Uma mulher de um vestido preto está segurando as mãos para cima de uma mulher de um vestido preto está segurando as mãos para cima de uma mulher de um vestido preto.
680,-1,,,,Uma mulher de um vestido preto está segurando as mãos para cima de uma mulher de um vestido preto está segurando as mãos para cima de uma mulher de um vestido preto.
681,-1,,,,Uma mulher de um vestido preto está segurando a cabeça dela.
682,-1,,,,Uma mulher de um vestido preto está segurando a cabeça dela.
683,-1,,,,Uma mulher de um vestido preto está segurando a cabeça dela.
684,-1,,,,Uma mulher de um vestido preto está segurando a cabeça dela.
685,-1,,,,Uma mulher de um vestido preto está segurando a cabeça dela.
686,-1,,,,Uma mulher de um vestido preto está segurando a cabeça dela.
687,1,pessoa1,Neutro,98.33586883544922,Uma mulher de um vestido preto está segurando a cabeça dela.
688,-1,,,,Uma mulher de um vestido preto está segurando a cabeça dela.
689,-1,,,,Uma mulher de um vestido preto está segurando a cabeça dela.
690,-1,,,,Uma mulher de um vestido preto está segurando a cabeça dela.
691,-1,,,,Uma mulher de um vestido preto está segurando a cabeça dela.
692,-1,,,,Uma mulher de um vestido preto está segurando a cabeça dela.
693,-1,,,,Uma mulher de um vestido preto está segurando as mãos para cima de uma mulher de um vestido preto está segurando as mãos para cima de uma mulher de um vestido preto.
694,-1,,,,Uma mulher de um vestido preto está segurando as mãos para cima de uma mulher de um vestido preto está segurando as mãos para cima de uma mulher de um vestido preto.
695,-1,,,,Uma mulher de um vestido preto está segurando um microfone em uma roupa preta.
696,-1,,,,Uma mulher de um vestido preto está segurando as mãos para cima de uma mulher de um vestido preto está segurando as mãos para cima de uma mulher de um vestido preto.
697,-1,,,,Uma mulher de um vestido preto está segurando as mãos para cima de uma mulher de um vestido preto está segurando as mãos para cima de uma mulher de um vestido preto.
698,-1,,,,Uma mulher de um vestido preto está segurando as mãos para cima de uma mulher de um vestido preto está segurando as mãos para cima de uma mulher de um vestido preto.
699,-1,,,,Uma mulher de um vestido preto está segurando as mãos para cima de uma mulher de um vestido preto está segurando as mãos para cima de uma mulher de um vestido preto.
700,-1,,,,Uma mulher de um vestido preto está segurando as mãos para cima de uma mulher de um vestido preto está segurando as mãos para cima de uma mulher de um vestido preto.
701,-1,,,,Fazer um gesto de uma mulher em um vestido preto é fazer um gesto de uma mulher em um vestido preto é fazer um gesto de uma mulher em um vestido preto é fazer um gesto de uma mulher em um vestido preto é fazer um gesto de uma mulher em um vestido preto é fazer um gesto de uma mulher em
702,-1,,,,Uma mulher de um vestido preto está segurando as mãos para cima de uma mulher de um vestido preto está segurando as mãos para cima de uma mulher de um vestido preto.
703,8,pessoa8,Alegre,84.5620346069336,Uma mulher de um vestido preto está segurando as mãos para cima de uma mulher de um vestido preto está segurando as mãos para cima de uma mulher de um vestido preto.
704,-1,,,,Uma mulher de um vestido preto está segurando as mãos para cima de uma mulher de um vestido preto está segurando as mãos para cima de uma mulher de um vestido preto.
705,-1,,,,Uma mulher de um vestido preto está segurando as mãos para cima de uma mulher de um vestido preto está segurando as mãos para cima de uma mulher de um vestido preto.
706,-1,,,,Uma mulher de um vestido preto está segurando as mãos para cima de uma mulher de um vestido preto está segurando as mãos para cima de uma mulher de um vestido preto.
707,9,pessoa9,Raiva,90.99456024169922,Uma mulher de um vestido preto está segurando as mãos até a face dela.
708,7,pessoa7,Neutro,91.0188217163086,Uma mulher de um vestido preto está segurando as mãos até a face dela.
709,9,pessoa9,Alegre,63.705257415771484,Uma mulher de um vestido preto está em pé diante de uma neve coberta de fundo de neve.
710,9,pessoa9,Alegre,82.0689697265625,Uma mulher de um vestido preto está em pé na neve.
711,9,pessoa9,Triste,39.4503288269043,Uma mulher de um vestido preto está em pé na neve.
712,9,pessoa9,Alegre,62.3569221496582,Uma mulher de um vestido preto está soprando o nariz dela.
713,7,pessoa7,Neutro,94.2834701538086,Uma mulher de um vestido preto está fazendo uma faceta em uma roupa preta.
714,7,pessoa7,Raiva,74.42340087890625,Uma mulher de um vestido preto está fazendo uma faceta em uma roupa preta.
715,7,pessoa7,Medo,31.959484100341797,Uma mulher de um vestido preto está soprando neve.
716,7,pessoa7,Triste,45.5847282409668,Uma mulher de um vestido preto está em pé diante de uma neve coberta de fundo de neve.
717,7,pessoa7,Alegre,79.46251678466797,Uma mulher de um vestido preto está em pé diante de uma neve coberta de fundo de neve.
718,7,pessoa7,Medo,93.31471252441406,Uma mulher de um vestido preto está em pé em frente a uma parede coberta por neve.
719,7,pessoa7,Medo,46.61709213256836,Uma mulher de um vestido preto está em pé em frente a uma parede coberta por neve.
720,1,pessoa1,Alegre,47.77943420410156,Um homem está em posição frente a uma loja.
721,1,pessoa1,Alegre,30.016759872436523,Um homem está em posição frente a uma loja.
722,1,pessoa1,Neutro,60.37559509277344,Um homem está em posição frente a uma loja.
723,1,pessoa1,Neutro,71.9846420288086,Um homem está em posição frente a uma loja.
724,1,pessoa1,Neutro,64.62189483642578,Um homem está em posição frente a uma loja.
725,1,pessoa1,Neutro,41.69676208496094,Um homem está em posição frente a uma loja.
726,1,pessoa1,Neutro,35.80327606201172,Um homem está em posição frente a uma loja.
727,1,pessoa1,Neutro,59.915428161621094,Um homem está em posição frente a uma loja.
728,1,pessoa1,Neutro,76.69705200195312,Um homem está em posição frente a uma loja.
729,1,pessoa1,Neutro,49.08983612060547,Um homem está em posição frente a uma loja.
730,1,pessoa1,Neutro,64.181884765625,Um homem está em posição frente a uma loja.
731,1,pessoa1,Neutro,50.164939880371094,Um homem está em posição frente a uma loja.
732,1,pessoa1,Raiva,50.847599029541016,Um homem está em posição frente a uma loja.
733,1,pessoa1,Neutro,72.42483520507812,Um homem está em posição frente a uma loja.
734,1,pessoa1,Neutro,83.26892852783203,Um homem está em posição frente a uma loja.
735,1,pessoa1,Neutro,73.10456848144531,Um homem está em posição frente a uma loja.
736,1,pessoa1,Neutro,50.738502502441406,Um homem está em posição frente a uma loja.
737,1,pessoa1,Neutro,53.08103561401367,Um homem está em posição frente a uma loja.
738,1,pessoa1,Neutro,52.75430679321289,Um homem está em posição frente a uma loja.
739,1,pessoa1,Neutro,59.615291595458984,Um homem está em posição frente a uma loja.
740,1,pessoa1,Neutro,58.544857025146484,Um homem está em posição frente a uma loja.
741,1,pessoa1,Neutro,76.1092758178711,Um homem está em posição frente a uma loja.
742,1,pessoa1,Neutro,67.17546081542969,Um homem está em posição frente a uma loja.
743,1,pessoa1,Neutro,82.87566375732422,Um homem está em posição frente a uma loja.
744,1,pessoa1,Neutro,47.74384307861328,Um homem está em posição frente a uma loja.
745,1,pessoa1,Neutro,76.28598022460938,Um homem está em posição frente a uma loja.
746,1,pessoa1,Neutro,92.95767974853516,Um homem está em posição frente a uma loja.
747,1,pessoa1,Neutro,89.74459838867188,Um homem está em posição frente a uma loja.
748,1,pessoa1,Neutro,91.46813201904297,Um homem está em posição frente a uma loja.
749,1,pessoa1,Alegre,60.1949462890625,Um homem está em posição frente a uma loja.
750,1,pessoa1,Neutro,86.37890625,Um homem está em posição frente a uma loja.
751,1,pessoa1,Neutro,89.45774841308594,Um homem está em posição frente a uma loja.
752,1,pessoa1,Neutro,77.75072479248047,Um homem está em posição frente a uma loja.
753,1,pessoa1,Neutro,67.68440246582031,Um homem está em posição frente a uma loja.
754,1,pessoa1,Neutro,92.12796783447266,Um homem está em posição frente a uma loja.
755,1,pessoa1,Neutro,94.24188995361328,Um homem está em posição frente a uma loja.
756,1,pessoa1,Neutro,94.29069519042969,Um homem está em posição frente a uma loja.
757,1,pessoa1,Neutro,97.67478942871094,Um homem está em posição frente a uma loja.
758,1,pessoa1,Neutro,96.7199935913086,Um homem está em posição frente a uma loja.
759,1,pessoa1,Neutro,95.8846664428711,Um homem está em posição frente a uma loja.
760,1,pessoa1,Neutro,97.6221694946289,Um homem está em posição frente a uma loja.
761,1,pessoa1,Neutro,97.58470153808594,Um homem está em posição frente a uma loja.
762,1,pessoa1,Neutro,97.58727264404297,Um homem está em posição frente a uma loja.
763,1,pessoa1,Neutro,96.2809066772461,Um homem está em posição frente a uma loja.
764,1,pessoa1,Neutro,92.62181091308594,Um homem está em posição frente a uma loja.
765,1,pessoa1,Neutro,92.84970092773438,Um homem está em posição frente a uma loja.
766,1,pessoa1,Neutro,77.425537109375,Um homem está em posição frente a uma loja.
767,1,pessoa1,Neutro,75.08299255371094,Um homem está em posição frente a uma loja.
768,1,pessoa1,Neutro,80.88786315917969,Um homem está em posição frente a uma loja.
769,1,pessoa1,Neutro,80.46722412109375,Um homem está em posição frente a uma loja.
770,1,pessoa1,Neutro,90.9464340209961,Um homem está em posição frente a uma loja.
771,1,pessoa1,Neutro,73.75206756591797,Um homem está em posição frente a uma loja.
772,1,pessoa1,Neutro,92.99783325195312,Um homem está em posição frente a uma loja.
773,1,pessoa1,Neutro,89.86805725097656,Um homem está em posição frente a uma loja.
774,1,pessoa1,Neutro,79.77435302734375,Um homem está em posição frente a uma loja.
775,1,pessoa1,Neutro,95.48875427246094,Um homem está em posição frente a uma loja.
776,1,pessoa1,Neutro,93.3729019165039,Um homem está em posição frente a uma loja.
777,1,pessoa1,Neutro,68.44002532958984,Um homem está em posição frente a uma loja.
778,1,pessoa1,Neutro,58.26845169067383,Um homem está em posição frente a uma loja.
779,1,pessoa1,Neutro,73.08383178710938,Um homem está em posição frente a uma loja.
780,1,pessoa1,Neutro,85.04649353027344,Um homem está em posição frente a uma loja.
781,1,pessoa1,Neutro,81.96015930175781,Um homem está em posição frente a uma loja.
782,1,pessoa1,Neutro,80.06653594970703,Um homem está em posição frente a uma loja.
783,1,pessoa1,Neutro,73.28443145751953,Um homem está em posição frente a uma loja.
784,1,pessoa1,Neutro,62.96147537231445,Um homem está em posição frente a uma loja.
785,1,pessoa1,Neutro,78.54683685302734,Um homem está em posição frente a uma loja.
786,1,pessoa1,Neutro,72.09284973144531,Um homem está em posição frente a uma loja.
787,1,pessoa1,Neutro,79.02963256835938,Um homem está em posição frente a uma loja.
788,1,pessoa1,Neutro,79.3196029663086,Um homem está em posição frente a uma loja.
789,1,pessoa1,Neutro,74.10923767089844,Um homem está em posição frente a uma loja.
790,1,pessoa1,Neutro,77.01583862304688,Um homem está em posição frente a uma loja.
791,1,pessoa1,Neutro,72.55399322509766,Um homem está em posição frente a uma loja.
792,1,pessoa1,Neutro,72.58903503417969,Um homem está em posição frente a uma loja.
793,1,pessoa1,Neutro,77.62850952148438,Um homem está em posição frente a uma loja.
794,1,pessoa1,Neutro,69.5125732421875,Um homem está em posição frente a uma loja.
795,1,pessoa1,Neutro,68.52722930908203,Um homem está em posição frente a uma loja.
796,1,pessoa1,Neutro,78.72699737548828,Um homem está em posição frente a uma loja.
797,1,pessoa1,Alegre,48.91227722167969,Um homem está em posição frente a uma loja.
798,1,pessoa1,Neutro,85.48743438720703,Um homem está em posição frente a uma loja.
799,1,pessoa1,Neutro,72.99175262451172,Um homem está em posição frente a uma loja.
800,1,pessoa1,Neutro,81.27937316894531,Um homem está em posição frente a uma loja.
801,1,pessoa1,Alegre,59.478118896484375,Um homem está em posição frente a uma loja.
802,1,pessoa1,Neutro,87.97290802001953,Um homem está em posição frente a uma loja.
803,1,pessoa1,Neutro,90.01693725585938,Um homem está em posição frente a uma loja.
804,1,pessoa1,Alegre,71.1541519165039,Um homem está em posição frente a uma loja.
805,1,pessoa1,Alegre,65.65303802490234,Um homem está em posição frente a uma loja.
806,1,pessoa1,Neutro,86.76837921142578,Um homem está em posição frente a uma loja.
807,1,pessoa1,Neutro,78.54023742675781,Um homem está em posição frente a uma loja.
808,1,pessoa1,Neutro,61.356529235839844,Um homem está em posição frente a uma loja.
809,1,pessoa1,Neutro,85.59745788574219,Um homem está em posição frente a uma loja.
810,1,pessoa1,Neutro,94.14957427978516,Um homem está em posição frente a uma loja.
811,1,pessoa1,Neutro,94.27748107910156,Um homem está em posição frente a uma loja.
812,1,pessoa1,Neutro,95.43912506103516,Um homem está em posição frente a uma loja.
813,1,pessoa1,Neutro,80.27050018310547,Um homem está em posição frente a uma loja.
814,1,pessoa1,Neutro,73.80335998535156,Um homem está em posição frente a uma loja.
815,1,pessoa1,Neutro,90.32967376708984,Um homem está em posição frente a uma loja.
816,1,pessoa1,Neutro,89.66302490234375,Um homem está em posição frente a uma loja.
817,1,pessoa1,Neutro,77.12015533447266,Um homem está em posição frente a uma loja.
818,1,pessoa1,Neutro,85.76856231689453,Um homem está em posição frente a uma loja.
819,1,pessoa1,Neutro,94.25944519042969,Um homem está em posição frente a uma loja.
820,1,pessoa1,Alegre,47.58970260620117,Um homem está em posição frente a uma loja.
821,1,pessoa1,Neutro,70.42365264892578,Um homem está em posição frente a uma loja.
822,1,pessoa1,Neutro,50.97947692871094,Um homem está em posição frente a uma loja.
823,1,pessoa1,Neutro,46.28864288330078,Um homem está em posição frente a uma loja.
824,1,pessoa1,Neutro,75.91267395019531,Um homem está em posição frente a uma loja.
825,1,pessoa1,Neutro,59.486331939697266,Um homem está em posição frente a uma loja.
826,1,pessoa1,Neutro,84.41979217529297,Um homem está em posição frente a uma loja.
827,1,pessoa1,Neutro,79.37533569335938,Um homem está em posição frente a uma loja.
828,1,pessoa1,Neutro,62.250553131103516,Um homem está em posição frente a uma loja.
829,1,pessoa1,Neutro,77.11866760253906,Um homem está em posição frente a uma loja.
830,1,pessoa1,Neutro,65.44084167480469,Um homem está em posição frente a uma loja.
831,1,pessoa1,Neutro,79.34347534179688,Um homem está em posição frente a uma loja.
832,1,pessoa1,Neutro,94.07095336914062,Um homem está em posição frente a uma loja.
833,1,pessoa1,Neutro,95.5603256225586,Um homem está em posição frente a uma loja.
834,1,pessoa1,Neutro,89.13155364990234,Um homem está em posição frente a uma loja.
835,1,pessoa1,Neutro,88.96797943115234,Um homem está em posição frente a uma loja.
836,1,pessoa1,Neutro,83.98954772949219,Um homem está em posição frente a uma loja.
837,1,pessoa1,Neutro,80.4254150390625,Um homem está em posição frente a uma loja.
838,1,pessoa1,Neutro,96.9433822631836,Um homem está em posição frente a uma loja.
839,1,pessoa1,Neutro,66.75037384033203,Um homem está em posição frente a uma loja.
840,1,pessoa1,Neutro,92.18438720703125,Um homem está em posição frente a uma loja.
841,1,pessoa1,Neutro,90.78199768066406,Um homem está em posição frente a uma loja.
842,1,pessoa1,Neutro,86.6413345336914,Um homem está em posição frente a uma loja.
843,1,pessoa1,Neutro,69.21906280517578,Um homem está em posição frente a uma loja.
844,1,pessoa1,Alegre,74.77284240722656,Um homem está em posição frente a uma loja.
845,1,pessoa1,Neutro,70.9600830078125,Um homem está em posição frente a uma loja.
846,1,pessoa1,Neutro,71.91635131835938,Um homem está em posição frente a uma loja.
847,1,pessoa1,Alegre,70.90850830078125,Um homem está em posição frente a uma loja.
848,1,pessoa1,Alegre,60.90025329589844,Um homem está em posição frente a uma loja.
849,1,pessoa1,Alegre,71.8563232421875,Um homem está em posição frente a uma loja.
850,1,pessoa1,Neutro,79.91513061523438,Um homem está em posição frente a uma loja.
851,1,pessoa1,Alegre,52.04582214355469,Um homem está em posição frente a uma loja.
852,1,pessoa1,Neutro,59.39679718017578,Um homem está em posição frente a uma loja.
853,1,pessoa1,Alegre,75.05966186523438,Um homem está em posição frente a uma loja.
854,1,pessoa1,Alegre,81.8434066772461,Um homem está em posição frente a uma loja.
855,1,pessoa1,Alegre,96.70340728759766,Um homem está em posição frente a uma loja.
856,1,pessoa1,Alegre,90.16116333007812,Um homem está em posição frente a uma loja.
857,1,pessoa1,Alegre,96.24390411376953,Um homem está em posição frente a uma loja.
858,1,pessoa1,Alegre,91.6356201171875,Um homem está em posição frente a uma loja.
859,1,pessoa1,Alegre,94.33755493164062,Um homem está em posição frente a uma loja.
860,1,pessoa1,Alegre,82.43968963623047,Um homem está em posição frente a uma loja.
861,1,pessoa1,Alegre,82.64826965332031,Um homem está em posição frente a uma loja.
862,1,pessoa1,Alegre,92.10124206542969,Um homem está em posição frente a uma loja.
863,1,pessoa1,Alegre,83.54838562011719,Um homem está em posição frente a uma loja.
864,1,pessoa1,Alegre,92.82511138916016,Um homem está em posição frente a uma loja.
865,1,pessoa1,Alegre,85.0794906616211,Um homem está em posição frente a uma loja.
866,1,pessoa1,Alegre,91.1103286743164,Um homem está em posição frente a uma loja.
867,1,pessoa1,Alegre,97.1586685180664,Um homem está em posição frente a uma loja.
868,1,pessoa1,Alegre,92.76738739013672,Um homem está em posição frente a uma loja.
869,1,pessoa1,Alegre,97.10787963867188,Um homem está em posição frente a uma loja.
870,1,pessoa1,Alegre,99.06478881835938,Um homem está em posição frente a uma loja.
871,1,pessoa1,Alegre,98.16664123535156,Um homem está em posição frente a uma loja.
872,1,pessoa1,Alegre,97.22293090820312,Um homem está em posição frente a uma loja.
873,1,pessoa1,Alegre,88.80174255371094,Um homem está em posição frente a uma loja.
874,1,pessoa1,Alegre,83.21498107910156,Um homem está em posição frente a uma loja.
875,1,pessoa1,Alegre,96.27832794189453,Um homem está em posição frente a uma loja.
876,1,pessoa1,Alegre,99.47787475585938,Um homem está em posição frente a uma loja.
877,1,pessoa1,Alegre,97.56954956054688,Um homem está em posição frente a uma loja.
878,1,pessoa1,Alegre,96.22225189208984,Um homem está em posição frente a uma loja.
879,1,pessoa1,Alegre,98.92839813232422,Um homem está em posição frente a uma loja.
880,1,pessoa1,Alegre,99.66573333740234,Um homem está em posição frente a uma loja.
881,1,pessoa1,Alegre,97.38526153564453,Um homem está em posição frente a uma loja.
882,1,pessoa1,Alegre,98.73047637939453,Um homem está em posição frente a uma loja.
883,1,pessoa1,Alegre,99.09406280517578,Um homem está em posição frente a uma loja.
884,1,pessoa1,Alegre,99.66133117675781,Um homem está em posição frente a uma loja.
885,1,pessoa1,Alegre,98.20166015625,Um homem está em posição frente a uma loja.
886,1,pessoa1,Alegre,99.63185119628906,Um homem está em posição frente a uma loja.
887,1,pessoa1,Alegre,99.91952514648438,Um homem está em posição frente a uma loja.
888,1,pessoa1,Alegre,99.6397933959961,Um homem está em posição frente a uma loja.
889,1,pessoa1,Alegre,99.5799560546875,Um homem está em posição frente a uma loja.
890,1,pessoa1,Alegre,99.14920043945312,Um homem está em posição frente a uma loja.
891,1,pessoa1,Alegre,99.62659454345703,Um homem está em posição frente a uma loja.
892,1,pessoa1,Alegre,99.84403228759766,Um homem está em posição frente a uma loja.
893,1,pessoa1,Alegre,99.76129913330078,Um homem está em posição frente a uma loja.
894,1,pessoa1,Alegre,99.2023696899414,Um homem está em posição frente a uma loja.
895,1,pessoa1,Alegre,99.89873504638672,Um homem está em posição frente a uma loja.
896,1,pessoa1,Alegre,99.83149719238281,Um homem está em posição frente a uma loja.
897,1,pessoa1,Alegre,99.68508911132812,Um homem está em posição frente a uma loja.
898,1,pessoa1,Alegre,99.93335723876953,Um homem está em posição frente a uma loja.
899,1,pessoa1,Alegre,99.91096496582031,Um homem está em posição frente a uma loja.
900,10,pessoa10,Surpreso,99.78761291503906,"Um homem com a boca aberta aberta, com a boca aberta aberta, com a boca aberta aberta, com a boca aberta aberta, com a boca aberta aberta."
901,10,pessoa10,Alegre,99.99915313720703,"Um homem com a boca aberta aberta, com a boca aberta aberta, com a boca aberta aberta, com a boca aberta aberta, com a boca aberta aberta."
902,10,pessoa10,Alegre,99.91472625732422,"Um homem com as mãos voltadas para a face, com as mãos voltadas para o rosto, com as mãos voltadas para o rosto, com as mãos voltadas para o rosto, com as mãos voltadas para o rosto, com as mãos voltadas para o rosto, com as mãos voltadas para o"
903,10,pessoa10,Surpreso,99.99995422363281,"Um homem com a boca aberta e as mãos viradas para a face face, com a boca aberta e as mãos viradas para a face face, com a boca aberta e as mãos viradas para a face face, com a boca aberta e as mãos viradas para a face face, com a boca aberta e"
904,10,pessoa10,Surpreso,99.99880981445312,"Um homem com a boca aberta e as mãos viradas para a face face, com a boca aberta e as mãos viradas para a face face, com a boca aberta e as mãos viradas para a face face, com a boca aberta e as mãos viradas para a face face, com a boca aberta e"
905,10,pessoa10,Surpreso,99.97547912597656,"Um homem com as mãos voltadas para a face, com as mãos voltadas para o rosto, com as mãos voltadas para o rosto, com as mãos voltadas para o rosto, com as mãos voltadas para o rosto, com as mãos voltadas para o rosto, com as mãos voltadas para o"
906,10,pessoa10,Surpreso,99.99510955810547,"Um homem com as mãos voltadas para a face, com as mãos voltadas para o rosto, com as mãos voltadas para o rosto, com as mãos voltadas para o rosto, com as mãos voltadas para o rosto, com as mãos voltadas para o rosto, com as mãos voltadas para o"
907,10,pessoa10,Surpreso,99.99947357177734,"Um homem com as mãos voltadas para a face, com as mãos voltadas para o rosto, com as mãos voltadas para o rosto, com as mãos voltadas para o rosto, com as mãos voltadas para o rosto, com as mãos voltadas para o rosto, com as mãos voltadas para o"
908,10,pessoa10,Surpreso,99.98656463623047,"Um homem com as mãos voltadas para a face, com as mãos voltadas para o rosto, com as mãos voltadas para o rosto, com as mãos voltadas para o rosto, com as mãos voltadas para o rosto, com as mãos voltadas para o rosto, com as mãos voltadas para o"
909,10,pessoa10,Alegre,100.0,"Um homem com as mãos voltadas para a face, com as mãos voltadas para o rosto, com as mãos voltadas para o rosto, com as mãos voltadas para o rosto, com as mãos voltadas para o rosto, com as mãos voltadas para o rosto, com as mãos voltadas para o"
910,10,pessoa10,Surpreso,99.9935073852539,"Um homem com as mãos voltadas para a face, com as mãos voltadas para o rosto, com as mãos voltadas para o rosto, com as mãos voltadas para o rosto, com as mãos voltadas para o rosto, com as mãos voltadas para o rosto, com as mãos voltadas para o"
911,10,pessoa10,Surpreso,99.99745178222656,"Um homem com as mãos voltadas para a face, com as mãos voltadas para o rosto, com as mãos voltadas para o rosto, com as mãos voltadas para o rosto, com as mãos voltadas para o rosto, com as mãos voltadas para o rosto, com as mãos voltadas para o"
912,10,pessoa10,Surpreso,99.9979476928711,"Um homem com as mãos voltadas para a face, com as mãos voltadas para o rosto, com as mãos voltadas para o rosto, com as mãos voltadas para o rosto, com as mãos voltadas para o rosto, com as mãos voltadas para o rosto, com as mãos voltadas para o"
913,10,pessoa10,Surpreso,99.99853515625,"Um homem com as mãos voltadas para a face, com as mãos voltadas para o rosto, com as mãos voltadas para o rosto, com as mãos voltadas para o rosto, com as mãos voltadas para o rosto, com as mãos voltadas para o rosto, com as mãos voltadas para o"
914,10,pessoa10,Surpreso,99.99732208251953,"Um homem com as mãos voltadas para a face, com as mãos voltadas para o rosto, com as mãos voltadas para o rosto, com as mãos voltadas para o rosto, com as mãos voltadas para o rosto, com as mãos voltadas para o rosto, com as mãos voltadas para o"
915,10,pessoa10,Surpreso,99.97382354736328,"Um homem com as mãos voltadas para a face, com as mãos voltadas para o rosto, com as mãos voltadas para o rosto, com as mãos voltadas para o rosto, com as mãos voltadas para o rosto, com as mãos voltadas para o rosto, com as mãos voltadas para o"
916,10,pessoa10,Surpreso,99.98677825927734,"Um homem com as mãos voltadas para a face, com as mãos voltadas para o rosto, com as mãos voltadas para o rosto, com as mãos voltadas para o rosto, com as mãos voltadas para o rosto, com as mãos voltadas para o rosto, com as mãos voltadas para o"
917,10,pessoa10,Surpreso,99.97697448730469,"Um homem com as mãos voltadas para a face, com as mãos voltadas para o rosto, com as mãos voltadas para o rosto, com as mãos voltadas para o rosto, com as mãos voltadas para o rosto, com as mãos voltadas para o rosto, com as mãos voltadas para o"
918,10,pessoa10,Surpreso,99.99517822265625,"Um homem com as mãos sobre a face, com as mãos sobre a face, com as mãos sobre a face, com as mãos sobre a face, com as mãos sobre a face, com as mãos sobre a face, com as mãos sobre a face, com as mãos sobre a face, com as mãos sobre a"
919,10,pessoa10,Surpreso,99.99995422363281,"Um homem com as mãos voltadas para a face, com as mãos voltadas para o rosto, com as mãos voltadas para o rosto, com as mãos voltadas para o rosto, com as mãos voltadas para o rosto, com as mãos voltadas para o rosto, com as mãos voltadas para o"
920,10,pessoa10,Surpreso,99.9999771118164,"Um homem com as mãos voltadas para a face, com as mãos voltadas para o rosto, com as mãos voltadas para o rosto, com as mãos voltadas para o rosto, com as mãos voltadas para o rosto, com as mãos voltadas para o rosto, com as mãos voltadas para o"
921,10,pessoa10,Surpreso,99.99998474121094,"Um homem com as mãos voltadas para a face, com as mãos voltadas para o rosto, com as mãos voltadas para o rosto, com as mãos voltadas para o rosto, com as mãos voltadas para o rosto, com as mãos voltadas para o rosto, com as mãos voltadas para o"
922,10,pessoa10,Surpreso,99.99961853027344,"Um homem com as mãos voltadas para a face, com as mãos voltadas para o rosto, com as mãos voltadas para o rosto, com as mãos voltadas para o rosto, com as mãos voltadas para o rosto, com as mãos voltadas para o rosto, com as mãos voltadas para o"
923,10,pessoa10,Surpreso,99.9999771118164,"Um homem com as mãos voltadas para a face, com as mãos voltadas para o rosto, com as mãos voltadas para o rosto, com as mãos voltadas para o rosto, com as mãos voltadas para o rosto, com as mãos voltadas para o rosto, com as mãos voltadas para o"
924,10,pessoa10,Surpreso,99.99996185302734,"Um homem com as mãos voltadas para a face, com as mãos voltadas para o rosto, com as mãos voltadas para o rosto, com as mãos voltadas para o rosto, com as mãos voltadas para o rosto, com as mãos voltadas para o rosto, com as mãos voltadas para o"
925,10,pessoa10,Surpreso,99.99494934082031,"Um homem com as mãos voltadas para a face, com as mãos voltadas para o rosto, com as mãos voltadas para o rosto, com as mãos voltadas para o rosto, com as mãos voltadas para o rosto, com as mãos voltadas para o rosto, com as mãos voltadas para o"
926,10,pessoa10,Surpreso,99.99917602539062,"Um homem com as mãos voltadas para a face, com as mãos voltadas para o rosto, com as mãos voltadas para o rosto, com as mãos voltadas para o rosto, com as mãos voltadas para o rosto, com as mãos voltadas para o rosto, com as mãos voltadas para o"
927,10,pessoa10,Surpreso,99.99816131591797,"Um homem com a boca aberta e as mãos sobre a face, com a mão aberta e a boca aberta, com as mãos viradas para cima."
928,10,pessoa10,Surpreso,100.0,"Um homem com a boca aberta e as mãos viradas para a face face, com a boca aberta e as mãos viradas para a face face, com a boca aberta e as mãos viradas para a face face, com a boca aberta e as mãos viradas para a face face, com a boca aberta e"
929,10,pessoa10,Surpreso,99.99998474121094,"Um homem com a boca aberta e as mãos sobre a face, com a mão aberta e a boca aberta, com as mãos viradas para cima."
930,10,pessoa10,Surpreso,99.99998474121094,"Um homem com a boca aberta e as mãos sobre a face, com a mão aberta e a boca aberta, com as mãos viradas para cima."
931,10,pessoa10,Surpreso,99.99728393554688,"Um homem com a boca aberta e as mãos viradas para a face face, com a boca aberta e as mãos viradas para a face face, com a boca aberta e as mãos viradas para a face face, com a boca aberta e as mãos viradas para a face face, com a boca aberta e"
932,10,pessoa10,Surpreso,99.99990844726562,"Um homem com as mãos sobre a face, com as mãos sobre a face, com as mãos sobre a face, com as mãos sobre a face, com as mãos sobre a face, com as mãos sobre a face, com as mãos sobre a face, com as mãos sobre a face, com as mãos sobre a"
933,10,pessoa10,Surpreso,99.99974060058594,"Um homem com as mãos sobre a face, com as mãos sobre a face, com as mãos sobre a face, com as mãos sobre a face, com as mãos sobre a face, com as mãos sobre a face, com as mãos sobre a face, com as mãos sobre a face, com as mãos sobre a"
934,10,pessoa10,Surpreso,99.9994125366211,"Um homem com as mãos voltadas para a face, com as mãos voltadas para o rosto, com as mãos voltadas para o rosto, com as mãos voltadas para o rosto, com as mãos voltadas para o rosto, com as mãos voltadas para o rosto, com as mãos voltadas para o"
935,10,pessoa10,Surpreso,99.9999008178711,"Um homem com as mãos sobre a face, com as mãos sobre a face, com as mãos sobre a face, com as mãos sobre a face, com as mãos sobre a face, com as mãos sobre a face, com as mãos sobre a face, com as mãos sobre a face, com as mãos sobre a"
936,10,pessoa10,Surpreso,100.0,"Um homem com as mãos sobre a face, com as mãos sobre a face, com as mãos sobre a face, com as mãos sobre a face, com as mãos sobre a face, com as mãos sobre a face, com as mãos sobre a face, com as mãos sobre a face, com as mãos sobre a"
937,10,pessoa10,Alegre,99.99830627441406,"Um homem com a boca aberta e as mãos sobre a face, com a mão aberta e a boca aberta, com as mãos viradas para cima."
938,10,pessoa10,Alegre,99.96322631835938,"Um homem com a boca aberta e as mãos sobre a face, com a mão aberta e a boca aberta, com as mãos viradas para cima."
939,10,pessoa10,Surpreso,99.9998550415039,"Um homem com a boca aberta e as mãos sobre a face, com a mão aberta e a boca aberta, com as mãos viradas para cima."
940,10,pessoa10,Surpreso,100.0,"Um homem com a boca aberta e as mãos viradas para a face face, com a boca aberta e as mãos viradas para a face face, com a boca aberta e as mãos viradas para a face face, com a boca aberta e as mãos viradas para a face face, com a boca aberta e"
941,10,pessoa10,Surpreso,100.0,"Um homem com a boca aberta e as mãos sobre a face, com a mão aberta e a boca aberta, com as mãos viradas para cima."
942,10,pessoa10,Surpreso,99.9999771118164,"Um homem com as mãos sobre a face, com as mãos sobre a face, com as mãos sobre a face, com as mãos sobre a face, com as mãos sobre a face, com as mãos sobre a face, com as mãos sobre a face, com as mãos sobre a face, com as mãos sobre a"
943,10,pessoa10,Surpreso,99.99819946289062,"Um homem com as mãos sobre a face, com as mãos sobre a face, com as mãos sobre a face, com as mãos sobre a face, com as mãos sobre a face, com as mãos sobre a face, com as mãos sobre a face, com as mãos sobre a face, com as mãos sobre a"
944,10,pessoa10,Surpreso,99.9999771118164,"Um homem com as mãos sobre a face, com as mãos sobre a face, com as mãos sobre a face, com as mãos sobre a face, com as mãos sobre a face, com as mãos sobre a face, com as mãos sobre a face, com as mãos sobre a face, com as mãos sobre a"
945,10,pessoa10,Surpreso,99.99984741210938,"Um homem com as mãos sobre a face, com as mãos sobre a face, com as mãos sobre a face, com as mãos sobre a face, com as mãos sobre a face, com as mãos sobre a face, com as mãos sobre a face, com as mãos sobre a face, com as mãos sobre a"
946,10,pessoa10,Surpreso,100.0,"Um homem com as mãos sobre a face, com as mãos sobre a face, com as mãos sobre a face, com as mãos sobre a face, com as mãos sobre a face, com as mãos sobre a face, com as mãos sobre a face, com as mãos sobre a face, com as mãos sobre a"
947,10,pessoa10,Surpreso,100.0,"Um homem com as mãos sobre a face, com as mãos sobre a face, com as mãos sobre a face, com as mãos sobre a face, com as mãos sobre a face, com as mãos sobre a face, com as mãos sobre a face, com as mãos sobre a face, com as mãos sobre a"
948,10,pessoa10,Surpreso,99.99999237060547,"Um homem com a boca aberta e as mãos sobre a face, com a mão aberta e a boca aberta, com as mãos viradas para cima."
949,10,pessoa10,Surpreso,99.99998474121094,"Um homem com a boca aberta e as mãos sobre a face, com a mão aberta e a boca aberta, com as mãos viradas para cima."
950,10,pessoa10,Surpreso,99.99998474121094,"Um homem com a boca aberta e as mãos sobre a face, com a mão aberta e a boca aberta, com as mãos viradas para cima."
951,10,pessoa10,Surpreso,99.99984741210938,"Um homem com a boca aberta e as mãos sobre a face, com a mão aberta e a boca aberta, com as mãos viradas para cima."
952,10,pessoa10,Surpreso,99.99998474121094,"Um homem com a boca aberta e as mãos sobre a face, com a mão aberta e a boca aberta, com as mãos viradas para cima."
953,10,pessoa10,Surpreso,99.99998474121094,"Um homem com a boca aberta e as mãos sobre a face, com a mão aberta e a boca aberta, com as mãos viradas para cima."
954,10,pessoa10,Surpreso,99.9999771118164,"Um homem com a boca aberta e as mãos sobre a face, com a mão aberta e a boca aberta, com as mãos viradas para cima."
955,10,pessoa10,Surpreso,99.9999771118164,"Um homem com a boca aberta e as mãos sobre a face, com a mão aberta e a boca aberta, com as mãos viradas para cima."
956,10,pessoa10,Alegre,99.9998779296875,"Um homem com a boca aberta e as mãos sobre a face, com a mão aberta e a boca aberta, com as mãos viradas para cima."
957,10,pessoa10,Surpreso,99.9999771118164,"Um homem com a boca aberta e as mãos sobre a face, com a mão aberta e a boca aberta, com as mãos viradas para cima."
958,10,pessoa10,Surpreso,99.9999771118164,"Um homem com a boca aberta e as mãos sobre a face, com a mão aberta e a boca aberta, com as mãos viradas para cima."
959,10,pessoa10,Surpreso,99.99990844726562,"Um homem com a boca aberta e as mãos sobre a face, com a mão aberta e a boca aberta, com as mãos viradas para cima."
960,10,pessoa10,Surpreso,99.99996185302734,"Um homem com a boca aberta e as mãos sobre a face, com a mão aberta e a boca aberta, com as mãos viradas para cima."
961,10,pessoa10,Surpreso,99.99998474121094,"Um homem com a boca aberta e as mãos sobre a face, com a mão aberta e a boca aberta, com as mãos viradas para cima."
962,10,pessoa10,Surpreso,99.99998474121094,"Um homem com a boca aberta e as mãos sobre a face, com a mão aberta e a boca aberta, com as mãos viradas para cima."
963,10,pessoa10,Surpreso,99.9999771118164,"Um homem com a boca aberta e as mãos sobre a face, com a mão aberta e a boca aberta, com as mãos viradas para cima."
964,10,pessoa10,Alegre,73.21475982666016,"Um homem com a boca aberta e as mãos sobre a face, com a mão aberta e a boca aberta, com as mãos viradas para cima."
965,10,pessoa10,Surpreso,99.99998474121094,"Um homem com a boca aberta e as mãos sobre a face, com a mão aberta e a boca aberta, com as mãos viradas para cima."
966,10,pessoa10,Surpreso,99.99998474121094,"Um homem com a boca aberta e as mãos sobre a face, com a mão aberta e a boca aberta, com as mãos viradas para cima."
967,10,pessoa10,Surpreso,99.99998474121094,"Um homem com as mãos sobre a face, com as mãos sobre a face, com as mãos sobre a face, com as mãos sobre a face, com as mãos sobre a face, com as mãos sobre a face, com as mãos sobre a face, com as mãos sobre a face, com as mãos sobre a"
968,10,pessoa10,Surpreso,100.0,"Um homem com as mãos sobre a face, com as mãos sobre a face, com as mãos sobre a face, com as mãos sobre a face, com as mãos sobre a face, com as mãos sobre a face, com as mãos sobre a face, com as mãos sobre a face, com as mãos sobre a"
969,10,pessoa10,Surpreso,99.99833679199219,"Um homem com as mãos sobre a face, com as mãos sobre a face, com as mãos sobre a face, com as mãos sobre a face, com as mãos sobre a face, com as mãos sobre a face, com as mãos sobre a face, com as mãos sobre a face, com as mãos sobre a"
970,10,pessoa10,Surpreso,99.99830627441406,"Um homem com as mãos sobre a face, com as mãos sobre a face, com as mãos sobre a face, com as mãos sobre a face, com as mãos sobre a face, com as mãos sobre a face, com as mãos sobre a face, com as mãos sobre a face, com as mãos sobre a"
971,10,pessoa10,Surpreso,99.999267578125,"Um homem com as mãos sobre a face, com as mãos sobre a face, com as mãos sobre a face, com as mãos sobre a face, com as mãos sobre a face, com as mãos sobre a face, com as mãos sobre a face, com as mãos sobre a face, com as mãos sobre a"
972,10,pessoa10,Alegre,97.11840057373047,"Um homem com as mãos sobre a face, com as mãos sobre a face, com as mãos sobre a face, com as mãos sobre a face, com as mãos sobre a face, com as mãos sobre a face, com as mãos sobre a face, com as mãos sobre a face, com as mãos sobre a"
973,10,pessoa10,Alegre,85.40190124511719,"Um homem com as mãos sobre a face, com as mãos sobre a face, com as mãos sobre a face, com as mãos sobre a face, com as mãos sobre a face, com as mãos sobre a face, com as mãos sobre a face, com as mãos sobre a face, com as mãos sobre a"
974,10,pessoa10,Alegre,99.04330444335938,"Um homem com as mãos sobre a face, com as mãos sobre a face, com as mãos sobre a face, com as mãos sobre a face, com as mãos sobre a face, com as mãos sobre a face, com as mãos sobre a face, com as mãos sobre a face, com as mãos sobre a"
975,10,pessoa10,Alegre,83.5296401977539,"Um homem com as mãos sobre a face, com as mãos sobre a face, com as mãos sobre a face, com as mãos sobre a face, com as mãos sobre a face, com as mãos sobre a face, com as mãos sobre a face, com as mãos sobre a face, com as mãos sobre a"
976,10,pessoa10,Alegre,99.90636444091797,"Um homem com as mãos sobre a face, com as mãos sobre a face, com as mãos sobre a face, com as mãos sobre a face, com as mãos sobre a face, com as mãos sobre a face, com as mãos sobre a face, com as mãos sobre a face, com as mãos sobre a"
977,10,pessoa10,Alegre,52.497379302978516,"Um homem com a boca aberta e as mãos sobre a face, com a mão aberta e a boca aberta, com as mãos viradas para cima."
978,10,pessoa10,Alegre,85.0972671508789,"Um homem com as mãos sobre a face, com as mãos sobre a face, com as mãos sobre a face, com as mãos sobre a face, com as mãos sobre a face, com as mãos sobre a face, com as mãos sobre a face, com as mãos sobre a face, com as mãos sobre a"
979,10,pessoa10,Neutro,56.39661407470703,"Um homem com a boca aberta e as mãos sobre a face, com a mão aberta e a boca aberta, com as mãos viradas para cima."
980,10,pessoa10,Surpreso,99.99860382080078,"Um homem com a boca aberta e as mãos sobre a face, com a mão aberta e a boca aberta, com as mãos viradas para cima."
981,10,pessoa10,Alegre,89.7412109375,"Um homem com a boca aberta e as mãos sobre a face, com a mão aberta e a boca aberta, com as mãos viradas para cima."
982,10,pessoa10,Surpreso,99.99996948242188,"Um homem com a boca aberta e as mãos sobre a face, com a mão aberta e a boca aberta, com as mãos viradas para cima."
983,10,pessoa10,Surpreso,99.99947357177734,"Um homem com a boca aberta e as mãos sobre a face, com a mão aberta e a boca aberta, com as mãos viradas para cima."
984,10,pessoa10,Alegre,100.0,"Um homem com a boca aberta e as mãos sobre a face, com a mão aberta e a boca aberta, com as mãos viradas para cima."
985,10,pessoa10,Surpreso,99.9991226196289,"Um homem com a boca aberta e as mãos sobre a face, com a mão aberta e a boca aberta, com as mãos viradas para cima."
986,10,pessoa10,Surpreso,99.9999771118164,"Um homem com a boca aberta e as mãos sobre a face, com a mão aberta e a boca aberta, com as mãos viradas para cima."
987,10,pessoa10,Surpreso,99.99984741210938,"Um homem com a boca aberta e as mãos sobre a face, com a mão aberta e a boca aberta, com as mãos viradas para cima."
988,10,pessoa10,Alegre,99.93391418457031,"Um homem com a boca aberta e as mãos sobre a face, com a mão aberta e a boca aberta, com as mãos viradas para cima."
989,10,pessoa10,Surpreso,99.89533233642578,"Um homem com a boca aberta e as mãos sobre a face, com a mão aberta e a boca aberta, com as mãos viradas para cima."
990,10,pessoa10,Surpreso,99.99989318847656,"Um homem com a boca aberta e as mãos sobre a face, com a mão aberta e a boca aberta, com as mãos viradas para cima."
991,10,pessoa10,Surpreso,99.99897766113281,"Um homem com a boca aberta e as mãos sobre a face, com a mão aberta e a boca aberta, com as mãos viradas para cima."
992,10,pessoa10,Surpreso,99.9998779296875,"Um homem com a boca aberta e as mãos sobre a face, com a mão aberta e a boca aberta, com as mãos viradas para cima."
993,10,pessoa10,Surpreso,100.0,"Um homem com as mãos sobre a face, com as mãos sobre a face, com as mãos sobre a face, com as mãos sobre a face, com as mãos sobre a face, com as mãos sobre a face, com as mãos sobre a face, com as mãos sobre a face, com as mãos sobre a"
994,10,pessoa10,Surpreso,99.99998474121094,"Um homem com as mãos sobre a face, com as mãos sobre a face, com as mãos sobre a face, com as mãos sobre a face, com as mãos sobre a face, com as mãos sobre a face, com as mãos sobre a face, com as mãos sobre a face, com as mãos sobre a"
995,10,pessoa10,Surpreso,99.99906921386719,"Um homem com as mãos sobre a face, com as mãos sobre a face, com as mãos sobre a face, com as mãos sobre a face, com as mãos sobre a face, com as mãos sobre a face, com as mãos sobre a face, com as mãos sobre a face, com as mãos sobre a"
996,10,pessoa10,Surpreso,99.99999237060547,"Um homem com as mãos sobre a face, com as mãos sobre a face, com as mãos sobre a face, com as mãos sobre a face, com as mãos sobre a face, com as mãos sobre a face, com as mãos sobre a face, com as mãos sobre a face, com as mãos sobre a"
997,10,pessoa10,Surpreso,99.99995422363281,"Um homem com as mãos sobre a face, com as mãos sobre a face, com as mãos sobre a face, com as mãos sobre a face, com as mãos sobre a face, com as mãos sobre a face, com as mãos sobre a face, com as mãos sobre a face, com as mãos sobre a"
998,10,pessoa10,Surpreso,100.0,"Um homem com as mãos sobre a face, com as mãos sobre a face, com as mãos sobre a face, com as mãos sobre a face, com as mãos sobre a face, com as mãos sobre a face, com as mãos sobre a face, com as mãos sobre a face, com as mãos sobre a"
999,10,pessoa10,Surpreso,99.99996185302734,"Um homem com as mãos sobre a face, com as mãos sobre a face, com as mãos sobre a face, com as mãos sobre a face, com as mãos sobre a face, com as mãos sobre a face, com as mãos sobre a face, com as mãos sobre a face, com as mãos sobre a"
1000,10,pessoa10,Surpreso,99.98799896240234,"Um homem com as mãos sobre a face, com as mãos sobre a face, com as mãos sobre a face, com as mãos sobre a face, com as mãos sobre a face, com as mãos sobre a face, com as mãos sobre a face, com as mãos sobre a face, com as mãos sobre a"
1001,10,pessoa10,Surpreso,99.98799896240234,"Um homem com as mãos sobre a face, com as mãos sobre a face, com as mãos sobre a face, com as mãos sobre a face, com as mãos sobre a face, com as mãos sobre a face, com as mãos sobre a face, com as mãos sobre a face, com as mãos sobre a"
1002,10,pessoa10,Surpreso,99.98013305664062,"Um homem com as mãos sobre a face, com as mãos sobre a face, com as mãos sobre a face, com as mãos sobre a face, com as mãos sobre a face, com as mãos sobre a face, com as mãos sobre a face, com as mãos sobre a face, com as mãos sobre a"
1003,10,pessoa10,Surpreso,99.99983215332031,"Um homem com as mãos sobre a face, com as mãos sobre a face, com as mãos sobre a face, com as mãos sobre a face, com as mãos sobre a face, com as mãos sobre a face, com as mãos sobre a face, com as mãos sobre a face, com as mãos sobre a"
1004,10,pessoa10,Surpreso,99.99906158447266,"Um homem com as mãos sobre a face, com as mãos sobre a face, com as mãos sobre a face, com as mãos sobre a face, com as mãos sobre a face, com as mãos sobre a face, com as mãos sobre a face, com as mãos sobre a face, com as mãos sobre a"
1005,10,pessoa10,Surpreso,99.99749755859375,"Um homem com as mãos sobre a face, com as mãos sobre a face, com as mãos sobre a face, com as mãos sobre a face, com as mãos sobre a face, com as mãos sobre a face, com as mãos sobre a face, com as mãos sobre a face, com as mãos sobre a"
1006,10,pessoa10,Surpreso,99.9788818359375,"Um homem com as mãos sobre a face, com as mãos sobre a face, com as mãos sobre a face, com as mãos sobre a face, com as mãos sobre a face, com as mãos sobre a face, com as mãos sobre a face, com as mãos sobre a face, com as mãos sobre a"
1007,10,pessoa10,Alegre,99.83088684082031,"Um homem com as mãos sobre a face, com as mãos sobre a face, com as mãos sobre a face, com as mãos sobre a face, com as mãos sobre a face, com as mãos sobre a face, com as mãos sobre a face, com as mãos sobre a face, com as mãos sobre a"
1008,10,pessoa10,Surpreso,99.9170913696289,"Um homem com as mãos voltadas para a face, com as mãos voltadas para o rosto, com as mãos voltadas para o rosto, com as mãos voltadas para o rosto, com as mãos voltadas para o rosto, com as mãos voltadas para o rosto, com as mãos voltadas para o"
1009,10,pessoa10,Alegre,99.98497772216797,"Um homem com as mãos voltadas para a face, com as mãos voltadas para o rosto, com as mãos voltadas para o rosto, com as mãos voltadas para o rosto, com as mãos voltadas para o rosto, com as mãos voltadas para o rosto, com as mãos voltadas para o"
1010,10,pessoa10,Alegre,99.78272247314453,"Um homem com as mãos voltadas para a face, com as mãos voltadas para o rosto, com as mãos voltadas para o rosto, com as mãos voltadas para o rosto, com as mãos voltadas para o rosto, com as mãos voltadas para o rosto, com as mãos voltadas para o"
1011,10,pessoa10,Alegre,99.99784088134766,"Um homem com as mãos voltadas para a face, com as mãos voltadas para o rosto, com as mãos voltadas para o rosto, com as mãos voltadas para o rosto, com as mãos voltadas para o rosto, com as mãos voltadas para o rosto, com as mãos voltadas para o"
1012,10,pessoa10,Alegre,99.9984130859375,"Um homem com as mãos voltadas para a face, com as mãos voltadas para o rosto, com as mãos voltadas para o rosto, com as mãos voltadas para o rosto, com as mãos voltadas para o rosto, com as mãos voltadas para o rosto, com as mãos voltadas para o"
1013,10,pessoa10,Alegre,99.87622833251953,"Um homem com as mãos voltadas para a face, com as mãos voltadas para o rosto, com as mãos voltadas para o rosto, com as mãos voltadas para o rosto, com as mãos voltadas para o rosto, com as mãos voltadas para o rosto, com as mãos voltadas para o"
1014,10,pessoa10,Alegre,98.35224914550781,"Um homem com as mãos sobre a face, com as mãos sobre a face, com as mãos sobre a face, com as mãos sobre a face, com as mãos sobre a face, com as mãos sobre a face, com as mãos sobre a face, com as mãos sobre a face, com as mãos sobre a"
1015,10,pessoa10,Alegre,99.9698486328125,"Um homem com as mãos sobre a face, com as mãos sobre a face, com as mãos sobre a face, com as mãos sobre a face, com as mãos sobre a face, com as mãos sobre a face, com as mãos sobre a face, com as mãos sobre a face, com as mãos sobre a"
1016,10,pessoa10,Surpreso,99.9719009399414,"Um homem com as mãos sobre a face, com as mãos sobre a face, com as mãos sobre a face, com as mãos sobre a face, com as mãos sobre a face, com as mãos sobre a face, com as mãos sobre a face, com as mãos sobre a face, com as mãos sobre a"
1017,10,pessoa10,Alegre,98.2562026977539,"Um homem com as mãos sobre a face, com as mãos sobre a face, com as mãos sobre a face, com as mãos sobre a face, com as mãos sobre a face, com as mãos sobre a face, com as mãos sobre a face, com as mãos sobre a face, com as mãos sobre a"
1018,10,pessoa10,Alegre,99.98432922363281,"Um homem com as mãos sobre a face, com as mãos sobre a face, com as mãos sobre a face, com as mãos sobre a face, com as mãos sobre a face, com as mãos sobre a face, com as mãos sobre a face, com as mãos sobre a face, com as mãos sobre a"
1019,10,pessoa10,Surpreso,98.83684539794922,"Um homem com as mãos sobre a face, com as mãos sobre a face, com as mãos sobre a face, com as mãos sobre a face, com as mãos sobre a face, com as mãos sobre a face, com as mãos sobre a face, com as mãos sobre a face, com as mãos sobre a"
1020,10,pessoa10,Alegre,97.59281921386719,"Um homem com a boca aberta e as mãos sobre a face, com a mão aberta e a boca aberta, com as mãos viradas para cima."
1021,10,pessoa10,Surpreso,91.44541931152344,"Um homem com a boca aberta e as mãos sobre a face, com a mão aberta e a boca aberta, com as mãos viradas para cima."
1022,10,pessoa10,Surpreso,98.14595031738281,"Um homem com as mãos sobre a face, com as mãos sobre a face, com as mãos sobre a face, com as mãos sobre a face, com as mãos sobre a face, com as mãos sobre a face, com as mãos sobre a face, com as mãos sobre a face, com as mãos sobre a"
1023,10,pessoa10,Surpreso,99.99954223632812,"Um homem com as mãos sobre a face, com as mãos sobre a face, com as mãos sobre a face, com as mãos sobre a face, com as mãos sobre a face, com as mãos sobre a face, com as mãos sobre a face, com as mãos sobre a face, com as mãos sobre a"
1024,10,pessoa10,Surpreso,99.9950180053711,"Um homem com as mãos sobre a face, com as mãos sobre a face, com as mãos sobre a face, com as mãos sobre a face, com as mãos sobre a face, com as mãos sobre a face, com as mãos sobre a face, com as mãos sobre a face, com as mãos sobre a"
1025,10,pessoa10,Surpreso,99.99984741210938,"Um homem com as mãos sobre a face, com as mãos sobre a face, com as mãos sobre a face, com as mãos sobre a face, com as mãos sobre a face, com as mãos sobre a face, com as mãos sobre a face, com as mãos sobre a face, com as mãos sobre a"
1026,10,pessoa10,Surpreso,99.99958038330078,"Um homem com as mãos sobre a face, com as mãos sobre a face, com as mãos sobre a face, com as mãos sobre a face, com as mãos sobre a face, com as mãos sobre a face, com as mãos sobre a face, com as mãos sobre a face, com as mãos sobre a"
1027,10,pessoa10,Surpreso,99.99898529052734,"Uma mulher com as mãos sobre a face, com a mão sobre a face, com a mão sobre a face, com a mão sobre a face, com a mão sobre a face, com a mão sobre a face, com a mão sobre a face, com a mão sobre a face, com a mão sobre a"
1028,10,pessoa10,Surpreso,99.97701263427734,"Uma mulher com as mãos sobre a face, com a mão sobre a face, com a mão sobre a face, com a mão sobre a face, com a mão sobre a face, com a mão sobre a face, com a mão sobre a face, com a mão sobre a face, com a mão sobre a"
1029,10,pessoa10,Surpreso,99.7904281616211,"Uma mulher com as mãos sobre a face, com a mão sobre a face, com a mão sobre a face, com a mão sobre a face, com a mão sobre a face, com a mão sobre a face, com a mão sobre a face, com a mão sobre a face, com a mão sobre a"
1030,10,pessoa10,Surpreso,99.99987030029297,"Um homem com as mãos sobre a face, com as mãos sobre a face, com as mãos sobre a face, com as mãos sobre a face, com as mãos sobre a face, com as mãos sobre a face, com as mãos sobre a face, com as mãos sobre a face, com as mãos sobre a"
1031,10,pessoa10,Surpreso,99.93531799316406,"Um homem com as mãos sobre a face, com as mãos sobre a face, com as mãos sobre a face, com as mãos sobre a face, com as mãos sobre a face, com as mãos sobre a face, com as mãos sobre a face, com as mãos sobre a face, com as mãos sobre a"
1032,10,pessoa10,Neutro,76.71771240234375,"Um homem com as mãos voltadas para a face, com as mãos voltadas para o rosto, com as mãos voltadas para o rosto, com as mãos voltadas para o rosto, com as mãos voltadas para o rosto, com as mãos voltadas para o rosto, com as mãos voltadas para o"
1033,10,pessoa10,Surpreso,99.96744537353516,"Um homem com as mãos voltadas para a face, com as mãos voltadas para o rosto, com as mãos voltadas para o rosto, com as mãos voltadas para o rosto, com as mãos voltadas para o rosto, com as mãos voltadas para o rosto, com as mãos voltadas para o"
1034,10,pessoa10,Surpreso,99.99358367919922,"Um homem com as mãos voltadas para a face, com as mãos voltadas para o rosto, com as mãos voltadas para o rosto, com as mãos voltadas para o rosto, com as mãos voltadas para o rosto, com as mãos voltadas para o rosto, com as mãos voltadas para o"
1035,10,pessoa10,Triste,77.5373306274414,"Um homem com as mãos voltadas para a face, com as mãos voltadas para o rosto, com as mãos voltadas para o rosto, com as mãos voltadas para o rosto, com as mãos voltadas para o rosto, com as mãos voltadas para o rosto, com as mãos voltadas para o"
1036,10,pessoa10,Triste,84.49942016601562,"Um homem com as mãos voltadas para a face, com as mãos voltadas para o rosto, com as mãos voltadas para o rosto, com as mãos voltadas para o rosto, com as mãos voltadas para o rosto, com as mãos voltadas para o rosto, com as mãos voltadas para o"
1037,10,pessoa10,Surpreso,99.97814178466797,"Um homem com as mãos voltadas para a face, com as mãos voltadas para o rosto, com as mãos voltadas para o rosto, com as mãos voltadas para o rosto, com as mãos voltadas para o rosto, com as mãos voltadas para o rosto, com as mãos voltadas para o"
1038,10,pessoa10,Surpreso,99.99856567382812,"Um homem com as mãos voltadas para a face, com as mãos voltadas para o rosto, com as mãos voltadas para o rosto, com as mãos voltadas para o rosto, com as mãos voltadas para o rosto, com as mãos voltadas para o rosto, com as mãos voltadas para o"
1039,10,pessoa10,Surpreso,99.99617004394531,"Um homem com as mãos voltadas para a face, com as mãos voltadas para o rosto, com as mãos voltadas para o rosto, com as mãos voltadas para o rosto, com as mãos voltadas para o rosto, com as mãos voltadas para o rosto, com as mãos voltadas para o"
1040,10,pessoa10,Triste,73.9774398803711,"Um homem com as mãos voltadas para a face, com as mãos voltadas para o rosto, com as mãos voltadas para o rosto, com as mãos voltadas para o rosto, com as mãos voltadas para o rosto, com as mãos voltadas para o rosto, com as mãos voltadas para o"
1041,10,pessoa10,Surpreso,99.98939514160156,"Um homem com as mãos voltadas para a face, com as mãos voltadas para o rosto, com as mãos voltadas para o rosto, com as mãos voltadas para o rosto, com as mãos voltadas para o rosto, com as mãos voltadas para o rosto, com as mãos voltadas para o"
1042,10,pessoa10,Surpreso,99.98605346679688,"Um homem com as mãos voltadas para a face, com as mãos voltadas para o rosto, com as mãos voltadas para o rosto, com as mãos voltadas para o rosto, com as mãos voltadas para o rosto, com as mãos voltadas para o rosto, com as mãos voltadas para o"
1043,10,pessoa10,Surpreso,99.9941635131836,"Um homem com as mãos voltadas para a face, com as mãos voltadas para o rosto, com as mãos voltadas para o rosto, com as mãos voltadas para o rosto, com as mãos voltadas para o rosto, com as mãos voltadas para o rosto, com as mãos voltadas para o"
1044,10,pessoa10,Surpreso,99.85067749023438,"Um homem com as mãos voltadas para a face, com as mãos voltadas para o rosto, com as mãos voltadas para o rosto, com as mãos voltadas para o rosto, com as mãos voltadas para o rosto, com as mãos voltadas para o rosto, com as mãos voltadas para o"
1045,10,pessoa10,Surpreso,99.8836898803711,"Um homem com as mãos voltadas para a face, com as mãos voltadas para o rosto, com as mãos voltadas para o rosto, com as mãos voltadas para o rosto, com as mãos voltadas para o rosto, com as mãos voltadas para o rosto, com as mãos voltadas para o"
1046,10,pessoa10,Surpreso,99.7210464477539,"Um homem com as mãos voltadas para a face, com as mãos voltadas para o rosto, com as mãos voltadas para o rosto, com as mãos voltadas para o rosto, com as mãos voltadas para o rosto, com as mãos voltadas para o rosto, com as mãos voltadas para o"
1047,10,pessoa10,Surpreso,96.0711441040039,"Um homem com as mãos voltadas para a face, com as mãos voltadas para o rosto, com as mãos voltadas para o rosto, com as mãos voltadas para o rosto, com as mãos voltadas para o rosto, com as mãos voltadas para o rosto, com as mãos voltadas para o"
1048,10,pessoa10,Surpreso,99.997802734375,"Um homem com as mãos voltadas para a face, com as mãos voltadas para o rosto, com as mãos voltadas para o rosto, com as mãos voltadas para o rosto, com as mãos voltadas para o rosto, com as mãos voltadas para o rosto, com as mãos voltadas para o"
1049,10,pessoa10,Surpreso,98.72069549560547,"Um homem com as mãos voltadas para a face, com as mãos voltadas para o rosto, com as mãos voltadas para o rosto, com as mãos voltadas para o rosto, com as mãos voltadas para o rosto, com as mãos voltadas para o rosto, com as mãos voltadas para o"
1050,10,pessoa10,Surpreso,99.96870422363281,"Um homem com as mãos voltadas para a face, com as mãos voltadas para o rosto, com as mãos voltadas para o rosto, com as mãos voltadas para o rosto, com as mãos voltadas para o rosto, com as mãos voltadas para o rosto, com as mãos voltadas para o"
1051,10,pessoa10,Surpreso,99.9624252319336,"Um homem com as mãos voltadas para a face, com as mãos voltadas para o rosto, com as mãos voltadas para o rosto, com as mãos voltadas para o rosto, com as mãos voltadas para o rosto, com as mãos voltadas para o rosto, com as mãos voltadas para o"
1052,10,pessoa10,Surpreso,99.9184799194336,"Um homem com as mãos voltadas para a face, com as mãos voltadas para o rosto, com as mãos voltadas para o rosto, com as mãos voltadas para o rosto, com as mãos voltadas para o rosto, com as mãos voltadas para o rosto, com as mãos voltadas para o"
1053,10,pessoa10,Surpreso,99.9797134399414,"Um homem com as mãos voltadas para a face, com as mãos voltadas para o rosto, com as mãos voltadas para o rosto, com as mãos voltadas para o rosto, com as mãos voltadas para o rosto, com as mãos voltadas para o rosto, com as mãos voltadas para o"
1054,10,pessoa10,Surpreso,99.91567993164062,"Um homem com as mãos voltadas para a face, com as mãos voltadas para o rosto, com as mãos voltadas para o rosto, com as mãos voltadas para o rosto, com as mãos voltadas para o rosto, com as mãos voltadas para o rosto, com as mãos voltadas para o"
1055,10,pessoa10,Alegre,97.66836547851562,"Um homem com as mãos voltadas para a face, com as mãos voltadas para o rosto, com as mãos voltadas para o rosto, com as mãos voltadas para o rosto, com as mãos voltadas para o rosto, com as mãos voltadas para o rosto, com as mãos voltadas para o"
1056,10,pessoa10,Surpreso,99.99414825439453,"Um homem com as mãos voltadas para a face, com as mãos voltadas para o rosto, com as mãos voltadas para o rosto, com as mãos voltadas para o rosto, com as mãos voltadas para o rosto, com as mãos voltadas para o rosto, com as mãos voltadas para o"
1057,10,pessoa10,Surpreso,99.99202728271484,"Um homem com as mãos voltadas para a face, com as mãos voltadas para o rosto, com as mãos voltadas para o rosto, com as mãos voltadas para o rosto, com as mãos voltadas para o rosto, com as mãos voltadas para o rosto, com as mãos voltadas para o"
1058,10,pessoa10,Surpreso,99.96003723144531,"Um homem com as mãos voltadas para a face, com as mãos voltadas para o rosto, com as mãos voltadas para o rosto, com as mãos voltadas para o rosto, com as mãos voltadas para o rosto, com as mãos voltadas para o rosto, com as mãos voltadas para o"
1059,10,pessoa10,Surpreso,99.95687103271484,"Um homem com as mãos voltadas para a face, com as mãos voltadas para o rosto, com as mãos voltadas para o rosto, com as mãos voltadas para o rosto, com as mãos voltadas para o rosto, com as mãos voltadas para o rosto, com as mãos voltadas para o"
1060,10,pessoa10,Surpreso,99.95320129394531,"Um homem com as mãos voltadas para a face, com as mãos voltadas para o rosto, com as mãos voltadas para o rosto, com as mãos voltadas para o rosto, com as mãos voltadas para o rosto, com as mãos voltadas para o rosto, com as mãos voltadas para o"
1061,10,pessoa10,Surpreso,99.99860382080078,"Um homem com as mãos voltadas para a face, com as mãos voltadas para o rosto, com as mãos voltadas para o rosto, com as mãos voltadas para o rosto, com as mãos voltadas para o rosto, com as mãos voltadas para o rosto, com as mãos voltadas para o"
1062,10,pessoa10,Surpreso,99.72625732421875,"Um homem com as mãos voltadas para a face, com as mãos voltadas para o rosto, com as mãos voltadas para o rosto, com as mãos voltadas para o rosto, com as mãos voltadas para o rosto, com as mãos voltadas para o rosto, com as mãos voltadas para o"
1063,10,pessoa10,Surpreso,99.99688720703125,"Um homem com as mãos voltadas para a face, com as mãos voltadas para o rosto, com as mãos voltadas para o rosto, com as mãos voltadas para o rosto, com as mãos voltadas para o rosto, com as mãos voltadas para o rosto, com as mãos voltadas para o"
1064,10,pessoa10,Surpreso,99.89251708984375,"Um homem com as mãos voltadas para a face, com as mãos voltadas para o rosto, com as mãos voltadas para o rosto, com as mãos voltadas para o rosto, com as mãos voltadas para o rosto, com as mãos voltadas para o rosto, com as mãos voltadas para o"
1065,10,pessoa10,Surpreso,99.99742126464844,"Um homem com as mãos voltadas para a face, com as mãos voltadas para o rosto, com as mãos voltadas para o rosto, com as mãos voltadas para o rosto, com as mãos voltadas para o rosto, com as mãos voltadas para o rosto, com as mãos voltadas para o"
1066,10,pessoa10,Surpreso,99.99971008300781,"Um homem com as mãos voltadas para a face, com as mãos voltadas para o rosto, com as mãos voltadas para o rosto, com as mãos voltadas para o rosto, com as mãos voltadas para o rosto, com as mãos voltadas para o rosto, com as mãos voltadas para o"
1067,10,pessoa10,Surpreso,99.99956512451172,"Um homem com as mãos voltadas para a face, com as mãos voltadas para o rosto, com as mãos voltadas para o rosto, com as mãos voltadas para o rosto, com as mãos voltadas para o rosto, com as mãos voltadas para o rosto, com as mãos voltadas para o"
1068,10,pessoa10,Surpreso,99.9953842163086,"Um homem com as mãos voltadas para a face, com as mãos voltadas para o rosto, com as mãos voltadas para o rosto, com as mãos voltadas para o rosto, com as mãos voltadas para o rosto, com as mãos voltadas para o rosto, com as mãos voltadas para o"
1069,10,pessoa10,Surpreso,99.99849700927734,"Um homem com as mãos voltadas para a face, com as mãos voltadas para o rosto, com as mãos voltadas para o rosto, com as mãos voltadas para o rosto, com as mãos voltadas para o rosto, com as mãos voltadas para o rosto, com as mãos voltadas para o"
1070,10,pessoa10,Surpreso,99.99974060058594,"Um homem com as mãos voltadas para a face, com as mãos voltadas para o rosto, com as mãos voltadas para o rosto, com as mãos voltadas para o rosto, com as mãos voltadas para o rosto, com as mãos voltadas para o rosto, com as mãos voltadas para o"
1071,10,pessoa10,Surpreso,99.96829986572266,"Um homem com as mãos voltadas para a face, com as mãos voltadas para o rosto, com as mãos voltadas para o rosto, com as mãos voltadas para o rosto, com as mãos voltadas para o rosto, com as mãos voltadas para o rosto, com as mãos voltadas para o"
1072,10,pessoa10,Surpreso,99.94478607177734,"Um homem com as mãos voltadas para a face, com as mãos voltadas para o rosto, com as mãos voltadas para o rosto, com as mãos voltadas para o rosto, com as mãos voltadas para o rosto, com as mãos voltadas para o rosto, com as mãos voltadas para o"
1073,10,pessoa10,Surpreso,99.997314453125,"Um homem com as mãos voltadas para a face, com as mãos voltadas para o rosto, com as mãos voltadas para o rosto, com as mãos voltadas para o rosto, com as mãos voltadas para o rosto, com as mãos voltadas para o rosto, com as mãos voltadas para o"
1074,10,pessoa10,Triste,60.528194427490234,"Um homem com as mãos voltadas para a face, com as mãos voltadas para o rosto, com as mãos voltadas para o rosto, com as mãos voltadas para o rosto, com as mãos voltadas para o rosto, com as mãos voltadas para o rosto, com as mãos voltadas para o"
1075,10,pessoa10,Surpreso,99.99803161621094,"Um homem com as mãos voltadas para a face, com as mãos voltadas para o rosto, com as mãos voltadas para o rosto, com as mãos voltadas para o rosto, com as mãos voltadas para o rosto, com as mãos voltadas para o rosto, com as mãos voltadas para o"
1076,10,pessoa10,Surpreso,99.99849700927734,"Um homem com as mãos voltadas para a face, com as mãos voltadas para o rosto, com as mãos voltadas para o rosto, com as mãos voltadas para o rosto, com as mãos voltadas para o rosto, com as mãos voltadas para o rosto, com as mãos voltadas para o"
1077,10,pessoa10,Surpreso,99.97220611572266,"Um homem com as mãos sobre a face, com as mãos sobre a face, com as mãos sobre a face, com as mãos sobre a face, com as mãos sobre a face, com as mãos sobre a face, com as mãos sobre a face, com as mãos sobre a face, com as mãos sobre a"
1078,10,pessoa10,Surpreso,99.99925231933594,"Um homem com as mãos voltadas para a face, com as mãos voltadas para o rosto, com as mãos voltadas para o rosto, com as mãos voltadas para o rosto, com as mãos voltadas para o rosto, com as mãos voltadas para o rosto, com as mãos voltadas para o"
1079,10,pessoa10,Surpreso,99.9149169921875,"Um homem com as mãos voltadas para a face, com as mãos voltadas para o rosto, com as mãos voltadas para o rosto, com as mãos voltadas para o rosto, com as mãos voltadas para o rosto, com as mãos voltadas para o rosto, com as mãos voltadas para o"
1080,10,pessoa10,Triste,63.025299072265625,Uma mulher deitada em um couch com os olhos fechados.
1081,10,pessoa10,Triste,54.6235237121582,Uma mulher deitada em um couch com os olhos fechados.
1082,10,pessoa10,Triste,44.34940719604492,Uma mulher deitada em um couch com os olhos fechados.
1083,10,pessoa10,Triste,60.855709075927734,Uma mulher deitada em um couch com os olhos fechados.
1084,10,pessoa10,Triste,51.17341995239258,Uma mulher deitada em um couch com os olhos fechados.
1085,10,pessoa10,Triste,84.36174774169922,Uma mulher deitada em um couch com os olhos fechados.
1086,10,pessoa10,Triste,90.50057220458984,Uma mulher deitada em um couch com os olhos fechados.
1087,10,pessoa10,Neutro,65.55702209472656,Uma mulher deitada em um couch com os olhos fechados.
1088,10,pessoa10,Neutro,58.91309356689453,Uma mulher deitada em um couch com os olhos fechados.
1089,10,pessoa10,Triste,77.88675689697266,Uma mulher deitada em um couch com os olhos fechados.
1090,10,pessoa10,Triste,91.14637756347656,Uma mulher deitada em um couch com os olhos fechados.
1091,10,pessoa10,Triste,83.17229461669922,Uma mulher deitada em um couch com os olhos fechados.
1092,10,pessoa10,Triste,60.51851272583008,Uma mulher deitada em um couch com os olhos fechados.
1093,10,pessoa10,Triste,65.4719009399414,Uma mulher deitada em um couch com os olhos fechados.
1094,10,pessoa10,Triste,95.47388458251953,Uma mulher deitada em um couch com os olhos fechados.
1095,10,pessoa10,Triste,87.81558227539062,Uma mulher deitada em um couch com os olhos fechados.
1096,10,pessoa10,Triste,80.29857635498047,Uma mulher deitada em um couch com os olhos fechados.
1097,10,pessoa10,Triste,60.75019454956055,Uma mulher deitada em um couch com os olhos fechados.
1098,10,pessoa10,Triste,77.11119842529297,Uma mulher deitada em um couch com os olhos fechados.
1099,10,pessoa10,Alegre,44.04411315917969,Uma mulher deitada em um couch com os olhos fechados.
1100,10,pessoa10,Alegre,44.80655288696289,Uma mulher deitada em um couch com os olhos fechados.
1101,10,pessoa10,Alegre,59.86448669433594,Uma mulher deitada em um couch com os olhos fechados.
1102,10,pessoa10,Alegre,77.34204864501953,Uma mulher deitada em um couch com os olhos fechados.
1103,10,pessoa10,Alegre,57.6396484375,Uma mulher deitada em um couch com os olhos fechados.
1104,10,pessoa10,Alegre,49.25748825073242,Uma mulher deitada em um couch com os olhos fechados.
1105,10,pessoa10,Neutro,36.00613784790039,Uma mulher deitada em um couch com os olhos fechados.
1106,10,pessoa10,Neutro,43.27314376831055,Uma mulher deitada em um couch com os olhos fechados.
1107,10,pessoa10,Neutro,71.76370239257812,Uma mulher deitada em um couch com os olhos fechados.
1108,10,pessoa10,Neutro,59.95538330078125,Uma mulher deitada em um couch com os olhos fechados.
1109,10,pessoa10,Alegre,46.807579040527344,Uma mulher deitada em um couch com os olhos fechados.
1110,10,pessoa10,Alegre,46.61259841918945,Uma mulher deitada em um couch com os olhos fechados.
1111,10,pessoa10,Triste,64.84478759765625,Uma mulher deitada em um couch com os olhos fechados.
1112,10,pessoa10,Alegre,54.75598907470703,Uma mulher deitada em um couch com os olhos fechados.
1113,10,pessoa10,Alegre,76.24507904052734,Uma mulher deitada em um couch com os olhos fechados.
1114,10,pessoa10,Alegre,67.45073699951172,Uma mulher deitada em um couch com os olhos fechados.
1115,10,pessoa10,Alegre,83.6636962890625,Uma mulher deitada em um couch com os olhos fechados.
1116,10,pessoa10,Triste,47.7492561340332,Uma mulher deitada em um couch com os olhos fechados.
1117,10,pessoa10,Alegre,45.211177825927734,Uma mulher deitada em um couch com os olhos fechados.
1118,10,pessoa10,Triste,42.409271240234375,Uma mulher deitada em um couch com os olhos fechados.
1119,10,pessoa10,Alegre,78.28245544433594,Uma mulher deitada em um couch com os olhos fechados.
1120,10,pessoa10,Alegre,76.83631896972656,Uma mulher deitada em um couch com os olhos fechados.
1121,10,pessoa10,Triste,60.0461540222168,Uma mulher deitada em um couch com os olhos fechados.
1122,10,pessoa10,Triste,86.80595397949219,Uma mulher deitada em um couch com os olhos fechados.
1123,10,pessoa10,Triste,55.800254821777344,Uma mulher deitada em um couch com os olhos fechados.
1124,10,pessoa10,Triste,84.5890884399414,Uma mulher deitada em um couch com os olhos fechados.
1125,10,pessoa10,Triste,84.9217758178711,Uma mulher deitada em um couch com os olhos fechados.
1126,10,pessoa10,Triste,74.67887878417969,Uma mulher deitada em um couch com os olhos fechados.
1127,10,pessoa10,Triste,61.41981887817383,Uma mulher deitada em um couch com os olhos fechados.
1128,10,pessoa10,Triste,84.30154418945312,Uma mulher deitada em um couch com os olhos fechados.
1129,10,pessoa10,Triste,81.9017562866211,Uma mulher deitada em um couch com os olhos fechados.
1130,10,pessoa10,Triste,82.41976165771484,Uma mulher deitada em um couch com os olhos fechados.
1131,10,pessoa10,Alegre,86.2846908569336,Uma mulher deitada em um couch com os olhos fechados.
1132,10,pessoa10,Alegre,89.63384246826172,Uma mulher deitada em um couch com os olhos fechados.
1133,10,pessoa10,Alegre,82.4421615600586,Uma mulher deitada em um couch com os olhos fechados.
1134,10,pessoa10,Alegre,64.46174621582031,Uma mulher deitada em um couch com os olhos fechados.
1135,10,pessoa10,Alegre,66.56452178955078,Uma mulher deitada em um couch com os olhos fechados.
1136,10,pessoa10,Alegre,88.34928131103516,Uma mulher deitada em um couch com os olhos fechados.
1137,10,pessoa10,Alegre,95.11779022216797,Uma mulher deitada em um couch com os olhos fechados.
1138,10,pessoa10,Alegre,96.89659118652344,Uma mulher deitada em um couch com os olhos fechados.
1139,10,pessoa10,Alegre,45.439453125,Uma mulher deitada em um couch com os olhos fechados.
1140,10,pessoa10,Alegre,70.49728393554688,Uma mulher deitada em um couch com os olhos fechados.
1141,10,pessoa10,Triste,42.75419998168945,Uma mulher deitada em um couch com os olhos fechados.
1142,10,pessoa10,Neutro,71.8696517944336,Uma mulher deitada em um couch com os olhos fechados.
1143,10,pessoa10,Triste,41.92586898803711,Uma mulher deitada em um couch com os olhos fechados.
1144,10,pessoa10,Triste,67.78950500488281,Uma mulher deitada em um couch com os olhos fechados.
1145,10,pessoa10,Triste,67.09967803955078,Uma mulher deitada em um couch com os olhos fechados.
1146,10,pessoa10,Triste,53.15738296508789,Uma mulher deitada em um couch com os olhos fechados.
1147,10,pessoa10,Triste,44.930301666259766,Uma mulher deitada em um couch com os olhos fechados.
1148,10,pessoa10,Triste,68.205078125,Uma mulher deitada em um couch com os olhos fechados.
1149,10,pessoa10,Neutro,56.67616653442383,Uma mulher deitada em um couch com os olhos fechados.
1150,10,pessoa10,Neutro,56.092315673828125,Uma mulher deitada em um couch com os olhos fechados.
1151,10,pessoa10,Neutro,61.70344543457031,Uma mulher deitada em um couch com os olhos fechados.
1152,10,pessoa10,Triste,70.41200256347656,Uma mulher deitada em um couch com os olhos fechados.
1153,10,pessoa10,Triste,54.11780548095703,Uma mulher deitada em um couch com os olhos fechados.
1154,10,pessoa10,Triste,69.72554016113281,Uma mulher deitada em um couch com os olhos fechados.
1155,10,pessoa10,Neutro,66.9194564819336,Uma mulher deitada em um couch com os olhos fechados.
1156,10,pessoa10,Neutro,65.33470153808594,Uma mulher deitada em um couch com os olhos fechados.
1157,10,pessoa10,Neutro,58.357303619384766,Uma mulher deitada em um couch com os olhos fechados.
1158,10,pessoa10,Neutro,46.61366271972656,Uma mulher deitada em um couch com os olhos fechados.
1159,10,pessoa10,Neutro,59.758358001708984,Uma mulher deitada em um couch com os olhos fechados.
1160,10,pessoa10,Neutro,59.91261672973633,Uma mulher deitada em um couch com os olhos fechados.
1161,10,pessoa10,Triste,48.80891799926758,Uma mulher deitada em um couch com os olhos fechados.
1162,10,pessoa10,Triste,91.89266967773438,Uma mulher deitada em um couch com os olhos fechados.
1163,10,pessoa10,Triste,67.915771484375,Uma mulher deitada em um couch com os olhos fechados.
1164,10,pessoa10,Triste,78.95146942138672,Uma mulher deitada em um couch com os olhos fechados.
1165,10,pessoa10,Triste,74.45342254638672,Uma mulher deitada em um couch com os olhos fechados.
1166,10,pessoa10,Triste,66.31674194335938,Uma mulher deitada em um couch com os olhos fechados.
1167,10,pessoa10,Triste,73.1017074584961,Uma mulher deitada em um couch com os olhos fechados.
1168,10,pessoa10,Triste,63.42640686035156,Uma mulher deitada em um couch com os olhos fechados.
1169,10,pessoa10,Triste,62.412879943847656,Uma mulher deitada em um couch com os olhos fechados.
1170,10,pessoa10,Neutro,47.80075454711914,Uma mulher deitada em um couch com os olhos fechados.
1171,10,pessoa10,Triste,60.33376693725586,Uma mulher deitada em um couch com os olhos fechados.
1172,10,pessoa10,Triste,83.97602844238281,Uma mulher deitada em um couch com os olhos fechados.
1173,10,pessoa10,Triste,88.69658660888672,Uma mulher deitada em um couch com os olhos fechados.
1174,10,pessoa10,Triste,95.68775177001953,Uma mulher deitada em um couch com os olhos fechados.
1175,10,pessoa10,Triste,97.45531463623047,Uma mulher deitada em um couch com os olhos fechados.
1176,10,pessoa10,Alegre,71.0408935546875,Uma mulher deitada em um couch com os olhos fechados.
1177,10,pessoa10,Alegre,69.6354751586914,Uma mulher deitada em um couch com os olhos fechados.
1178,10,pessoa10,Triste,91.55601501464844,Uma mulher deitada em um couch com os olhos fechados.
1179,10,pessoa10,Triste,40.30809783935547,Uma mulher deitada em um couch com os olhos fechados.
1180,10,pessoa10,Triste,55.16419982910156,Uma mulher deitada em um couch com os olhos fechados.
1181,10,pessoa10,Neutro,56.88313293457031,Uma mulher deitada em um couch com os olhos fechados.
1182,10,pessoa10,Triste,37.173072814941406,Uma mulher deitada em um couch com os olhos fechados.
1183,10,pessoa10,Neutro,80.20271301269531,Uma mulher deitada em um couch com os olhos fechados.
1184,10,pessoa10,Neutro,92.69417572021484,Uma mulher deitada em um couch com os olhos fechados.
1185,10,pessoa10,Neutro,91.8584976196289,Uma mulher deitada em um couch com os olhos fechados.
1186,10,pessoa10,Triste,45.84248352050781,Uma mulher deitada em um couch com os olhos fechados.
1187,10,pessoa10,Neutro,87.0960693359375,Uma mulher deitada em um couch com os olhos fechados.
1188,10,pessoa10,Neutro,77.81265258789062,Uma mulher deitada em um couch com os olhos fechados.
1189,10,pessoa10,Neutro,70.16127014160156,Uma mulher deitada em um couch com os olhos fechados.
1190,10,pessoa10,Neutro,69.90559387207031,Uma mulher deitada em um couch com os olhos fechados.
1191,10,pessoa10,Triste,56.9442138671875,Uma mulher deitada em um couch com os olhos fechados.
1192,10,pessoa10,Neutro,65.54740905761719,Uma mulher deitada em um couch com os olhos fechados.
1193,10,pessoa10,Triste,54.63975524902344,Uma mulher deitada em um couch com os olhos fechados.
1194,10,pessoa10,Triste,72.7083511352539,Uma mulher deitada em um couch com os olhos fechados.
1195,10,pessoa10,Neutro,38.916725158691406,Uma mulher deitada em um couch com os olhos fechados.
1196,10,pessoa10,Alegre,70.61249542236328,Uma mulher deitada em um couch com os olhos fechados.
1197,10,pessoa10,Triste,43.42673110961914,Uma mulher deitada em um couch com os olhos fechados.
1198,10,pessoa10,Triste,58.170467376708984,Uma mulher deitada em um couch com os olhos fechados.
1199,10,pessoa10,Triste,76.8853759765625,Uma mulher deitada em um couch com os olhos fechados.
1200,10,pessoa10,Triste,86.42540740966797,Uma mulher deitada em um couch com os olhos fechados.
1201,10,pessoa10,Triste,89.22638702392578,Uma mulher deitada em um couch com os olhos fechados.
1202,10,pessoa10,Triste,59.60260772705078,Uma mulher deitada em um couch com os olhos fechados.
1203,10,pessoa10,Triste,77.17874908447266,Uma mulher deitada em um couch com os olhos fechados.
1204,10,pessoa10,Neutro,67.19013977050781,Uma mulher deitada em um couch com os olhos fechados.
1205,10,pessoa10,Neutro,75.42176055908203,Uma mulher deitada em um couch com os olhos fechados.
1206,10,pessoa10,Triste,73.9814682006836,Uma mulher deitada em um couch com os olhos fechados.
1207,10,pessoa10,Triste,46.07704544067383,Uma mulher deitada em um couch com os olhos fechados.
1208,10,pessoa10,Triste,65.3697280883789,Uma mulher deitada em um couch com os olhos fechados.
1209,10,pessoa10,Triste,41.730953216552734,Uma mulher deitada em um couch com os olhos fechados.
1210,10,pessoa10,Neutro,52.86647033691406,Uma mulher deitada em um couch com os olhos fechados.
1211,10,pessoa10,Triste,51.84335708618164,Uma mulher deitada em um couch com os olhos fechados.
1212,10,pessoa10,Alegre,96.80352020263672,Uma mulher deitada em um couch com os olhos fechados.
1213,10,pessoa10,Alegre,98.07254028320312,Uma mulher deitada em um couch com os olhos fechados.
1214,10,pessoa10,Alegre,50.1240234375,Uma mulher deitada em um couch com os olhos fechados.
1215,10,pessoa10,Alegre,72.73531341552734,Uma mulher deitada em um couch com os olhos fechados.
1216,10,pessoa10,Alegre,77.734130859375,Uma mulher deitada em um couch com os olhos fechados.
1217,10,pessoa10,Triste,88.19464111328125,Uma mulher deitada em um couch com os olhos fechados.
1218,10,pessoa10,Raiva,64.50785827636719,Uma mulher deitada em um couch com os olhos fechados.
1219,10,pessoa10,Raiva,43.94091033935547,Uma mulher deitada em um couch com os olhos fechados.
1220,10,pessoa10,Raiva,35.91206741333008,Uma mulher deitada em um couch com os olhos fechados.
1221,10,pessoa10,Triste,98.22723388671875,Uma mulher deitada em um couch com os olhos fechados.
1222,10,pessoa10,Triste,98.83036804199219,Uma mulher deitada em um couch com os olhos fechados.
1223,10,pessoa10,Raiva,61.82899475097656,Uma mulher deitada em um couch com os olhos fechados.
1224,10,pessoa10,Raiva,86.82319641113281,"Uma mulher deitada em um couch com a mão na face, com a mão na mão, com a mão na mão, com a mão na face, com a mão na face, com a mão na face, com a mão na face, com a mão na face, com a mão na face,"
1225,10,pessoa10,Raiva,82.378173828125,"Uma mulher deitada em um couch com a mão na face, com a mão na mão, com a mão na mão, com a mão na face, com a mão na face, com a mão na face, com a mão na face, com a mão na face, com a mão na face,"
1226,10,pessoa10,Medo,63.342018127441406,"Uma mulher deitada em um couch com a mão na face, com a mão na mão, com a mão na mão, com a mão na face, com a mão na face, com a mão na face, com a mão na face, com a mão na face, com a mão na face,"
1227,10,pessoa10,Raiva,93.97456359863281,"Uma mulher deitada em um couch com a mão na face, com a mão na mão, com a mão na mão, com a mão na face, com a mão na face, com a mão na face, com a mão na face, com a mão na face, com a mão na face,"
1228,10,pessoa10,Raiva,66.71153259277344,"Uma mulher deitada em um couch com a mão na face, com a mão na mão, com a mão na mão, com a mão na face, com a mão na face, com a mão na face, com a mão na face, com a mão na face, com a mão na face,"
1229,10,pessoa10,Medo,47.53453063964844,"Uma mulher deitada em um couch com a mão na face, com a mão na mão, com a mão na mão, com a mão na face, com a mão na face, com a mão na face, com a mão na face, com a mão na face, com a mão na face,"
1230,10,pessoa10,Medo,49.84111022949219,"Uma mulher deitada em um couch com a mão na face, com a mão na mão, com a mão na mão, com a mão na face, com a mão na face, com a mão na face, com a mão na face, com a mão na face, com a mão na face,"
1231,10,pessoa10,Raiva,69.72280883789062,"Uma mulher deitada em um couch com a mão na face, com a mão na mão, com a mão na mão, com a mão na face, com a mão na face, com a mão na face, com a mão na face, com a mão na face, com a mão na face,"
1232,10,pessoa10,Medo,88.21690368652344,"Uma mulher deitada em um couch com a mão na face, com a mão na mão, com a mão na mão, com a mão na face, com a mão na face, com a mão na face, com a mão na face, com a mão na face, com a mão na face,"
1233,10,pessoa10,Medo,99.16606903076172,"Uma mulher deitada em um couch com a mão na face, com a mão na mão, com a mão na mão, com a mão na face, com a mão na face, com a mão na face, com a mão na face, com a mão na face, com a mão na face,"
1234,10,pessoa10,Medo,99.14080047607422,"Uma mulher deitada em um couch com a mão na face, com a mão na mão, com a mão na mão, com a mão na face, com a mão na face, com a mão na face, com a mão na face, com a mão na face, com a mão na face,"
1235,10,pessoa10,Medo,99.34410858154297,"Uma mulher deitada em um couch com a mão na face, com a mão na mão, com a mão na mão, com a mão na face, com a mão na face, com a mão na face, com a mão na face, com a mão na face, com a mão na face,"
1236,10,pessoa10,Medo,86.82069396972656,"Uma mulher deitada em um couch com a mão na face, com a mão na mão, com a mão na mão, com a mão na face, com a mão na face, com a mão na face, com a mão na face, com a mão na face, com a mão na face,"
1237,10,pessoa10,Medo,95.8227310180664,"Uma mulher deitada em um couch com a mão na face, com a mão na mão, com a mão na mão, com a mão na face, com a mão na face, com a mão na face, com a mão na face, com a mão na face, com a mão na face,"
1238,10,pessoa10,Medo,93.63539123535156,"Uma mulher deitada em um couch com a mão na face, com a mão na mão, com a mão na mão, com a mão na face, com a mão na face, com a mão na face, com a mão na face, com a mão na face, com a mão na face,"
1239,10,pessoa10,Medo,66.22368621826172,"Uma mulher deitada em um couch com a mão na face, com a mão na mão, com a mão na mão, com a mão na face, com a mão na face, com a mão na face, com a mão na face, com a mão na face, com a mão na face,"
1240,10,pessoa10,Medo,94.76160430908203,"Uma mulher deitada em um couch com a mão na face, com a mão na mão, com a mão na mão, com a mão na face, com a mão na face, com a mão na face, com a mão na face, com a mão na face, com a mão na face,"
1241,10,pessoa10,Medo,95.29279327392578,"Uma mulher deitada em um couch com a mão na face, com a mão na mão, com a mão na mão, com a mão na face, com a mão na face, com a mão na face, com a mão na face, com a mão na face, com a mão na face,"
1242,10,pessoa10,Raiva,99.57733154296875,Uma mulher deitada em um couch com os olhos fechados.
1243,10,pessoa10,Raiva,70.67681121826172,Uma mulher deitada em um couch com os olhos fechados.
1244,10,pessoa10,Raiva,92.2281723022461,Uma mulher deitada em um couch com os olhos fechados.
1245,10,pessoa10,Raiva,88.92036437988281,Uma mulher deitada em um couch com os olhos fechados.
1246,10,pessoa10,Raiva,99.47218322753906,Uma mulher deitada em um couch com os olhos fechados.
1247,10,pessoa10,Medo,94.75839233398438,Uma mulher deitada em um couch com os olhos fechados.
1248,10,pessoa10,Medo,79.06631469726562,"Uma mulher deitada em um couch com a mão na face, com a mão na mão, com a mão na mão, com a mão na face, com a mão na face, com a mão na face, com a mão na face, com a mão na face, com a mão na face,"
1249,10,pessoa10,Medo,94.69700622558594,"Uma mulher deitada em um couch com a mão na face, com a mão na mão, com a mão na mão, com a mão na face, com a mão na face, com a mão na face, com a mão na face, com a mão na face, com a mão na face,"
1250,10,pessoa10,Neutro,53.520423889160156,"Uma mulher deitada em um couch com a mão na face, com a mão na mão, com a mão na mão, com a mão na face, com a mão na face, com a mão na face, com a mão na face, com a mão na face, com a mão na face,"
1251,10,pessoa10,Medo,85.40856170654297,"Uma mulher deitada em um couch com a mão na face, com a mão na mão, com a mão na mão, com a mão na face, com a mão na face, com a mão na face, com a mão na face, com a mão na face, com a mão na face,"
1252,10,pessoa10,Medo,50.36616897583008,"Uma mulher deitada em um couch com a mão na face, com a mão na mão, com a mão na mão, com a mão na face, com a mão na face, com a mão na face, com a mão na face, com a mão na face, com a mão na face,"
1253,10,pessoa10,Medo,94.14399719238281,"Uma mulher deitada em um couch com a mão na face, com a mão na mão, com a mão na mão, com a mão na face, com a mão na face, com a mão na face, com a mão na face, com a mão na face, com a mão na face,"
1254,10,pessoa10,Medo,96.47713470458984,Uma mulher deitada em um couch com os olhos fechados.
1255,10,pessoa10,Medo,94.58272552490234,Uma mulher deitada em um couch com os olhos fechados.
1256,10,pessoa10,Medo,96.49645233154297,Uma mulher deitada em um couch com os olhos fechados.
1257,10,pessoa10,Surpreso,42.185699462890625,Uma mulher deitada em um couch com os olhos fechados.
1258,10,pessoa10,Medo,76.90724182128906,Uma mulher deitada em um couch com os olhos fechados.
1259,10,pessoa10,Medo,78.0565185546875,Uma mulher deitada em um couch com os olhos fechados.
1260,10,pessoa10,Triste,91.5238037109375,Um homem com vidros e uma barba barbada.
1261,10,pessoa10,Triste,91.8681640625,Um homem com vidros e uma barba barbada.
1262,10,pessoa10,Triste,93.71241760253906,Um homem com vidros e uma barba barbada.
1263,10,pessoa10,Neutro,91.93354797363281,Um homem com vidros e uma barba barbada.
1264,10,pessoa10,Neutro,99.59337615966797,Um homem com vidros e uma barba barbada.
1265,10,pessoa10,Alegre,84.0046615600586,Um homem com vidros e uma barba barbada.
1266,10,pessoa10,Neutro,97.91805267333984,Um homem com vidros e uma barba barbada.
1267,10,pessoa10,Neutro,79.01983642578125,Um homem com vidros e uma barba barbada.
1268,10,pessoa10,Neutro,97.08184814453125,Um homem com vidros e uma barba barbada.
1269,10,pessoa10,Triste,96.04199981689453,Um homem com vidros e uma barba barbada.
1270,10,pessoa10,Neutro,88.01382446289062,Um homem com vidros e uma barba barbada.
1271,10,pessoa10,Neutro,99.93189239501953,Um homem com vidros e uma barba barbada.
1272,10,pessoa10,Neutro,99.97982025146484,Um homem com vidros e uma barba barbada.
1273,10,pessoa10,Triste,97.5836410522461,Um homem com vidros e uma barba barbada.
1274,10,pessoa10,Triste,99.86688995361328,Um homem com vidros e uma barba barbada.
1275,10,pessoa10,Neutro,93.25308227539062,Um homem com vidros e uma barba barbada.
1276,10,pessoa10,Triste,98.95484924316406,Um homem com vidros e uma barba barbada.
1277,10,pessoa10,Triste,99.9093246459961,Um homem com vidros e uma barba barbada.
1278,10,pessoa10,Raiva,99.27986907958984,Um homem com vidros e uma barba barbada.
1279,10,pessoa10,Triste,46.3096923828125,Um homem com vidros e uma barba barbada.
1280,10,pessoa10,Neutro,99.97550201416016,Um homem com vidros e uma barba barbada.
1281,10,pessoa10,Neutro,97.78453826904297,Um homem com vidros e uma barba barbada.
1282,10,pessoa10,Neutro,94.15434265136719,Um homem com vidros e uma barba barbada.
1283,10,pessoa10,Neutro,97.1607666015625,Um homem com vidros e uma barba barbada.
1284,10,pessoa10,Neutro,99.98572540283203,Um homem com vidros e uma barba barbada.
1285,10,pessoa10,Neutro,99.99873352050781,Um homem com vidros e uma barba barbada.
1286,10,pessoa10,Neutro,99.86717987060547,Um homem com vidros e uma barba barbada.
1287,10,pessoa10,Triste,97.55427551269531,Um homem com vidros e uma barba barbada.
1288,10,pessoa10,Neutro,99.98149871826172,Um homem com vidros e uma barba barbada.
1289,10,pessoa10,Neutro,70.23579406738281,Um homem com vidros e uma barba barbada.
1290,10,pessoa10,Triste,90.41964721679688,Um homem com vidros e uma barba barbada.
1291,10,pessoa10,Neutro,97.08975982666016,Um homem com vidros e uma barba barbada.
1292,10,pessoa10,Neutro,98.58232116699219,Um homem com vidros e uma barba barbada.
1293,10,pessoa10,Neutro,75.87512969970703,Um homem com vidros e uma barba barbada.
1294,10,pessoa10,Raiva,60.26207733154297,Um homem com vidros e uma barba barbada.
1295,10,pessoa10,Triste,59.627471923828125,Um homem com vidros e uma barba barbada.
1296,10,pessoa10,Medo,85.99234771728516,Um homem com vidros e uma barba barbada.
1297,10,pessoa10,Medo,98.47611999511719,Um homem com vidros e uma barba barbada.
1298,10,pessoa10,Triste,93.18273162841797,Um homem com vidros e uma barba barbada.
1299,10,pessoa10,Medo,99.03199768066406,Um homem com vidros e uma barba barbada.
1300,10,pessoa10,Triste,85.48321533203125,Um homem com vidros e uma barba barbada.
1301,10,pessoa10,Alegre,98.37020874023438,Um homem com vidros e uma barba barbada.
1302,10,pessoa10,Alegre,98.37631225585938,Um homem com vidros e uma barba barbada.
1303,10,pessoa10,Triste,99.61756134033203,Um homem com vidros e uma barba barbada.
1304,10,pessoa10,Triste,86.69059753417969,Um homem com vidros e uma barba barbada.
1305,10,pessoa10,Triste,57.61128616333008,Um homem com vidros e uma barba barbada.
1306,10,pessoa10,Triste,98.2845458984375,Um homem com vidros e uma barba barbada.
1307,10,pessoa10,Alegre,51.303741455078125,"Um homem com óculos e uma barba, usando uma camiseta preta com óculos e uma barba, usando uma camiseta preta."
1308,10,pessoa10,Alegre,89.91803741455078,"Um homem com óculos e uma barba, usando uma camiseta preta com óculos e uma barba, usando uma camiseta preta."
1309,10,pessoa10,Alegre,89.60262298583984,"Um homem com óculos e uma barba, usando uma camiseta preta com óculos e uma barba, usando uma camiseta preta."
1310,10,pessoa10,Medo,59.592803955078125,"Um homem com vidros e uma barba, fazendo uma face de brincadeira com óculos e uma barba, fazendo uma face de brincadeira com óculos e uma barba, fazendo uma face de brincadeira com óculos e uma barba, fazendo uma face de brincadeira com óculos e uma barba, fazendo uma face de brincadeira com óculos e uma barba"
1311,10,pessoa10,Neutro,75.3035659790039,Um homem com vidros e uma barba agarrada na língua de seu filho.
1312,10,pessoa10,Alegre,84.98788452148438,"Um homem com vidros e uma barba, fazendo uma face de brincadeira com óculos e uma barba, fazendo uma face de brincadeira com óculos e uma barba, fazendo uma face de brincadeira com óculos e uma barba, fazendo uma face de brincadeira com óculos e uma barba, fazendo uma face de brincadeira com óculos e uma barba"
1313,10,pessoa10,Alegre,75.67583465576172,"Um homem com óculos e uma barba, usando uma camiseta preta com óculos e uma barba, usando uma camiseta preta."
1314,10,pessoa10,Triste,75.88497161865234,"Um homem com óculos e uma barba, usando uma camiseta preta com óculos e uma barba, usando uma camiseta preta."
1315,10,pessoa10,Alegre,98.12787628173828,"Um homem com óculos e uma barba, usando uma camiseta preta com óculos e uma barba, usando uma camiseta preta."
1316,10,pessoa10,Alegre,55.22638702392578,"Um homem com óculos e uma barba, usando uma camiseta preta com óculos e uma barba, usando uma camiseta preta."
1317,10,pessoa10,Medo,77.7951431274414,"Um homem com óculos e uma barba, usando uma camiseta preta com óculos e uma barba, usando uma camiseta preta."
1318,10,pessoa10,Neutro,35.393367767333984,"Um homem com óculos e uma barba, usando uma camiseta preta com óculos e uma barba, usando uma camiseta preta."
1319,10,pessoa10,Medo,84.82478332519531,"Um homem com óculos e uma barba, usando uma camiseta preta com óculos e uma barba, usando uma camiseta preta."
1320,10,pessoa10,Triste,94.17459106445312,"Um homem com óculos e uma barba, usando uma camiseta preta com óculos e uma barba, usando uma camiseta preta."
1321,10,pessoa10,Triste,99.95225524902344,"Um homem com óculos e uma barba, usando uma camiseta preta com óculos e uma barba, usando uma camiseta preta."
1322,10,pessoa10,Medo,66.55269622802734,"Um homem com óculos e uma barba, usando uma camiseta preta com óculos e uma barba, usando uma camiseta preta."
1323,10,pessoa10,Medo,83.4407730102539,Um homem com vidros e uma barba barbada.
1324,10,pessoa10,Neutro,81.88128662109375,Um homem com vidros e uma barba barbada.
1325,10,pessoa10,Neutro,76.48454284667969,Um homem com vidros e uma barba barbada.
1326,10,pessoa10,Neutro,46.36128234863281,Um homem com vidros e uma barba barbada.
1327,10,pessoa10,Neutro,84.656982421875,Um homem com vidros e uma barba barbada.
1328,10,pessoa10,Triste,73.53324127197266,Um homem com vidros e um sorriso de barba.
1329,10,pessoa10,Triste,91.44416809082031,Um homem com vidros e um sorriso de barba.
1330,10,pessoa10,Triste,88.94779205322266,Um homem com vidros e um sorriso de barba.
1331,10,pessoa10,Triste,76.18069458007812,Um homem com vidros e um sorriso de barba.
1332,10,pessoa10,Triste,93.96662902832031,Um homem com vidros e um sorriso de barba.
1333,10,pessoa10,Medo,89.66314697265625,Um homem com vidros e um sorriso de barba.
1334,10,pessoa10,Triste,99.16632843017578,Um homem com vidros e um sorriso de barba.
1335,10,pessoa10,Medo,75.69512939453125,Um homem com vidros e um sorriso de barba.
1336,10,pessoa10,Medo,74.59449005126953,Um homem com vidros e um sorriso de barba.
1337,10,pessoa10,Triste,69.7547607421875,Um homem com vidros e um sorriso de barba.
1338,10,pessoa10,Raiva,69.89532470703125,Um homem com vidros e um sorriso de barba.
1339,10,pessoa10,Medo,73.25031280517578,Um homem com vidros e um sorriso de barba.
1340,10,pessoa10,Neutro,57.448917388916016,Um homem com vidros e uma barba barbada.
1341,10,pessoa10,Medo,50.4549560546875,Um homem com vidros e uma barba barbada.
1342,10,pessoa10,Triste,99.80818176269531,Um homem com vidros e um sorriso de barba.
1343,10,pessoa10,Alegre,98.54407501220703,Um homem com vidros e um sorriso de barba.
1344,10,pessoa10,Neutro,82.0560302734375,Um homem com vidros e um sorriso de barba.
1345,10,pessoa10,Alegre,78.39017486572266,Um homem com vidros e uma barba barbada.
1346,10,pessoa10,Neutro,71.30249786376953,Um homem com vidros e uma barba barbada.
1347,11,pessoa11,Triste,45.09532165527344,Um homem com vidros e uma barba barbada.
1348,11,pessoa11,Triste,85.12471771240234,Um homem com vidros e uma barba barbada.
1349,11,pessoa11,Neutro,69.99796295166016,Um homem com vidros e uma barba barbada.
1350,10,pessoa10,Neutro,94.91422271728516,Um homem com vidros e uma barba barbada.
1351,10,pessoa10,Neutro,94.68399047851562,Um homem com vidros e uma barba barbada.
1352,10,pessoa10,Neutro,65.8357925415039,"Um homem com óculos e uma barba, usando uma camiseta preta com óculos e uma barba, usando uma camiseta preta."
1353,10,pessoa10,Neutro,81.91312408447266,"Um homem com óculos e uma barba, usando uma camiseta preta com óculos e uma barba, usando uma camiseta preta."
1354,10,pessoa10,Neutro,90.90865325927734,Um homem com vidros e uma barba barbada.
1355,10,pessoa10,Neutro,93.1692886352539,Um homem com vidros e uma barba barbada.
1356,10,pessoa10,Neutro,99.9510269165039,Um homem com vidros e uma barba barbada.
1357,10,pessoa10,Neutro,53.82676696777344,Um homem com vidros e uma barba barbada.
1358,10,pessoa10,Neutro,99.54564666748047,"Um homem com vidros e uma barba, usando uma camiseta de macaquinho, com um chapéu e uma barba, usando uma camiseta de macaquinho."
1359,10,pessoa10,Neutro,99.23033142089844,"Um homem com vidros e uma barba, usando uma camiseta de macaquinho, com um chapéu e uma barba, usando uma camiseta de macaquinho."
1360,10,pessoa10,Neutro,99.87718200683594,"Um homem com vidros e uma barba, usando uma camiseta de macaquinho, com um chapéu e uma barba, usando uma camiseta de macaquinho."
1361,10,pessoa10,Neutro,85.93901824951172,"Um homem com vidros e uma barba, usando uma camiseta de macaquinho, com um chapéu e uma barba, usando uma camiseta de macaquinho."
1362,10,pessoa10,Alegre,99.90467834472656,"Um homem com vidros e uma barba, usando uma camiseta de macaquinho, com um chapéu e uma barba, usando uma camiseta de macaquinho."
1363,10,pessoa10,Neutro,96.16856384277344,"Um homem com vidros e uma barba, usando uma camiseta de macaquinho, com um chapéu e uma barba, usando uma camiseta de macaquinho."
1364,10,pessoa10,Neutro,98.28113555908203,"Um homem com vidros e uma barba, usando uma camiseta de macaquinho, com um chapéu e uma barba, usando uma camiseta de macaquinho."
1365,10,pessoa10,Neutro,98.9540023803711,"Um homem com vidros e uma barba, usando uma camiseta de macaquinho, com um chapéu e uma barba, usando uma camiseta de macaquinho."
1366,10,pessoa10,Neutro,99.84801483154297,"Um homem com vidros e uma barba, usando uma camiseta de macaquinho, com um chapéu e uma barba, usando uma camiseta de macaquinho."
1367,11,pessoa11,Medo,99.9529037475586,"Um homem com vidros e uma barba, usando uma camiseta de macaquinho, com um chapéu e uma barba, usando uma camiseta de macaquinho."
1368,10,pessoa10,Neutro,99.85301208496094,Um homem com vidros e uma barba barbada.
1369,10,pessoa10,Neutro,99.82178497314453,Um homem com vidros e uma barba barbada.
1370,10,pessoa10,Triste,78.15443420410156,"Um homem com vidros e uma barba, usando uma camiseta de macaquinho, com um chapéu e uma barba, usando uma camiseta de macaquinho."
1371,11,pessoa11,Triste,99.9994888305664,"Um homem com vidros e uma barba, usando uma camiseta de macaquinho, com um chapéu e uma barba, usando uma camiseta de macaquinho."
1372,11,pessoa11,Neutro,82.87013244628906,"Um homem com vidros e uma barba, usando uma camiseta de macaquinho, com um chapéu e uma barba, usando uma camiseta de macaquinho."
1373,11,pessoa11,Triste,94.37175750732422,Um homem com vidros e uma barba barbada.
1374,11,pessoa11,Triste,95.58528900146484,Um homem com vidros e uma barba barbada.
1375,10,pessoa10,Neutro,53.40727615356445,"Um homem com vidros e uma barba, usando uma camiseta de macaquinho, com um chapéu e uma barba, usando uma camiseta de macaquinho."
1376,10,pessoa10,Medo,95.44319152832031,"Um homem com vidros e uma barba, usando uma camiseta de macaquinho, com um chapéu e uma barba, usando uma camiseta de macaquinho."
1377,11,pessoa11,Triste,97.45389556884766,"Um homem com vidros e uma barba, usando uma camiseta de macaquinho, com um chapéu e uma barba, usando uma camiseta de macaquinho."
1378,11,pessoa11,Triste,99.8930435180664,"Um homem com vidros e uma barba, usando uma camiseta de macaquinho, com um chapéu e uma barba, usando uma camiseta de macaquinho."
1379,10,pessoa10,Triste,99.92842102050781,Um homem com vidros e uma barba barbada.
1380,10,pessoa10,Triste,66.28579711914062,"Um homem com vidros e uma barba, usando uma camiseta de macaquinho, com um chapéu e uma barba, usando uma camiseta de macaquinho."
1381,10,pessoa10,Triste,99.96903991699219,"Um homem com vidros e uma barba, usando uma camiseta de macaquinho, com um chapéu e uma barba, usando uma camiseta de macaquinho."
1382,11,pessoa11,Triste,99.93512725830078,"Um homem com vidros e uma barba, usando uma camiseta de macaquinho, com um chapéu e uma barba, usando uma camiseta de macaquinho."
1382,12,pessoa12,Neutro,99.51911926269531,"Um homem com vidros e uma barba, usando uma camiseta de macaquinho, com um chapéu e uma barba, usando uma camiseta de macaquinho."
1383,12,pessoa12,Neutro,99.65478515625,"Um homem com vidros e uma barba, usando uma camiseta de macaquinho, com um chapéu e uma barba, usando uma camiseta de macaquinho."
1384,10,pessoa10,Triste,99.99934387207031,"Um homem com vidros e uma barba, usando uma camiseta de macaquinho, com um chapéu e uma barba, usando uma camiseta de macaquinho."
1385,10,pessoa10,Triste,98.03135681152344,"Um homem com vidros e uma barba, usando uma camiseta de macaquinho, com um chapéu e uma barba, usando uma camiseta de macaquinho."
1386,10,pessoa10,Triste,75.6093978881836,"Um homem com vidros e uma barba, usando uma camiseta de macaquinho, com um chapéu e uma barba, usando uma camiseta de macaquinho."
1387,10,pessoa10,Triste,94.35385131835938,"Um homem com vidros e uma barba, usando uma camiseta de macaquinho, com um chapéu e uma barba, usando uma camiseta de macaquinho."
1388,10,pessoa10,Triste,60.01927185058594,Um homem com vidros e uma barba barbada.
1389,10,pessoa10,Neutro,92.3314437866211,Um homem com vidros e uma barba barbada.
1390,11,pessoa11,Triste,94.1180648803711,Um homem com vidros e uma barba barbada.
1391,10,pessoa10,Neutro,99.97737121582031,Um homem com vidros e uma barba barbada.
1392,10,pessoa10,Neutro,98.31248474121094,Um homem com vidros e uma barba barbada.
1393,12,pessoa12,Neutro,99.40326690673828,Um homem com vidros e uma barba barbada.
1394,12,pessoa12,Neutro,98.96546936035156,"Um homem com óculos e uma barba, usando uma camiseta preta com óculos e uma barba, usando uma camiseta preta."
1395,12,pessoa12,Neutro,94.6610107421875,"Um homem com óculos e uma barba, usando uma camiseta preta com óculos e uma barba, usando uma camiseta preta."
1396,10,pessoa10,Triste,95.7224349975586,"Um homem com óculos e uma barba, usando uma camiseta preta com óculos e uma barba, usando uma camiseta preta."
1397,11,pessoa11,Medo,74.21315002441406,"Um homem com óculos e uma barba, usando uma camiseta preta com óculos e uma barba, usando uma camiseta preta."
1398,12,pessoa12,Neutro,99.97093963623047,"Um homem com óculos e uma barba, usando uma camiseta preta com óculos e uma barba, usando uma camiseta preta."
1399,12,pessoa12,Neutro,99.9958724975586,"Um homem com óculos e uma barba, usando uma camiseta preta com óculos e uma barba, usando uma camiseta preta."
1400,12,pessoa12,Neutro,99.98731994628906,"Um homem com óculos e uma barba, usando uma camiseta preta com óculos e uma barba, usando uma camiseta preta."
1401,12,pessoa12,Neutro,99.85633087158203,"Um homem com óculos e uma barba, usando uma camiseta preta com óculos e uma barba, usando uma camiseta preta."
1402,12,pessoa12,Neutro,99.29072570800781,"Um homem com óculos e uma barba, usando uma camiseta preta com óculos e uma barba, usando uma camiseta preta."
1403,10,pessoa10,Alegre,99.97002410888672,"Um homem com óculos e uma barba, usando uma camiseta preta com óculos e uma barba, usando uma camiseta preta."
1404,10,pessoa10,Medo,92.57260131835938,"Um homem com óculos e uma barba, usando uma camiseta preta com óculos e uma barba, usando uma camiseta preta."
1405,12,pessoa12,Triste,99.24156951904297,"Um homem com óculos e uma barba de cor parda preta, com uma camiseta preta."
1406,12,pessoa12,Alegre,40.50339889526367,Um homem com vidros e uma barba usando uma camiseta de macaquinho.
1407,12,pessoa12,Triste,62.05276107788086,"Um homem com vidros e uma barba de barba com uma camiseta de leopard print shirt é um homem de vidro e uma barba de barba, com uma camiseta de leopard print shirt."
1408,12,pessoa12,Triste,81.93212127685547,"Um homem com vidros e uma barba de barba com uma camiseta de leopard print shirt é um homem de vidro e uma barba de barba, com uma camiseta de leopard print shirt."
1409,12,pessoa12,Medo,69.71761322021484,"Um homem com vidros e uma barba de barba com uma camiseta de leopard print shirt é um homem de vidro e uma barba de barba, com uma camiseta de leopard print shirt."
1410,12,pessoa12,Triste,91.65766143798828,"Um homem com vidros e uma barba de barba com uma camiseta de leopard print shirt é um homem de vidro e uma barba de barba, com uma camiseta de leopard print shirt."
1411,12,pessoa12,Triste,98.201904296875,"Um homem com vidros e uma barba de barba com uma camiseta de leopard print shirt é um homem de vidro e uma barba de barba, com uma camiseta de leopard print shirt."
1412,12,pessoa12,Triste,82.08052062988281,"Um homem com óculos e uma barba de cor parda preta, com uma camiseta preta."
1413,12,pessoa12,Triste,96.01290130615234,"Um homem com óculos e uma barba de cor parda preta, com uma camiseta preta."
1414,12,pessoa12,Triste,84.63233184814453,"Um homem com óculos e uma barba de cor parda preta, com uma camiseta preta."
1415,12,pessoa12,Triste,99.30961608886719,"Um homem com óculos e uma barba de cor parda preta, com uma camiseta preta."
1416,12,pessoa12,Triste,70.124755859375,Um homem com vidros e uma barba barbada.
1417,12,pessoa12,Neutro,47.175048828125,Um homem com vidros e uma barba barbada.
1418,12,pessoa12,Neutro,88.21414184570312,Um homem com vidros e uma barba barbada.
1419,12,pessoa12,Triste,99.9988784790039,Um homem com vidros e uma barba barbada.
1420,12,pessoa12,Triste,98.88935089111328,"Um homem com óculos e uma barba de roupa de camiseta, com óculos e uma barba de barba, usando uma camiseta."
1421,12,pessoa12,Triste,62.439212799072266,Um homem com vidros e uma barba barbada.
1422,12,pessoa12,Triste,59.82969665527344,Um homem com vidros e uma barba barbada.
1423,12,pessoa12,Triste,96.4003677368164,Um homem com vidros e uma barba barbada.
1424,12,pessoa12,Triste,99.63114929199219,Um homem com vidros e uma barba barbada.
1425,12,pessoa12,Alegre,77.24816131591797,Um homem com vidros e uma barba barbada.
1426,12,pessoa12,Triste,75.63472747802734,Um homem com vidros e uma barba barbada.
1427,12,pessoa12,Triste,64.23700714111328,Um homem com vidros e uma barba barbada.
1428,12,pessoa12,Triste,86.27973175048828,Um homem com vidros e uma barba barbada.
1429,12,pessoa12,Triste,86.41912078857422,Um homem com vidros e uma barba barbada.
1430,12,pessoa12,Triste,97.46407318115234,Um homem com vidros e uma barba barbada.
1431,12,pessoa12,Triste,99.98320007324219,Um homem com vidros e uma barba barbada.
1432,12,pessoa12,Triste,98.55587005615234,Um homem com vidros e uma barba barbada.
1433,12,pessoa12,Triste,90.69862365722656,Um homem com vidros e uma barba barbada.
1434,12,pessoa12,Triste,90.6133041381836,Um homem com vidros e uma barba barbada.
1435,12,pessoa12,Triste,86.85462951660156,Um homem com vidros e uma barba barbada.
1436,12,pessoa12,Triste,96.54301452636719,Um homem com vidros e uma barba barbada.
1437,12,pessoa12,Neutro,95.70124053955078,Um homem com vidros e uma barba barbada.
1438,10,pessoa10,Alegre,96.08387756347656,Um homem com vidros e uma barba barbada.
1439,10,pessoa10,Medo,93.66621398925781,Um homem com vidros e uma barba barbada.
1440,1,pessoa1,Alegre,59.13054656982422,Um homem com um chapéu esboçado e um sorriso sorrisos.
1441,1,pessoa1,Neutro,89.92997741699219,Um homem em uma camiseta estilhada é sorrir sorrindo.
1442,1,pessoa1,Alegre,74.67070007324219,Um homem em uma camiseta estilhada é sorrir sorrindo.
1443,1,pessoa1,Neutro,78.52806854248047,Um homem em uma camiseta estilhada é sorrir sorrindo.
1444,1,pessoa1,Alegre,71.77947235107422,Um homem em uma camiseta estilhada é sorrir sorrindo.
1445,1,pessoa1,Neutro,68.9139404296875,Um homem em um vestido descalço está em pé diante de uma janela.
1446,1,pessoa1,Neutro,92.40184783935547,Um homem em um vestido descalço está em pé diante de uma janela.
1447,1,pessoa1,Neutro,92.81874084472656,Um homem em um vestido descalço está em pé diante de uma janela.
1448,1,pessoa1,Neutro,62.02840805053711,Um homem em um vestido descalço está em pé diante de uma janela.
1449,1,pessoa1,Alegre,39.67180252075195,Um homem em um vestido descalço está em pé diante de uma janela.
1450,1,pessoa1,Neutro,70.63945007324219,Um homem em um vestido descalço está em pé diante de uma janela.
1451,1,pessoa1,Neutro,83.81269073486328,Um homem em um vestido descalço está em pé diante de uma janela.
1452,1,pessoa1,Neutro,78.84707641601562,Um homem em um vestido descalço está em pé diante de uma janela.
1453,1,pessoa1,Neutro,69.1788330078125,Um homem com um chapéu esboçado e um azul de camisa.
1454,1,pessoa1,Neutro,78.07160949707031,Um homem em uma camiseta estilhada é sorrir sorrindo.
1455,1,pessoa1,Neutro,55.394630432128906,Um homem em uma camiseta estilhada é sorrir sorrindo.
1456,1,pessoa1,Neutro,79.10509490966797,Um homem em uma camiseta estilhada é sorrir sorrindo.
1457,1,pessoa1,Alegre,60.62397766113281,Um homem em uma camiseta estilhada é sorrir sorrindo.
1458,1,pessoa1,Alegre,71.35017395019531,Um homem em uma camiseta estilhada é sorrir sorrindo.
1459,1,pessoa1,Alegre,90.06732177734375,Um homem em uma camiseta estilhada é sorrir sorrindo.
1460,1,pessoa1,Alegre,87.21087646484375,"Um jovem sorri de camiseta esboçada na câmera, em um sorriso de manga esboçado na câmera."
1461,1,pessoa1,Alegre,95.99271392822266,"Um homem em um sorriso de camiseta esboçado na câmera, em um sorriso de manga esboçado na câmera."
1462,1,pessoa1,Alegre,96.64871215820312,"Um homem em um sorriso de camiseta esboçado na câmera, em um sorriso de manga esboçado na câmera."
1463,1,pessoa1,Alegre,96.64295196533203,"Um homem em um sorriso de camiseta esboçado na câmera, em um sorriso de manga esboçado na câmera."
1464,1,pessoa1,Alegre,70.24156951904297,"Um homem em um sorriso de camiseta esboçado na câmera, em um sorriso de manga esboçado na câmera."
1465,1,pessoa1,Alegre,96.218994140625,"Um homem em um sorriso de camiseta esboçado na câmera, em um sorriso de manga esboçado na câmera."
1466,1,pessoa1,Alegre,96.23761749267578,"Um homem em um sorriso de camiseta esboçado na câmera, em um sorriso de manga esboçado na câmera."
1467,1,pessoa1,Alegre,96.888427734375,"Um jovem sorri de camiseta esboçada na câmera, em um sorriso de manga esboçado na câmera."
1468,1,pessoa1,Alegre,96.44331359863281,"Um jovem sorri de camiseta esboçada na câmera, em um sorriso de manga esboçado na câmera."
1469,1,pessoa1,Alegre,91.16520690917969,"Um jovem sorri de camiseta esboçada na câmera, em um sorriso de manga esboçado na câmera."
1470,1,pessoa1,Raiva,86.04633331298828,"Um jovem sorri de camiseta esboçada na câmera, em um sorriso de manga esboçado na câmera."
1471,1,pessoa1,Raiva,54.83287811279297,"Um jovem sorri de camiseta esboçada na câmera, em um sorriso de manga esboçado na câmera."
1472,1,pessoa1,Alegre,40.07231140136719,"Um jovem sorri de camiseta esboçada na câmera, em um sorriso de manga esboçado na câmera."
1473,1,pessoa1,Medo,38.5058708190918,"Uma mulher em um sorriso de camiseta estilhado na câmera, em uma sorriso de manga estilhado, na câmera."
1474,1,pessoa1,Alegre,85.04289245605469,Uma mulher com cabelos curtos e uma faixa de cor parda de cabelo escorreram.
1475,1,pessoa1,Alegre,85.04094696044922,Uma mulher com cabelos curtos e uma faixa de cor parda de cabelo escorreram.
1476,1,pessoa1,Alegre,67.93453216552734,Uma mulher com cabelos curtos e uma faixa de cor parda de cabelo escorreram.
1477,1,pessoa1,Alegre,88.72163391113281,Uma mulher com cabelos curtos e uma faixa de cor parda de cabelo escorreram.
1478,1,pessoa1,Alegre,94.264892578125,Uma mulher com cabelos curtos e uma faixa de cor parda de cabelo escorreram.
1479,1,pessoa1,Alegre,67.37004852294922,Uma mulher com cabelos curtos e uma faixa de cor parda de cabelo escorreram.
1480,1,pessoa1,Alegre,99.84243774414062,Uma mulher com cabelos curtos e uma faixa de cor parda de cabelo escorreram.
1481,1,pessoa1,Alegre,99.851318359375,Uma mulher com cabelos curtos e uma faixa de cor parda de cabelo escorreram.
1482,1,pessoa1,Alegre,97.41679382324219,Uma mulher com um olhar surpreendente sobre seu rosto.
1483,1,pessoa1,Alegre,99.11610412597656,Uma mulher com um olhar surpreendente sobre seu rosto.
1484,1,pessoa1,Alegre,98.6858901977539,Um homem com um olhar surpreendente sobre seu rosto.
1485,1,pessoa1,Alegre,84.48825073242188,Uma mulher com um olhar surpreendente sobre seu rosto.
1486,1,pessoa1,Alegre,99.58898162841797,Uma mulher com um olhar surpreendente sobre seu rosto.
1487,1,pessoa1,Alegre,99.56432342529297,Um homem com um olhar surpreendente sobre seu rosto.
1488,1,pessoa1,Alegre,89.16873168945312,Um homem com um olhar surpreendente sobre seu rosto.
1489,1,pessoa1,Alegre,84.77477264404297,"Um homem em uma camiseta estilhada está rindo rindo, rindo, num sorriso, é rir um homem em uma camiseta estilhada."
1490,1,pessoa1,Alegre,99.98111724853516,"Um homem em uma camiseta estilhada está rindo rindo, rindo, num sorriso, é rir um homem em uma camiseta estilhada."
1491,1,pessoa1,Alegre,100.0,Um homem com um olhar surpreendente sobre seu rosto.
1492,1,pessoa1,Alegre,86.87773895263672,Um homem com um olhar surpreendente sobre seu rosto.
1493,1,pessoa1,Alegre,98.6578369140625,Uma mulher com um olhar surpreendente sobre seu rosto.
1494,1,pessoa1,Alegre,94.2079849243164,Uma mulher com um olhar surpreendente sobre seu rosto.
1495,1,pessoa1,Alegre,99.76499938964844,Uma mulher com um olhar surpreendente sobre seu rosto.
1496,1,pessoa1,Alegre,97.79801177978516,Uma mulher com um olhar surpreendente sobre seu rosto.
1497,1,pessoa1,Alegre,93.77681732177734,Uma mulher com um olhar surpreendente sobre seu rosto.
1498,1,pessoa1,Alegre,99.2271957397461,Uma mulher com um olhar surpreendente sobre seu rosto.
1499,1,pessoa1,Alegre,99.0872573852539,Uma mulher com um olhar surpreendente sobre seu rosto.
1500,12,pessoa12,Alegre,92.63255310058594,Uma mulher com uma expressão surpreendente foi uma mulher que teve uma expressão surpreendente.
1501,12,pessoa12,Alegre,98.94849395751953,"Um homem com uma camiseta despida e com uma camisa despida, com um homem de um homem de uma camiseta despida."
1502,12,pessoa12,Alegre,85.77587890625,"Um homem com uma camiseta despida e com uma camisa despida, com um homem de um homem de uma camiseta despida."
1503,12,pessoa12,Triste,45.02989196777344,Um homem está rindo enquanto sentado num sofá.
1504,12,pessoa12,Alegre,75.76071166992188,"Um homem sentado num sofá com a boca aberta, sentado num sofá, com a boca aberta."
1505,12,pessoa12,Triste,98.65927124023438,"Um homem em uma camiseta estilhada está rindo rindo, rindo, num sorriso, é rir um homem em uma camiseta estilhada."
1506,12,pessoa12,Alegre,64.59123229980469,"Um homem está sentado em um sofá e rindo, sentado e sentado."
1507,12,pessoa12,Alegre,98.23169708251953,Um homem está rindo enquanto sentado num sofá.
1508,12,pessoa12,Alegre,89.2014389038086,"Um homem sentado num sofá com a boca aberta, sentado num sofá, com a boca aberta."
1509,12,pessoa12,Alegre,99.9594497680664,"Um homem em uma camiseta estilhada está rindo rindo, rindo, num sorriso, é rir um homem em uma camiseta estilhada."
1510,12,pessoa12,Alegre,99.4244384765625,"Um homem em uma camiseta estilhada está rindo rindo, rindo, num sorriso, é rir um homem em uma camiseta estilhada."
1511,12,pessoa12,Alegre,99.9943618774414,"Um homem em uma camiseta estilhada está rindo rindo, rindo, num sorriso, é rir um homem em uma camiseta estilhada."
1512,12,pessoa12,Alegre,99.9984130859375,"Um homem em uma camiseta estilhada está rindo rindo, rindo, num sorriso, é rir um homem em uma camiseta estilhada."
1513,12,pessoa12,Alegre,99.71485900878906,"Um homem em uma camiseta estilhada está rindo rindo, rindo, num sorriso, é rir um homem em uma camiseta estilhada."
1514,12,pessoa12,Alegre,99.99413299560547,"Um homem em uma camiseta estilhada está rindo rindo, rindo, num sorriso, é rir um homem em uma camiseta estilhada."
1515,12,pessoa12,Alegre,99.9781494140625,"Um homem em uma camiseta estilhada está rindo rindo, rindo, num sorriso, é rir um homem em uma camiseta estilhada."
1516,12,pessoa12,Alegre,99.3750991821289,Um homem com um chapéu esboçado e um chapéu esboçado.
1517,12,pessoa12,Alegre,99.87651062011719,Um homem com um olhar surpreendente sobre seu rosto.
1518,12,pessoa12,Raiva,88.41187286376953,"Um homem em uma camiseta estilhada está rindo rindo, rindo, num sorriso, é rir um homem em uma camiseta estilhada."
1519,12,pessoa12,Alegre,92.3393783569336,"Um homem em uma camiseta estilhada está rindo rindo, rindo, num sorriso, é rir um homem em uma camiseta estilhada."
1520,12,pessoa12,Alegre,87.08187103271484,Um homem com um olhar surpreendente sobre seu rosto.
1521,12,pessoa12,Alegre,99.7967758178711,"Um homem em uma camiseta estilhada está rindo rindo, rindo, num sorriso, é rir um homem em uma camiseta estilhada."
1522,12,pessoa12,Alegre,99.82294464111328,"Um homem em uma camiseta estilhada está rindo rindo, rindo, num sorriso, é rir um homem em uma camiseta estilhada."
1523,12,pessoa12,Alegre,82.20939636230469,"Um homem em uma camiseta estilhada está rindo rindo, rindo, num sorriso, é rir um homem em uma camiseta estilhada."
1524,12,pessoa12,Raiva,71.27771759033203,"Um homem em uma camiseta estilhada está rindo rindo, rindo, num sorriso, é rir um homem em uma camiseta estilhada."
1525,12,pessoa12,Alegre,79.83428955078125,"Um homem em uma camiseta estilhada está rindo rindo, rindo, num sorriso, é rir um homem em uma camiseta estilhada."
1526,10,pessoa10,Alegre,69.13899230957031,"Um homem em uma camiseta estilhada está rindo rindo, rindo, num sorriso, é rir um homem em uma camiseta estilhada."
1527,10,pessoa10,Medo,80.35269165039062,Um homem em uma camiseta despida está sentado para baixo em um vestido descalço está sentado para baixo num homem em uma camiseta descalçada está sentado para baixo num homem em uma camiseta descalçada está sentado para baixo num homem em uma camiseta descalçada está sentado para baixo num
1528,10,pessoa10,Medo,71.41060638427734,"Um homem em uma camiseta estilhada está rindo rindo, rindo, num sorriso, é rir um homem em uma camiseta estilhada."
1529,10,pessoa10,Medo,92.57421112060547,"Um homem em uma camiseta estilhada está rindo rindo, rindo, num sorriso, é rir um homem em uma camiseta estilhada."
1530,10,pessoa10,Medo,44.89823913574219,"Um homem em uma camiseta estilhada está rindo rindo, rindo, num sorriso, é rir um homem em uma camiseta estilhada."
1531,10,pessoa10,Alegre,95.67425537109375,"Um homem em uma camiseta estilhada está rindo rindo, rindo, num sorriso, é rir um homem em uma camiseta estilhada."
1532,10,pessoa10,Alegre,90.86840057373047,"Um homem em uma camiseta estilhada está rindo rindo, rindo, num sorriso, é rir um homem em uma camiseta estilhada."
1533,10,pessoa10,Alegre,98.7111587524414,risos é riso em uma mulher de um vestido descalço escalçado rindo.
1534,10,pessoa10,Alegre,72.40597534179688,"Um homem em uma camiseta estilhada está rindo rindo, rindo, num sorriso, é rir um homem em uma camiseta estilhada."
1535,10,pessoa10,Alegre,99.75849914550781,"Um homem em uma camiseta estilhada está rindo rindo, rindo, num sorriso, é rir um homem em uma camiseta estilhada."
1536,10,pessoa10,Alegre,99.50283813476562,"Um homem em uma camiseta estilhada está rindo rindo, rindo, num sorriso, é rir um homem em uma camiseta estilhada."
1537,10,pessoa10,Alegre,50.90227127075195,"Um homem em uma camiseta estilhada está rindo rindo, rindo, num sorriso, é rir um homem em uma camiseta estilhada."
1538,10,pessoa10,Alegre,95.24467468261719,"Um homem em uma camiseta estilhada está rindo rindo, rindo, num sorriso, é rir um homem em uma camiseta estilhada."
1539,10,pessoa10,Alegre,59.615699768066406,"Um homem em uma camiseta estilhada está rindo rindo, rindo, num sorriso, é rir um homem em uma camiseta estilhada."
1540,10,pessoa10,Alegre,99.48785400390625,"Um homem em uma camiseta estilhada está rindo rindo, rindo, num sorriso, é rir um homem em uma camiseta estilhada."
1541,10,pessoa10,Alegre,98.895751953125,"Um homem em uma camiseta estilhada está rindo rindo, rindo, num sorriso, é rir um homem em uma camiseta estilhada."
1542,10,pessoa10,Raiva,58.5696907043457,Um homem em uma camiseta estilhada é sorrir sorrindo.
1543,10,pessoa10,Alegre,90.12584686279297,Um homem em uma camiseta estilhada é sorrir sorrindo.
1544,10,pessoa10,Alegre,99.98514556884766,Um homem em uma camiseta estilhada é sorrir sorrindo.
1545,10,pessoa10,Alegre,99.76112365722656,sorrisos de uma mulher de um vestido descalço é sorrir uma mulher de um sorriso é sorrir uma mulher de um vestido descalço.
1546,10,pessoa10,Alegre,98.93363189697266,sorrisos de uma mulher de um vestido descalço é sorrir uma mulher de um sorriso é sorrir uma mulher de um vestido descalço.
1547,10,pessoa10,Alegre,99.8843994140625,"A mulher em um sorriso de camiseta estilhado, enquanto se deitada na frente de uma janela, sorriu em um sorriso de camiseta estilhado, enquanto se deitava em frente a uma janela."
1548,10,pessoa10,Alegre,97.36373901367188,"A mulher em um sorriso de camiseta estilhado, enquanto se deitada na frente de uma janela, sorriu em um sorriso de camiseta estilhado, enquanto se deitava em frente a uma janela."
1549,10,pessoa10,Alegre,98.9684066772461,Um homem em uma camiseta estilhada é sorrir sorrindo.
1550,10,pessoa10,Alegre,94.78917694091797,Um homem em uma camiseta estilhada é sorrir sorrindo.
1551,10,pessoa10,Alegre,99.22733306884766,sorrisos de uma mulher de um vestido descalço é sorrir uma mulher de um sorriso é sorrir uma mulher de um vestido descalço.
1552,10,pessoa10,Alegre,63.99102020263672,sorrisos de uma mulher de um vestido descalço é sorrir uma mulher de um sorriso é sorrir uma mulher de um vestido descalço.
1553,10,pessoa10,Neutro,52.429866790771484,Um homem em um vestido descalço está em pé diante de uma janela.
1554,10,pessoa10,Alegre,56.48616409301758,Um homem em uma camiseta despida está fazendo uma face divertida em uma camiseta despida.
1555,10,pessoa10,Neutro,42.466529846191406,Um homem em um vestido descalço está em pé diante de uma janela.
1556,10,pessoa10,Neutro,67.67285919189453,"Um homem em uma camiseta despida está fazendo uma faceta numa camiseta descalçada, fazendo uma faceta em um homem em uma camiseta descalçada."
1557,10,pessoa10,Raiva,71.58522033691406,Uma mulher de um vestido descalço está fazendo uma faceta numa camiseta escalçada.
1558,10,pessoa10,Raiva,85.30860900878906,"Um homem em uma camiseta despida está fazendo uma faceta numa camiseta descalçada, fazendo uma faceta em um homem em uma camiseta descalçada."
1559,10,pessoa10,Raiva,40.138893127441406,"Um homem em uma camiseta despida está fazendo uma faceta numa camiseta descalçada, fazendo uma faceta em um homem em uma camiseta descalçada."
1560,10,pessoa10,Neutro,52.14345932006836,"Um homem em uma camiseta despida está fazendo uma faceta numa camiseta descalçada, fazendo uma faceta em um homem em uma camiseta descalçada."
1561,10,pessoa10,Raiva,42.26149368286133,"Um homem em uma camiseta despida está fazendo uma faceta numa camiseta descalçada, fazendo uma faceta em um homem em uma camiseta descalçada."
1562,10,pessoa10,Raiva,72.61319732666016,"Um homem em uma camiseta despida está fazendo uma faceta numa camiseta descalçada, fazendo uma faceta em um homem em uma camiseta descalçada."
1563,10,pessoa10,Raiva,81.18344116210938,"Um homem em uma camiseta despida está fazendo uma faceta numa camiseta descalçada, fazendo uma faceta em um homem em uma camiseta descalçada."
1564,10,pessoa10,Raiva,55.80179977416992,"Um homem em uma camiseta despida está fazendo uma faceta numa camiseta descalçada, fazendo uma faceta em um homem em uma camiseta descalçada."
1565,10,pessoa10,Medo,60.522300720214844,"Um homem em uma camiseta despida está fazendo uma faceta numa camiseta descalçada, fazendo uma faceta em um homem em uma camiseta descalçada."
1566,10,pessoa10,Medo,82.96430206298828,"Um homem em uma camiseta despida está fazendo uma faceta numa camiseta descalçada, fazendo uma faceta em um homem em uma camiseta descalçada."
1567,10,pessoa10,Neutro,53.893310546875,Uma mulher de um vestido descalço está fazendo uma face divertida.
1568,10,pessoa10,Neutro,72.05763244628906,Uma mulher de um vestido descalço está em pé diante de uma janela.
1569,10,pessoa10,Alegre,65.80963897705078,sorrisos de uma mulher de um vestido descalço é sorrir uma mulher de um sorriso é sorrir uma mulher de um vestido descalço.
1570,10,pessoa10,Alegre,94.37518310546875,sorrisos de uma mulher de um vestido descalço é sorrir uma mulher de um sorriso é sorrir uma mulher de um vestido descalço.
1571,10,pessoa10,Alegre,75.11699676513672,sorrisos de uma mulher de um vestido descalço é sorrir uma mulher de um sorriso é sorrir uma mulher de um vestido descalço.
1572,10,pessoa10,Alegre,81.15756225585938,Um homem em uma camiseta estilhada é sorrir sorrindo.
1573,10,pessoa10,Alegre,89.28152465820312,Um homem em uma camiseta estilhada é sorrir sorrindo.
1574,10,pessoa10,Alegre,99.99959564208984,sorrisos de uma mulher de um vestido descalço é sorrir uma mulher de um sorriso é sorrir uma mulher de um vestido descalço.
1575,10,pessoa10,Alegre,90.02525329589844,sorrisos de uma mulher de um vestido descalço é sorrir uma mulher de um sorriso é sorrir uma mulher de um vestido descalço.
1576,10,pessoa10,Alegre,75.8244857788086,sorrisos de uma mulher de um vestido descalço é sorrir uma mulher de um sorriso é sorrir uma mulher de um vestido descalço.
1577,10,pessoa10,Alegre,64.48860931396484,sorrisos de uma mulher de um vestido descalço é sorrir uma mulher de um sorriso é sorrir uma mulher de um vestido descalço.
1578,10,pessoa10,Alegre,99.99849700927734,sorrisos de uma mulher de um vestido descalço é sorrir uma mulher de um sorriso é sorrir uma mulher de um vestido descalço.
1579,10,pessoa10,Alegre,82.4570541381836,sorrisos de uma mulher de um vestido descalço é sorrir uma mulher de um sorriso é sorrir uma mulher de um vestido descalço.
1580,10,pessoa10,Alegre,75.33037567138672,sorrisos de uma mulher de um vestido descalço é sorrir uma mulher de um sorriso é sorrir uma mulher de um vestido descalço.
1581,10,pessoa10,Alegre,54.943572998046875,sorrisos de uma mulher de um vestido descalço é sorrir uma mulher de um sorriso é sorrir uma mulher de um vestido descalço.
1582,10,pessoa10,Alegre,82.05937957763672,sorrisos de uma mulher de um vestido descalço é sorrir uma mulher de um sorriso é sorrir uma mulher de um vestido descalço.
1583,10,pessoa10,Alegre,79.53087615966797,sorrisos de uma mulher de um vestido descalço é sorrir uma mulher de um sorriso é sorrir uma mulher de um vestido descalço.
1584,10,pessoa10,Alegre,93.97248077392578,sorrisos de uma mulher de um vestido descalço é sorrir uma mulher de um sorriso é sorrir uma mulher de um vestido descalço.
1585,10,pessoa10,Alegre,45.97442626953125,sorrisos de uma mulher de um vestido descalço é sorrir uma mulher de um sorriso é sorrir uma mulher de um vestido descalço.
1586,10,pessoa10,Alegre,89.40731048583984,sorrisos de uma mulher de um vestido descalço é sorrir uma mulher de um sorriso é sorrir uma mulher de um vestido descalço.
1587,10,pessoa10,Neutro,39.14863967895508,sorrisos de uma mulher de um vestido descalço é sorrir uma mulher de um sorriso é sorrir uma mulher de um vestido descalço.
1588,10,pessoa10,Alegre,99.99969482421875,Uma mulher de um vestido descalço está em pé diante de uma janela.
1589,10,pessoa10,Alegre,98.10936737060547,Uma mulher de um vestido descalço está em pé diante de uma janela.
1590,10,pessoa10,Alegre,97.49076843261719,sorrisos de uma mulher de um vestido descalço é sorrir uma mulher de um sorriso é sorrir uma mulher de um vestido descalço.
1591,10,pessoa10,Alegre,59.80575180053711,sorrisos de uma mulher de um vestido descalço é sorrir uma mulher de um sorriso é sorrir uma mulher de um vestido descalço.
1592,10,pessoa10,Alegre,51.206756591796875,Uma mulher com cabelos curtos e uma faixa de cor parda de cabelo escorreram.
1593,10,pessoa10,Alegre,81.68992614746094,Um homem em uma camiseta estilhada é sorrir sorrindo.
1594,10,pessoa10,Alegre,54.14607620239258,Um homem em um vestido descalço está em pé diante de uma janela.
1595,10,pessoa10,Alegre,97.42495727539062,Um homem em um vestido descalço está em pé diante de uma janela.
1596,10,pessoa10,Alegre,71.43603515625,Um homem em um vestido descalço está em pé diante de uma janela.
1597,10,pessoa10,Raiva,48.005672454833984,Um homem em um vestido descalço está em pé diante de uma janela.
1598,10,pessoa10,Triste,92.35582733154297,Uma mulher com cabelos curtos e uma faixa de cor parda de cabelo escorreram.
1599,10,pessoa10,Raiva,85.24285888671875,Uma mulher de um vestido descalço está fazendo uma face divertida.
1600,10,pessoa10,Neutro,45.19320297241211,Uma mulher de um vestido descalço está em pé diante de uma janela.
1601,10,pessoa10,Neutro,42.12038803100586,Um homem em um vestido descalço está em pé diante de uma janela.
1602,10,pessoa10,Neutro,82.43341064453125,Uma mulher de um vestido descalço está em pé diante de uma janela.
1603,10,pessoa10,Neutro,55.60710906982422,Uma mulher de um vestido descalço está em pé diante de uma janela.
1604,10,pessoa10,Raiva,54.437931060791016,Um homem em um vestido descalço está em pé diante de uma janela.
1605,10,pessoa10,Neutro,51.32466125488281,Um homem em um vestido descalço está em pé diante de uma janela.
1606,10,pessoa10,Neutro,57.26515197753906,Uma mulher de um vestido descalço está em pé diante de uma janela.
1607,10,pessoa10,Raiva,90.53413391113281,Um homem em uma camiseta despida está fazendo uma face divertida em uma camiseta despida.
1608,10,pessoa10,Raiva,92.37211608886719,Um homem em uma camiseta despida está fazendo uma face divertida em uma camiseta despida.
1609,10,pessoa10,Alegre,69.30469512939453,Um homem em uma camiseta despida está fazendo uma face divertida em uma camiseta despida.
1610,10,pessoa10,Raiva,70.90886688232422,Um homem em uma camiseta despida está fazendo uma face divertida em uma camiseta despida.
1611,10,pessoa10,Raiva,75.61605834960938,Um homem em uma camiseta despida está fazendo uma face divertida em uma camiseta despida.
1612,10,pessoa10,Raiva,95.63422393798828,Um homem em uma camiseta despida está fazendo uma face divertida em uma camiseta despida.
1613,10,pessoa10,Raiva,93.89936065673828,Um homem em uma camiseta despida está fazendo uma face divertida em uma camiseta despida.
1614,10,pessoa10,Raiva,57.41249465942383,Um homem em uma camiseta despida está fazendo uma face divertida em uma camiseta despida.
1615,10,pessoa10,Raiva,80.62403869628906,Um homem em uma camiseta despida está fazendo uma face divertida em uma camiseta despida.
1616,10,pessoa10,Alegre,46.913238525390625,Um homem em uma camiseta despida está fazendo uma face divertida em uma camiseta despida.
1617,10,pessoa10,Alegre,81.39142608642578,Um homem em uma camiseta despida está fazendo uma face divertida em uma camiseta despida.
1618,10,pessoa10,Alegre,72.46493530273438,Um homem em uma camiseta despida está fazendo uma face divertida em uma camiseta despida.
1619,10,pessoa10,Alegre,77.55654907226562,Um homem em uma camiseta despida está fazendo uma face divertida em uma camiseta despida.
1620,12,pessoa12,Neutro,95.53636932373047,"Um homem com barba e uma camiseta branca, com um homem de barba e uma camiseta branca, com um homem de barba e uma camiseta branca, com um homem de barba e uma camiseta branca, com um homem de barba e uma camiseta branca, com um homem de barba e uma camiseta branca, com um homem de"
1621,12,pessoa12,Neutro,97.47223663330078,"Um homem com barba e uma camiseta branca, com um homem de barba e uma camiseta branca, com um homem de barba e uma camiseta branca, com um homem de barba e uma camiseta branca, com um homem de barba e uma camiseta branca, com um homem de barba e uma camiseta branca, com um homem de"
1622,12,pessoa12,Neutro,98.31432342529297,"Um homem com barba e uma camiseta branca, com um homem de barba e uma camiseta branca, com um homem de barba e uma camiseta branca, com um homem de barba e uma camiseta branca, com um homem de barba e uma camiseta branca, com um homem de barba e uma camiseta branca, com um homem de"
1623,12,pessoa12,Neutro,99.91535949707031,"Um homem com barba e uma camiseta branca, com um homem de barba e uma camiseta branca, com um homem de barba e uma camiseta branca, com um homem de barba e uma camiseta branca, com um homem de barba e uma camiseta branca, com um homem de barba e uma camiseta branca, com um homem de"
1624,12,pessoa12,Neutro,93.9652328491211,"Um homem com barba e uma camiseta branca, com um homem de barba e uma camiseta branca, com um homem de barba e uma camiseta branca, com um homem de barba e uma camiseta branca, com um homem de barba e uma camiseta branca, com um homem de barba e uma camiseta branca, com um homem de"
1625,12,pessoa12,Neutro,99.9537353515625,"Um homem com barba e uma camiseta branca, com um homem de barba e uma camiseta branca, com um homem de barba e uma camiseta branca, com um homem de barba e uma camiseta branca, com um homem de barba e uma camiseta branca, com um homem de barba e uma camiseta branca, com um homem de"
1626,12,pessoa12,Neutro,87.38004302978516,"Um homem com barba e uma camiseta branca, com um homem de barba e uma camiseta branca, com um homem de barba e uma camiseta branca, com um homem de barba e uma camiseta branca, com um homem de barba e uma camiseta branca, com um homem de barba e uma camiseta branca, com um homem de"
1627,12,pessoa12,Neutro,98.90789794921875,"Um homem com barba e uma camiseta branca, com um homem de barba e uma camiseta branca, com um homem de barba e uma camiseta branca, com um homem de barba e uma camiseta branca, com um homem de barba e uma camiseta branca, com um homem de barba e uma camiseta branca, com um homem de"
1628,12,pessoa12,Neutro,52.1432991027832,"Um homem com barba e uma camiseta branca, com um homem de barba e uma camiseta branca, com um homem de barba e uma camiseta branca, com um homem de barba e uma camiseta branca, com um homem de barba e uma camiseta branca, com um homem de barba e uma camiseta branca, com um homem de"
1629,12,pessoa12,Neutro,98.5467529296875,"Um homem com barba e uma camiseta branca, com um homem de barba e uma camiseta branca, com um homem de barba e uma camiseta branca, com um homem de barba e uma camiseta branca, com um homem de barba e uma camiseta branca, com um homem de barba e uma camiseta branca, com um homem de"
1630,12,pessoa12,Neutro,93.52437591552734,"Um homem com barba e uma camiseta branca, com um homem de barba e uma camiseta branca, com um homem de barba e uma camiseta branca, com um homem de barba e uma camiseta branca, com um homem de barba e uma camiseta branca, com um homem de barba e uma camiseta branca, com um homem de"
1631,12,pessoa12,Neutro,99.98080444335938,"Um homem com barba e uma camiseta branca, com um homem de barba e uma camiseta branca, com um homem de barba e uma camiseta branca, com um homem de barba e uma camiseta branca, com um homem de barba e uma camiseta branca, com um homem de barba e uma camiseta branca, com um homem de"
1632,12,pessoa12,Neutro,92.51301574707031,"Um homem com barba e uma camiseta branca, com um homem de barba e uma camiseta branca, com um homem de barba e uma camiseta branca, com um homem de barba e uma camiseta branca, com um homem de barba e uma camiseta branca, com um homem de barba e uma camiseta branca, com um homem de"
1633,12,pessoa12,Neutro,94.79586791992188,"Um homem com barba e uma camiseta branca, com um homem de barba e uma camiseta branca, com um homem de barba e uma camiseta branca, com um homem de barba e uma camiseta branca, com um homem de barba e uma camiseta branca, com um homem de barba e uma camiseta branca, com um homem de"
1634,12,pessoa12,Neutro,98.03881072998047,"Um homem com barba e uma camiseta branca, com um homem de barba e uma camiseta branca, com um homem de barba e uma camiseta branca, com um homem de barba e uma camiseta branca, com um homem de barba e uma camiseta branca, com um homem de barba e uma camiseta branca, com um homem de"
1635,12,pessoa12,Neutro,98.40046691894531,"Um homem com barba e uma camiseta branca, com um homem de barba e uma camiseta branca, com um homem de barba e uma camiseta branca, com um homem de barba e uma camiseta branca, com um homem de barba e uma camiseta branca, com um homem de barba e uma camiseta branca, com um homem de"
1636,12,pessoa12,Neutro,91.26201629638672,"Um homem com barba e uma camiseta branca, com um homem de barba e uma camiseta branca, com um homem de barba e uma camiseta branca, com um homem de barba e uma camiseta branca, com um homem de barba e uma camiseta branca, com um homem de barba e uma camiseta branca, com um homem de"
1637,12,pessoa12,Neutro,97.99201965332031,"Um homem com barba e uma camiseta branca, com um homem de barba e uma camiseta branca, com um homem de barba e uma camiseta branca, com um homem de barba e uma camiseta branca, com um homem de barba e uma camiseta branca, com um homem de barba e uma camiseta branca, com um homem de"
1638,12,pessoa12,Neutro,97.30235290527344,"Um homem com barba e uma camiseta branca, com um homem de barba e uma camiseta branca, com um homem de barba e uma camiseta branca, com um homem de barba e uma camiseta branca, com um homem de barba e uma camiseta branca, com um homem de barba e uma camiseta branca, com um homem de"
1639,12,pessoa12,Neutro,89.67488098144531,"Um homem com barba e uma camiseta branca, com um homem de barba e uma camiseta branca, com um homem de barba e uma camiseta branca, com um homem de barba e uma camiseta branca, com um homem de barba e uma camiseta branca, com um homem de barba e uma camiseta branca, com um homem de"
1640,12,pessoa12,Neutro,98.99140930175781,"Um homem com barba e uma camiseta branca, com um homem de barba e uma camiseta branca, com um homem de barba e uma camiseta branca, com um homem de barba e uma camiseta branca, com um homem de barba e uma camiseta branca, com um homem de barba e uma camiseta branca, com um homem de"
1641,12,pessoa12,Neutro,99.38318634033203,"Um homem com barba e uma camiseta branca, com um homem de barba e uma camiseta branca, com um homem de barba e uma camiseta branca, com um homem de barba e uma camiseta branca, com um homem de barba e uma camiseta branca, com um homem de barba e uma camiseta branca, com um homem de"
1642,12,pessoa12,Neutro,99.42293548583984,"Um homem com barba e uma camiseta branca, com um homem de barba e uma camiseta branca, com um homem de barba e uma camiseta branca, com um homem de barba e uma camiseta branca, com um homem de barba e uma camiseta branca, com um homem de barba e uma camiseta branca, com um homem de"
1643,12,pessoa12,Neutro,99.97896575927734,"Um homem com barba e uma camiseta branca, com um homem de barba e uma camiseta branca, com um homem de barba e uma camiseta branca, com um homem de barba e uma camiseta branca, com um homem de barba e uma camiseta branca, com um homem de barba e uma camiseta branca, com um homem de"
1644,12,pessoa12,Neutro,99.97480773925781,"Um homem com barba e uma camiseta branca, com um homem de barba e uma camiseta branca, com um homem de barba e uma camiseta branca, com um homem de barba e uma camiseta branca, com um homem de barba e uma camiseta branca, com um homem de barba e uma camiseta branca, com um homem de"
1645,12,pessoa12,Neutro,99.78778839111328,"Um homem com barba e uma camiseta branca, com um homem de barba e uma camiseta branca, com um homem de barba e uma camiseta branca, com um homem de barba e uma camiseta branca, com um homem de barba e uma camiseta branca, com um homem de barba e uma camiseta branca, com um homem de"
1646,12,pessoa12,Neutro,95.55635833740234,"Um homem com barba e uma camiseta branca, com um homem de barba e uma camiseta branca, com um homem de barba e uma camiseta branca, com um homem de barba e uma camiseta branca, com um homem de barba e uma camiseta branca, com um homem de barba e uma camiseta branca, com um homem de"
1647,12,pessoa12,Neutro,98.21200561523438,"Um homem com barba e uma camiseta branca, com um homem de barba e uma camiseta branca, com um homem de barba e uma camiseta branca, com um homem de barba e uma camiseta branca, com um homem de barba e uma camiseta branca, com um homem de barba e uma camiseta branca, com um homem de"
1648,12,pessoa12,Neutro,98.84357452392578,"Um homem com barba e uma camiseta branca, com um homem de barba e uma camiseta branca, com um homem de barba e uma camiseta branca, com um homem de barba e uma camiseta branca, com um homem de barba e uma camiseta branca, com um homem de barba e uma camiseta branca, com um homem de"
1649,12,pessoa12,Neutro,97.22283172607422,"Um homem com barba e uma camiseta branca, com um homem de barba e uma camiseta branca, com um homem de barba e uma camiseta branca, com um homem de barba e uma camiseta branca, com um homem de barba e uma camiseta branca, com um homem de barba e uma camiseta branca, com um homem de"
1650,12,pessoa12,Neutro,99.12393188476562,"Um homem com barba e uma camiseta branca, com um homem de barba e uma camiseta branca, com um homem de barba e uma camiseta branca, com um homem de barba e uma camiseta branca, com um homem de barba e uma camiseta branca, com um homem de barba e uma camiseta branca, com um homem de"
1651,12,pessoa12,Neutro,97.56080627441406,"Um homem com barba e uma camiseta branca, com um homem de barba e uma camiseta branca, com um homem de barba e uma camiseta branca, com um homem de barba e uma camiseta branca, com um homem de barba e uma camiseta branca, com um homem de barba e uma camiseta branca, com um homem de"
1652,12,pessoa12,Neutro,99.51922607421875,"Um homem com barba e uma camiseta branca, com um homem de barba e uma camiseta branca, com um homem de barba e uma camiseta branca, com um homem de barba e uma camiseta branca, com um homem de barba e uma camiseta branca, com um homem de barba e uma camiseta branca, com um homem de"
1653,12,pessoa12,Neutro,96.80194854736328,"Um homem com barba e uma camiseta branca, com um homem de barba e uma camiseta branca, com um homem de barba e uma camiseta branca, com um homem de barba e uma camiseta branca, com um homem de barba e uma camiseta branca, com um homem de barba e uma camiseta branca, com um homem de"
1654,12,pessoa12,Neutro,95.11589813232422,"Um homem com barba e uma camiseta branca, com um homem de barba e uma camiseta branca, com um homem de barba e uma camiseta branca, com um homem de barba e uma camiseta branca, com um homem de barba e uma camiseta branca, com um homem de barba e uma camiseta branca, com um homem de"
1655,12,pessoa12,Neutro,78.53303527832031,"Um homem com barba e uma camiseta branca, com um homem de barba e uma camiseta branca, com um homem de barba e uma camiseta branca, com um homem de barba e uma camiseta branca, com um homem de barba e uma camiseta branca, com um homem de barba e uma camiseta branca, com um homem de"
1656,12,pessoa12,Neutro,81.22482299804688,"Um homem com barba e uma camiseta branca, com um homem de barba e uma camiseta branca, com um homem de barba e uma camiseta branca, com um homem de barba e uma camiseta branca, com um homem de barba e uma camiseta branca, com um homem de barba e uma camiseta branca, com um homem de"
1657,12,pessoa12,Neutro,44.37748718261719,"Um homem com barba e uma camiseta branca, com um homem de barba e uma camiseta branca, com um homem de barba e uma camiseta branca, com um homem de barba e uma camiseta branca, com um homem de barba e uma camiseta branca, com um homem de barba e uma camiseta branca, com um homem de"
1658,12,pessoa12,Neutro,87.0523681640625,"Um homem com barba e uma camiseta branca, com um homem de barba e uma camiseta branca, com um homem de barba e uma camiseta branca, com um homem de barba e uma camiseta branca, com um homem de barba e uma camiseta branca, com um homem de barba e uma camiseta branca, com um homem de"
1659,12,pessoa12,Neutro,95.54553985595703,"Um homem com barba e uma camiseta branca, com um homem de barba e uma camiseta branca, com um homem de barba e uma camiseta branca, com um homem de barba e uma camiseta branca, com um homem de barba e uma camiseta branca, com um homem de barba e uma camiseta branca, com um homem de"
1660,12,pessoa12,Neutro,97.82901000976562,"Um homem com barba e uma camiseta branca, com um homem de barba e uma camiseta branca, com um homem de barba e uma camiseta branca, com um homem de barba e uma camiseta branca, com um homem de barba e uma camiseta branca, com um homem de barba e uma camiseta branca, com um homem de"
1661,12,pessoa12,Neutro,95.93144989013672,"Um homem com barba e uma camiseta branca, com um homem de barba e uma camiseta branca, com um homem de barba e uma camiseta branca, com um homem de barba e uma camiseta branca, com um homem de barba e uma camiseta branca, com um homem de barba e uma camiseta branca, com um homem de"
1662,12,pessoa12,Neutro,97.1253662109375,"Um homem com barba e uma camiseta branca, com um homem de barba e uma camiseta branca, com um homem de barba e uma camiseta branca, com um homem de barba e uma camiseta branca, com um homem de barba e uma camiseta branca, com um homem de barba e uma camiseta branca, com um homem de"
1663,12,pessoa12,Neutro,99.46173858642578,"Um homem com barba e uma camiseta branca, com um homem de barba e uma camiseta branca, com um homem de barba e uma camiseta branca, com um homem de barba e uma camiseta branca, com um homem de barba e uma camiseta branca, com um homem de barba e uma camiseta branca, com um homem de"
1664,12,pessoa12,Neutro,99.47978973388672,"Um homem com barba e uma camiseta branca, com um homem de barba e uma camiseta branca, com um homem de barba e uma camiseta branca, com um homem de barba e uma camiseta branca, com um homem de barba e uma camiseta branca, com um homem de barba e uma camiseta branca, com um homem de"
1665,12,pessoa12,Neutro,99.56538391113281,"Um homem com barba e uma camiseta branca, com um homem de barba e uma camiseta branca, com um homem de barba e uma camiseta branca, com um homem de barba e uma camiseta branca, com um homem de barba e uma camiseta branca, com um homem de barba e uma camiseta branca, com um homem de"
1666,12,pessoa12,Neutro,99.96418762207031,"Um homem com barba e uma camiseta branca, com um homem de barba e uma camiseta branca, com um homem de barba e uma camiseta branca, com um homem de barba e uma camiseta branca, com um homem de barba e uma camiseta branca, com um homem de barba e uma camiseta branca, com um homem de"
1667,12,pessoa12,Neutro,99.92239379882812,"Um homem com barba e uma camiseta branca, com um homem de barba e uma camiseta branca, com um homem de barba e uma camiseta branca, com um homem de barba e uma camiseta branca, com um homem de barba e uma camiseta branca, com um homem de barba e uma camiseta branca, com um homem de"
1668,12,pessoa12,Neutro,99.68252563476562,"Um homem com barba e uma camiseta branca, com um homem de barba e uma camiseta branca, com um homem de barba e uma camiseta branca, com um homem de barba e uma camiseta branca, com um homem de barba e uma camiseta branca, com um homem de barba e uma camiseta branca, com um homem de"
1669,12,pessoa12,Neutro,99.67742156982422,"Um homem com barba e uma camiseta branca, com um homem de barba e uma camiseta branca, com um homem de barba e uma camiseta branca, com um homem de barba e uma camiseta branca, com um homem de barba e uma camiseta branca, com um homem de barba e uma camiseta branca, com um homem de"
1670,12,pessoa12,Neutro,99.72026062011719,"Um homem com barba e uma camiseta branca, com um homem de barba e uma camiseta branca, com um homem de barba e uma camiseta branca, com um homem de barba e uma camiseta branca, com um homem de barba e uma camiseta branca, com um homem de barba e uma camiseta branca, com um homem de"
1671,12,pessoa12,Neutro,96.30657196044922,"Um homem com barba e uma camiseta branca, com um homem de barba e uma camiseta branca, com um homem de barba e uma camiseta branca, com um homem de barba e uma camiseta branca, com um homem de barba e uma camiseta branca, com um homem de barba e uma camiseta branca, com um homem de"
1672,12,pessoa12,Neutro,98.41310119628906,"Um homem com barba e uma camiseta branca, com um homem de barba e uma camiseta branca, com um homem de barba e uma camiseta branca, com um homem de barba e uma camiseta branca, com um homem de barba e uma camiseta branca, com um homem de barba e uma camiseta branca, com um homem de"
1673,12,pessoa12,Neutro,99.44784545898438,"Um homem com barba e uma camiseta branca, com um homem de barba e uma camiseta branca, com um homem de barba e uma camiseta branca, com um homem de barba e uma camiseta branca, com um homem de barba e uma camiseta branca, com um homem de barba e uma camiseta branca, com um homem de"
1674,12,pessoa12,Neutro,99.44906616210938,"Um homem com barba e uma camiseta branca, com um homem de barba e uma camiseta branca, com um homem de barba e uma camiseta branca, com um homem de barba e uma camiseta branca, com um homem de barba e uma camiseta branca, com um homem de barba e uma camiseta branca, com um homem de"
1675,12,pessoa12,Neutro,99.09760284423828,"Um homem com barba e uma camiseta branca, com um homem de barba e uma camiseta branca, com um homem de barba e uma camiseta branca, com um homem de barba e uma camiseta branca, com um homem de barba e uma camiseta branca, com um homem de barba e uma camiseta branca, com um homem de"
1676,12,pessoa12,Neutro,96.88656616210938,"Um homem com barba e uma camiseta branca, com um homem de barba e uma camiseta branca, com um homem de barba e uma camiseta branca, com um homem de barba e uma camiseta branca, com um homem de barba e uma camiseta branca, com um homem de barba e uma camiseta branca, com um homem de"
1677,12,pessoa12,Neutro,95.42830657958984,"Um homem com barba e uma camiseta branca, com um homem de barba e uma camiseta branca, com um homem de barba e uma camiseta branca, com um homem de barba e uma camiseta branca, com um homem de barba e uma camiseta branca, com um homem de barba e uma camiseta branca, com um homem de"
1678,12,pessoa12,Neutro,98.87962341308594,"Um homem com barba e uma camiseta branca, com um homem de barba e uma camiseta branca, com um homem de barba e uma camiseta branca, com um homem de barba e uma camiseta branca, com um homem de barba e uma camiseta branca, com um homem de barba e uma camiseta branca, com um homem de"
1679,12,pessoa12,Neutro,99.897705078125,"Um homem com barba e uma camiseta branca, com um homem de barba e uma camiseta branca, com um homem de barba e uma camiseta branca, com um homem de barba e uma camiseta branca, com um homem de barba e uma camiseta branca, com um homem de barba e uma camiseta branca, com um homem de"
1680,12,pessoa12,Neutro,96.2006607055664,"Um homem com barba e uma camiseta branca, com um homem de barba e uma camiseta branca, com um homem de barba e uma camiseta branca, com um homem de barba e uma camiseta branca, com um homem de barba e uma camiseta branca, com um homem de barba e uma camiseta branca, com um homem de"
1681,12,pessoa12,Neutro,99.03182220458984,"Um homem com barba e uma camiseta branca, com um homem de barba e uma camiseta branca, com um homem de barba e uma camiseta branca, com um homem de barba e uma camiseta branca, com um homem de barba e uma camiseta branca, com um homem de barba e uma camiseta branca, com um homem de"
1682,12,pessoa12,Neutro,98.60546875,"Um homem com barba e uma camiseta branca, com um homem de barba e uma camiseta branca, com um homem de barba e uma camiseta branca, com um homem de barba e uma camiseta branca, com um homem de barba e uma camiseta branca, com um homem de barba e uma camiseta branca, com um homem de"
1683,12,pessoa12,Neutro,99.35540008544922,"Um homem com barba e uma camiseta branca, com um homem de barba e uma camiseta branca, com um homem de barba e uma camiseta branca, com um homem de barba e uma camiseta branca, com um homem de barba e uma camiseta branca, com um homem de barba e uma camiseta branca, com um homem de"
1684,12,pessoa12,Neutro,96.48699951171875,"Um homem com barba e uma camiseta branca, com um homem de barba e uma camiseta branca, com um homem de barba e uma camiseta branca, com um homem de barba e uma camiseta branca, com um homem de barba e uma camiseta branca, com um homem de barba e uma camiseta branca, com um homem de"
1685,12,pessoa12,Neutro,98.1994857788086,"Um homem com barba e uma camiseta branca, com um homem de barba e uma camiseta branca, com um homem de barba e uma camiseta branca, com um homem de barba e uma camiseta branca, com um homem de barba e uma camiseta branca, com um homem de barba e uma camiseta branca, com um homem de"
1686,12,pessoa12,Neutro,98.06592559814453,"Um homem com barba e uma camiseta branca, com um homem de barba e uma camiseta branca, com um homem de barba e uma camiseta branca, com um homem de barba e uma camiseta branca, com um homem de barba e uma camiseta branca, com um homem de barba e uma camiseta branca, com um homem de"
1687,12,pessoa12,Neutro,99.71192932128906,"Um homem com barba e uma camiseta branca, com um homem de barba e uma camiseta branca, com um homem de barba e uma camiseta branca, com um homem de barba e uma camiseta branca, com um homem de barba e uma camiseta branca, com um homem de barba e uma camiseta branca, com um homem de"
1688,12,pessoa12,Neutro,96.44517517089844,"Um homem com barba e uma camiseta branca, com um homem de barba e uma camiseta branca, com um homem de barba e uma camiseta branca, com um homem de barba e uma camiseta branca, com um homem de barba e uma camiseta branca, com um homem de barba e uma camiseta branca, com um homem de"
1689,12,pessoa12,Neutro,99.89155578613281,"Um homem com barba e uma camiseta branca, com um homem de barba e uma camiseta branca, com um homem de barba e uma camiseta branca, com um homem de barba e uma camiseta branca, com um homem de barba e uma camiseta branca, com um homem de barba e uma camiseta branca, com um homem de"
1690,12,pessoa12,Neutro,81.64704132080078,"Um homem com barba e uma camiseta branca, com um homem de barba e uma camiseta branca, com um homem de barba e uma camiseta branca, com um homem de barba e uma camiseta branca, com um homem de barba e uma camiseta branca, com um homem de barba e uma camiseta branca, com um homem de"
1691,12,pessoa12,Neutro,95.18898010253906,"Um homem com barba e uma camiseta branca, com um homem de barba e uma camiseta branca, com um homem de barba e uma camiseta branca, com um homem de barba e uma camiseta branca, com um homem de barba e uma camiseta branca, com um homem de barba e uma camiseta branca, com um homem de"
1692,12,pessoa12,Neutro,97.02037811279297,"Um homem com barba e uma camiseta branca, com um homem de barba e uma camiseta branca, com um homem de barba e uma camiseta branca, com um homem de barba e uma camiseta branca, com um homem de barba e uma camiseta branca, com um homem de barba e uma camiseta branca, com um homem de"
1693,12,pessoa12,Neutro,98.07451629638672,"Um homem com barba e uma camiseta branca, com um homem de barba e uma camiseta branca, com um homem de barba e uma camiseta branca, com um homem de barba e uma camiseta branca, com um homem de barba e uma camiseta branca, com um homem de barba e uma camiseta branca, com um homem de"
1694,12,pessoa12,Neutro,97.40272521972656,"Um homem com barba e uma camiseta branca, com um homem de barba e uma camiseta branca, com um homem de barba e uma camiseta branca, com um homem de barba e uma camiseta branca, com um homem de barba e uma camiseta branca, com um homem de barba e uma camiseta branca, com um homem de"
1695,12,pessoa12,Neutro,98.65152740478516,"Um homem com barba e uma camiseta branca, com um homem de barba e uma camiseta branca, com um homem de barba e uma camiseta branca, com um homem de barba e uma camiseta branca, com um homem de barba e uma camiseta branca, com um homem de barba e uma camiseta branca, com um homem de"
1696,12,pessoa12,Neutro,99.32870483398438,"Um homem com barba e uma camiseta branca, com um homem de barba e uma camiseta branca, com um homem de barba e uma camiseta branca, com um homem de barba e uma camiseta branca, com um homem de barba e uma camiseta branca, com um homem de barba e uma camiseta branca, com um homem de"
1697,12,pessoa12,Neutro,99.81253814697266,"Um homem com barba e uma camiseta branca, com um homem de barba e uma camiseta branca, com um homem de barba e uma camiseta branca, com um homem de barba e uma camiseta branca, com um homem de barba e uma camiseta branca, com um homem de barba e uma camiseta branca, com um homem de"
1698,12,pessoa12,Neutro,99.68244934082031,"Um homem com barba e uma camiseta branca, com um homem de barba e uma camiseta branca, com um homem de barba e uma camiseta branca, com um homem de barba e uma camiseta branca, com um homem de barba e uma camiseta branca, com um homem de barba e uma camiseta branca, com um homem de"
1699,12,pessoa12,Neutro,99.75659942626953,"Um homem com barba e uma camiseta branca, com um homem de barba e uma camiseta branca, com um homem de barba e uma camiseta branca, com um homem de barba e uma camiseta branca, com um homem de barba e uma camiseta branca, com um homem de barba e uma camiseta branca, com um homem de"
1700,12,pessoa12,Neutro,99.8606948852539,"Um homem com barba e uma camiseta branca, com um homem de barba e uma camiseta branca, com um homem de barba e uma camiseta branca, com um homem de barba e uma camiseta branca, com um homem de barba e uma camiseta branca, com um homem de barba e uma camiseta branca, com um homem de"
1701,12,pessoa12,Neutro,99.52815246582031,"Um homem com barba e uma camiseta branca, com um homem de barba e uma camiseta branca, com um homem de barba e uma camiseta branca, com um homem de barba e uma camiseta branca, com um homem de barba e uma camiseta branca, com um homem de barba e uma camiseta branca, com um homem de"
1702,12,pessoa12,Surpreso,74.08293151855469,"Um homem com barba e uma camiseta branca, com um homem de barba e uma camiseta branca, com um homem de barba e uma camiseta branca, com um homem de barba e uma camiseta branca, com um homem de barba e uma camiseta branca, com um homem de barba e uma camiseta branca, com um homem de"
1703,12,pessoa12,Surpreso,98.61283874511719,"Um homem com barba e uma camiseta branca, com um homem de barba e uma camiseta branca, com um homem de barba e uma camiseta branca, com um homem de barba e uma camiseta branca, com um homem de barba e uma camiseta branca, com um homem de barba e uma camiseta branca, com um homem de"
1704,12,pessoa12,Surpreso,98.64936065673828,"Um homem com barba e uma camiseta branca, com um homem de barba e uma camiseta branca, com um homem de barba e uma camiseta branca, com um homem de barba e uma camiseta branca, com um homem de barba e uma camiseta branca, com um homem de barba e uma camiseta branca, com um homem de"
1705,12,pessoa12,Neutro,46.385398864746094,"Um homem com barba e uma camiseta branca, com um homem de barba e uma camiseta branca, com um homem de barba e uma camiseta branca, com um homem de barba e uma camiseta branca, com um homem de barba e uma camiseta branca, com um homem de barba e uma camiseta branca, com um homem de"
1706,12,pessoa12,Surpreso,95.77839660644531,"Um homem com barba e uma camiseta branca, com um homem de barba e uma camiseta branca, com um homem de barba e uma camiseta branca, com um homem de barba e uma camiseta branca, com um homem de barba e uma camiseta branca, com um homem de barba e uma camiseta branca, com um homem de"
1707,12,pessoa12,Surpreso,91.86000061035156,"Um homem com barba e uma camisa verde de cor parda, com um homem de barba e uma camisa verde, com um homem de barba e uma camisa verde."
1708,12,pessoa12,Surpreso,65.5264663696289,"Um homem com barba e uma camisa verde de cor parda, com um homem de barba e uma camisa verde, com um homem de barba e uma camisa verde."
1709,12,pessoa12,Surpreso,77.73612976074219,"Um homem com barba e uma camisa verde de cor parda, com um homem de barba e uma camisa verde, com um homem de barba e uma camisa verde."
1710,-1,,,,Saindo de uma cabeça com uma luz luvosa saindo de uma cabeça com uma luz luvosa saindo de uma cabeça com uma luz luvosa saindo de uma cabeça com uma luz luvosa saindo de uma cabeça com uma luz luvosa saindo de uma cabeça com uma luz luvosa saindo de
1711,-1,,,,Saindo de uma cabeça com uma luz luvosa saindo de uma cabeça com uma luz luvosa saindo de uma cabeça com uma luz luvosa saindo de uma cabeça com uma luz luvosa saindo de uma cabeça com uma luz luvosa saindo de uma cabeça com uma luz luvosa saindo de
1712,-1,,,,Saindo de uma cabeça com uma luz luvosa saindo de uma cabeça com uma luz luvosa saindo de uma cabeça com uma luz luvosa saindo de uma cabeça com uma luz luvosa saindo de uma cabeça com uma luz luvosa saindo de uma cabeça com uma luz luvosa saindo de
1713,-1,,,,Saindo de uma cabeça com uma luz luvosa saindo de uma cabeça com uma luz luvosa saindo de uma cabeça com uma luz luvosa saindo de uma cabeça com uma luz luvosa saindo de uma cabeça com uma luz luvosa saindo de uma cabeça com uma luz luvosa saindo de
1714,-1,,,,Saindo de uma cabeça com uma luz luvosa saindo de uma cabeça com uma luz luvosa saindo de uma cabeça com uma luz luvosa saindo de uma cabeça com uma luz luvosa saindo de uma cabeça com uma luz luvosa saindo de uma cabeça com uma luz luvosa saindo de
1715,-1,,,,Saindo de uma cabeça com uma luz luvosa saindo de uma cabeça com uma luz luvosa saindo de uma cabeça com uma luz luvosa saindo de uma cabeça com uma luz luvosa saindo de uma cabeça com uma luz luvosa saindo de uma cabeça com uma luz luvosa saindo de
1716,-1,,,,Saindo de uma cabeça com uma luz luvosa saindo de uma cabeça com uma luz luvosa saindo de uma cabeça com uma luz luvosa saindo de uma cabeça com uma luz luvosa saindo de uma cabeça com uma luz luvosa saindo de uma cabeça com uma luz luvosa saindo de
1717,-1,,,,Saindo de uma cabeça com uma luz luvosa saindo de uma cabeça com uma luz luvosa saindo de uma cabeça com uma luz luvosa saindo de uma cabeça com uma luz luvosa saindo de uma cabeça com uma luz luvosa saindo de uma cabeça com uma luz luvosa saindo de
1718,-1,,,,Saindo de uma cabeça com uma luz luvosa saindo de uma cabeça com uma luz luvosa saindo de uma cabeça com uma luz luvosa saindo de uma cabeça com uma luz luvosa saindo de uma cabeça com uma luz luvosa saindo de uma cabeça com uma luz luvosa saindo de
1719,-1,,,,Saindo de uma cabeça com uma luz luvosa saindo de uma cabeça com uma luz luvosa saindo de uma cabeça com uma luz luvosa saindo de uma cabeça com uma luz luvosa saindo de uma cabeça com uma luz luvosa saindo de uma cabeça com uma luz luvosa saindo de
1720,-1,,,,Saindo de uma cabeça com uma luz luvosa saindo de uma cabeça com uma luz luvosa saindo de uma cabeça com uma luz luvosa saindo de uma cabeça com uma luz luvosa saindo de uma cabeça com uma luz luvosa saindo de uma cabeça com uma luz luvosa saindo de
1721,-1,,,,Uma cabeça 3d com uma luz luminosa saindo de fora com uma cabeça 3d com uma luz luvosa saindo de fora com uma cabeça 3d com uma luz luvosa saindo de fora com uma cabeça 3d com uma luz luvosa saindo de fora com uma cabeça 3d com uma luz
1722,-1,,,,Uma cabeça 3d com uma luz luminosa saindo de fora com uma cabeça 3d com uma luz luvosa saindo de fora com uma cabeça 3d com uma luz luvosa saindo de fora com uma cabeça 3d com uma luz luvosa saindo de fora com uma cabeça 3d com uma luz
1723,-1,,,,Uma cabeça 3d com uma luz luminosa saindo de fora com uma cabeça 3d com uma luz luvosa saindo de fora com uma cabeça 3d com uma luz luvosa saindo de fora com uma cabeça 3d com uma luz luvosa saindo de fora com uma cabeça 3d com uma luz
1724,-1,,,,Uma cabeça com um laser na cabeça e uma cabeça com um laser na cabeça.
1725,-1,,,,Saindo uma cabeça com uma luz que saia dela uma cabeça com uma luz que saia dela.
1726,-1,,,,Saindo uma cabeça com uma luz que saia dela uma cabeça com uma luz que saia dela.
1727,-1,,,,Uma cabeça 3d com uma luz luminosa saindo de fora com uma cabeça 3d com uma luz luvosa saindo de fora com uma cabeça 3d com uma luz luvosa saindo de fora com uma cabeça 3d com uma luz luvosa saindo de fora com uma cabeça 3d com uma luz
1728,-1,,,,Uma cabeça 3d com uma luz luminosa saindo de fora com uma cabeça 3d com uma luz luvosa saindo de fora com uma cabeça 3d com uma luz luvosa saindo de fora com uma cabeça 3d com uma luz luvosa saindo de fora com uma cabeça 3d com uma luz
1729,-1,,,,Uma cabeça 3d com uma luz luminosa saindo de fora com uma cabeça 3d com uma luz luvosa saindo de fora com uma cabeça 3d com uma luz luvosa saindo de fora com uma cabeça 3d com uma luz luvosa saindo de fora com uma cabeça 3d com uma luz
1730,-1,,,,Uma cabeça 3d com uma luz luminosa saindo de fora com uma cabeça 3d com uma luz luvosa saindo de fora com uma cabeça 3d com uma luz luvosa saindo de fora com uma cabeça 3d com uma luz luvosa saindo de fora com uma cabeça 3d com uma luz
1731,-1,,,,Saindo uma cabeça com uma luz que saia dela uma cabeça com uma luz que saia dela.
1732,-1,,,,Saindo de uma cabeça com uma luz luvosa saindo de uma cabeça com uma luz luvosa saindo de uma cabeça com uma luz luvosa saindo de uma cabeça com uma luz luvosa saindo de uma cabeça com uma luz luvosa saindo de uma cabeça com uma luz luvosa saindo de
1733,-1,,,,Saindo de uma cabeça com uma luz luvosa saindo de uma cabeça com uma luz luvosa saindo de uma cabeça com uma luz luvosa saindo de uma cabeça com uma luz luvosa saindo de uma cabeça com uma luz luvosa saindo de uma cabeça com uma luz luvosa saindo de
1734,-1,,,,Uma cabeça com um laser na cabeça e uma cabeça com um laser na cabeça.
1735,-1,,,,Cabeça 3d com a luz saindo da luz para fora com uma cabeça 3d com a luz saindo da luz para fora com a cabeça virada para fora com a cabeça virada para fora com a cabeça virada para fora com a cabeça virada para fora com a cabeça virada para fora com a cabeça virada para fora com a cabeça
1736,-1,,,,Uma cabeça com um laser na cabeça e uma cabeça com um laser na cabeça.
1737,-1,,,,Uma cabeça com um laser na cabeça e uma cabeça com um laser na cabeça.
1738,-1,,,,Cabeça 3d com feixe de laser no meio da cabeça com feixe de laser no meio da cabeça.
1739,-1,,,,Uma cabeça 3d com uma luz luminosa saindo de fora com uma cabeça 3d com uma luz luvosa saindo de fora com uma cabeça 3d com uma luz luvosa saindo de fora com uma cabeça 3d com uma luz luvosa saindo de fora com uma cabeça 3d com uma luz
1740,-1,,,,Uma cabeça 3d com uma luz luminosa saindo de fora com uma cabeça 3d com uma luz luvosa saindo de fora com uma cabeça 3d com uma luz luvosa saindo de fora com uma cabeça 3d com uma luz luvosa saindo de fora com uma cabeça 3d com uma luz
1741,-1,,,,Uma cabeça 3d com uma luz luminosa saindo de fora com uma cabeça 3d com uma luz luvosa saindo de fora com uma cabeça 3d com uma luz luvosa saindo de fora com uma cabeça 3d com uma luz luvosa saindo de fora com uma cabeça 3d com uma luz
1742,-1,,,,Cabeça 3d com laser a laser na cabeça.
1743,-1,,,,Cabeça 3d com laser a laser na cabeça.
1744,-1,,,,Cabeça 3d com laser a laser na cabeça.
1745,-1,,,,Uma cabeça 3d com uma luz luminosa saindo de fora com uma cabeça 3d com uma luz luvosa saindo de fora com uma cabeça 3d com uma luz luvosa saindo de fora com uma cabeça 3d com uma luz luvosa saindo de fora com uma cabeça 3d com uma luz
1746,-1,,,,Uma cabeça 3d com uma luz luminosa saindo de fora com uma cabeça 3d com uma luz luvosa saindo de fora com uma cabeça 3d com uma luz luvosa saindo de fora com uma cabeça 3d com uma luz luvosa saindo de fora com uma cabeça 3d com uma luz
1747,-1,,,,Cabeça 3d com uma luz saindo de fora com uma cabeça 3d.
1748,-1,,,,Cabeça 3d com uma luz saindo de fora com uma cabeça 3d.
1749,-1,,,,Cabeça 3d com uma luz saindo de fora com uma cabeça 3d.
1750,-1,,,,Uma cabeça 3d com uma luz luminosa saindo de fora com uma cabeça 3d com uma luz luvosa saindo de fora com uma cabeça 3d com uma luz luvosa saindo de fora com uma cabeça 3d com uma luz luvosa saindo de fora com uma cabeça 3d com uma luz
1751,-1,,,,Uma cabeça 3d com uma luz luminosa saindo de fora com uma cabeça 3d com uma luz luvosa saindo de fora com uma cabeça 3d com uma luz luvosa saindo de fora com uma cabeça 3d com uma luz luvosa saindo de fora com uma cabeça 3d com uma luz
1752,-1,,,,Uma cabeça 3d com uma luz luminosa saindo de fora com uma cabeça 3d com uma luz luvosa saindo de fora com uma cabeça 3d com uma luz luvosa saindo de fora com uma cabeça 3d com uma luz luvosa saindo de fora com uma cabeça 3d com uma luz
1753,-1,,,,Uma cabeça 3d com uma luz luminosa saindo de fora com uma cabeça 3d com uma luz luvosa saindo de fora com uma cabeça 3d com uma luz luvosa saindo de fora com uma cabeça 3d com uma luz luvosa saindo de fora com uma cabeça 3d com uma luz
1754,-1,,,,Uma cabeça 3d com uma luz luminosa saindo de fora com uma cabeça 3d com uma luz luvosa saindo de fora com uma cabeça 3d com uma luz luvosa saindo de fora com uma cabeça 3d com uma luz luvosa saindo de fora com uma cabeça 3d com uma luz
1755,-1,,,,Cabeça 3d com uma luz saindo de fora com uma cabeça 3d.
1756,-1,,,,Cabeça 3d com uma luz saindo de fora com uma cabeça 3d.
1757,-1,,,,Uma cabeça 3d com uma luz luminosa saindo de fora com uma cabeça 3d com uma luz luvosa saindo de fora com uma cabeça 3d com uma luz luvosa saindo de fora com uma cabeça 3d com uma luz luvosa saindo de fora com uma cabeça 3d com uma luz
1758,-1,,,,Uma cabeça 3d com uma luz luminosa saindo de fora com uma cabeça 3d com uma luz luvosa saindo de fora com uma cabeça 3d com uma luz luvosa saindo de fora com uma cabeça 3d com uma luz luvosa saindo de fora com uma cabeça 3d com uma luz
1759,-1,,,,Uma cabeça 3d com uma luz luminosa saindo de fora com uma cabeça 3d com uma luz luvosa saindo de fora com uma cabeça 3d com uma luz luvosa saindo de fora com uma cabeça 3d com uma luz luvosa saindo de fora com uma cabeça 3d com uma luz
1760,-1,,,,Uma cabeça 3d com uma luz luminosa saindo de fora com uma cabeça 3d com uma luz luvosa saindo de fora com uma cabeça 3d com uma luz luvosa saindo de fora com uma cabeça 3d com uma luz luvosa saindo de fora com uma cabeça 3d com uma luz
1761,-1,,,,Uma cabeça 3d com uma luz luminosa saindo de fora com uma cabeça 3d com uma luz luvosa saindo de fora com uma cabeça 3d com uma luz luvosa saindo de fora com uma cabeça 3d com uma luz luvosa saindo de fora com uma cabeça 3d com uma luz
1762,-1,,,,Uma cabeça 3d com uma luz brilhante saindo de fora.
1763,-1,,,,Uma cabeça 3d com uma luz brilhante saindo de fora.
1764,-1,,,,Uma cabeça 3d com uma luz luminosa saindo de fora com uma cabeça 3d com uma luz luvosa saindo de fora com uma cabeça 3d com uma luz luvosa saindo de fora com uma cabeça 3d com uma luz luvosa saindo de fora com uma cabeça 3d com uma luz
1765,-1,,,,Uma cabeça 3d com uma luz brilhante saindo de fora.
1766,13,pessoa13,Triste,95.71917724609375,Uma cabeça 3d com uma luz luminosa saindo de fora com uma cabeça 3d com uma luz luvosa saindo de fora com uma cabeça 3d com uma luz luvosa saindo de fora com uma cabeça 3d com uma luz luvosa saindo de fora com uma cabeça 3d com uma luz
1767,13,pessoa13,Triste,97.0691146850586,Uma cabeça 3d com uma luz luminosa saindo de fora com uma cabeça 3d com uma luz luvosa saindo de fora com uma cabeça 3d com uma luz luvosa saindo de fora com uma cabeça 3d com uma luz luvosa saindo de fora com uma cabeça 3d com uma luz
1768,-1,,,,A saída de uma cabeça de homem com uma luz luminosa é uma cabeça de homem com uma luz luminosa que sai de uma cabeça de homem com uma luz luminosa que sai de uma cabeça de homem com uma luz luminosa que sai de uma cabeça de homem com uma luz luminosa
1769,13,pessoa13,Triste,86.89391326904297,A saída de uma cabeça de homem com uma luz luminosa é uma cabeça de homem com uma luz luminosa que sai de uma cabeça de homem com uma luz luminosa que sai de uma cabeça de homem com uma luz luminosa que sai de uma cabeça de homem com uma luz luminosa
1770,-1,,,,Uma cabeça 3d com uma luz luminosa saindo de fora com uma cabeça 3d com uma luz luvosa saindo de fora com uma cabeça 3d com uma luz luvosa saindo de fora com uma cabeça 3d com uma luz luvosa saindo de fora com uma cabeça 3d com uma luz
1771,-1,,,,Uma cabeça 3d com uma luz luminosa saindo de fora com uma cabeça 3d com uma luz luvosa saindo de fora com uma cabeça 3d com uma luz luvosa saindo de fora com uma cabeça 3d com uma luz luvosa saindo de fora com uma cabeça 3d com uma luz
1772,13,pessoa13,Triste,60.96800994873047,A saída de uma cabeça de homem com uma luz luminosa é uma cabeça de homem com uma luz luminosa que sai de uma cabeça de homem com uma luz luminosa que sai de uma cabeça de homem com uma luz luminosa que sai de uma cabeça de homem com uma luz luminosa
1773,-1,,,,A saída de uma cabeça de homem com uma luz luminosa é uma cabeça de homem com uma luz luminosa que sai de uma cabeça de homem com uma luz luminosa que sai de uma cabeça de homem com uma luz luminosa que sai de uma cabeça de homem com uma luz luminosa
1774,-1,,,,A saída de uma cabeça de homem com uma luz luminosa é uma cabeça de homem com uma luz luminosa que sai de uma cabeça de homem com uma luz luminosa que sai de uma cabeça de homem com uma luz luminosa que sai de uma cabeça de homem com uma luz luminosa
1775,13,pessoa13,Triste,56.71233367919922,A saída de uma cabeça de homem com uma luz luminosa é uma cabeça de homem com uma luz luminosa que sai de uma cabeça de homem com uma luz luminosa que sai de uma cabeça de homem com uma luz luminosa que sai de uma cabeça de homem com uma luz luminosa
1776,-1,,,,Uma cabeça 3d com uma luz luminosa saindo de fora com uma cabeça 3d com uma luz luvosa saindo de fora com uma cabeça 3d com uma luz luvosa saindo de fora com uma cabeça 3d com uma luz luvosa saindo de fora com uma cabeça 3d com uma luz
1777,-1,,,,Uma cabeça 3d com uma luz luminosa saindo de fora com uma cabeça 3d com uma luz luvosa saindo de fora com uma cabeça 3d com uma luz luvosa saindo de fora com uma cabeça 3d com uma luz luvosa saindo de fora com uma cabeça 3d com uma luz
1778,-1,,,,Uma cabeça 3d com uma luz luminosa saindo de fora com uma cabeça 3d com uma luz luvosa saindo de fora com uma cabeça 3d com uma luz luvosa saindo de fora com uma cabeça 3d com uma luz luvosa saindo de fora com uma cabeça 3d com uma luz
1779,13,pessoa13,Triste,96.62060546875,Uma cabeça 3d com uma luz luminosa saindo de fora com uma cabeça 3d com uma luz luvosa saindo de fora com uma cabeça 3d com uma luz luvosa saindo de fora com uma cabeça 3d com uma luz luvosa saindo de fora com uma cabeça 3d com uma luz
1780,-1,,,,Uma cabeça 3d com uma luz brilhante saindo de fora.
1781,-1,,,,Uma cabeça 3d com uma luz luminosa saindo de fora com uma cabeça 3d com uma luz luvosa saindo de fora com uma cabeça 3d com uma luz luvosa saindo de fora com uma cabeça 3d com uma luz luvosa saindo de fora com uma cabeça 3d com uma luz
1782,-1,,,,Uma cabeça 3d com uma luz luminosa saindo de fora com uma cabeça 3d com uma luz luvosa saindo de fora com uma cabeça 3d com uma luz luvosa saindo de fora com uma cabeça 3d com uma luz luvosa saindo de fora com uma cabeça 3d com uma luz
1783,-1,,,,Uma cabeça 3d com uma luz luminosa saindo de fora com uma cabeça 3d com uma luz luvosa saindo de fora com uma cabeça 3d com uma luz luvosa saindo de fora com uma cabeça 3d com uma luz luvosa saindo de fora com uma cabeça 3d com uma luz
1784,13,pessoa13,Triste,91.35789489746094,Uma cabeça 3d com uma luz luminosa saindo de fora com uma cabeça 3d com uma luz luvosa saindo de fora com uma cabeça 3d com uma luz luvosa saindo de fora com uma cabeça 3d com uma luz luvosa saindo de fora com uma cabeça 3d com uma luz
1785,-1,,,,Uma cabeça 3d com uma luz luminosa saindo de fora com uma cabeça 3d com uma luz luvosa saindo de fora com uma cabeça 3d com uma luz luvosa saindo de fora com uma cabeça 3d com uma luz luvosa saindo de fora com uma cabeça 3d com uma luz
1786,-1,,,,Uma cabeça 3d com uma luz luminosa saindo de fora com uma cabeça 3d com uma luz luvosa saindo de fora com uma cabeça 3d com uma luz luvosa saindo de fora com uma cabeça 3d com uma luz luvosa saindo de fora com uma cabeça 3d com uma luz
1787,-1,,,,Uma cabeça 3d com uma luz luminosa saindo de fora com uma cabeça 3d com uma luz luvosa saindo de fora com uma cabeça 3d com uma luz luvosa saindo de fora com uma cabeça 3d com uma luz luvosa saindo de fora com uma cabeça 3d com uma luz
1788,-1,,,,Cabeça 3d com uma luz saindo de fora com uma cabeça 3d.
1789,-1,,,,Cabeça 3d com uma luz saindo de fora com uma cabeça 3d.
1790,-1,,,,Uma cabeça 3d com uma luz luminosa saindo de fora com uma cabeça 3d com uma luz luvosa saindo de fora com uma cabeça 3d com uma luz luvosa saindo de fora com uma cabeça 3d com uma luz luvosa saindo de fora com uma cabeça 3d com uma luz
1791,-1,,,,Cabeça 3d com uma luz saindo de fora com uma cabeça 3d.
1792,-1,,,,Uma cabeça 3d com uma luz luminosa saindo de fora com uma cabeça 3d com uma luz luvosa saindo de fora com uma cabeça 3d com uma luz luvosa saindo de fora com uma cabeça 3d com uma luz luvosa saindo de fora com uma cabeça 3d com uma luz
1793,-1,,,,Uma cabeça 3d com uma luz luminosa saindo de fora com uma cabeça 3d com uma luz luvosa saindo de fora com uma cabeça 3d com uma luz luvosa saindo de fora com uma cabeça 3d com uma luz luvosa saindo de fora com uma cabeça 3d com uma luz
1794,-1,,,,Cabeça 3d com uma luz saindo de fora com uma cabeça 3d.
1795,-1,,,,Cabeça 3d com uma luz saindo de fora com uma cabeça 3d.
1796,-1,,,,Cabeça 3d com uma luz saindo de fora com uma cabeça 3d.
1797,-1,,,,Cabeça 3d com uma luz saindo de fora com uma cabeça 3d.
1798,-1,,,,Uma cabeça 3d com uma luz luminosa saindo de fora com uma cabeça 3d com uma luz luvosa saindo de fora com uma cabeça 3d com uma luz luvosa saindo de fora com uma cabeça 3d com uma luz luvosa saindo de fora com uma cabeça 3d com uma luz
1799,-1,,,,Uma cabeça 3d com uma luz luminosa saindo de fora com uma cabeça 3d com uma luz luvosa saindo de fora com uma cabeça 3d com uma luz luvosa saindo de fora com uma cabeça 3d com uma luz luvosa saindo de fora com uma cabeça 3d com uma luz
1800,-1,,,,A cabeça com um laser no meio é colocada em cabeça com um laser no meio.
1801,-1,,,,A cabeça com um laser no meio é colocada em cabeça com um laser no meio.
1802,-1,,,,Cabeça 3d com laser a laser na cabeça.
1803,-1,,,,Uma cabeça com um laser na cabeça e uma cabeça com um laser na cabeça.
1804,-1,,,,Uma cabeça com um laser na cabeça e uma cabeça com um laser na cabeça.
1805,-1,,,,A cabeça com um laser laser na cabeça é colocada em uma cabeça com um laser laser na cabeça.
1806,-1,,,,Saindo uma cabeça com uma luz que saia dela uma cabeça com uma luz que saia dela.
1807,-1,,,,Uma cabeça com um laser na cabeça e uma cabeça com um laser na cabeça.
1808,-1,,,,Saindo uma cabeça com uma luz que saia dela uma cabeça com uma luz que saia dela.
1809,-1,,,,A cabeça com um laser laser na cabeça é colocada em uma cabeça com um laser laser na cabeça.
1810,-1,,,,Saindo uma cabeça com uma luz que saia dela uma cabeça com uma luz que saia dela.
1811,-1,,,,Uma cabeça 3d com uma luz luminosa saindo de fora com uma cabeça 3d com uma luz luvosa saindo de fora com uma cabeça 3d com uma luz luvosa saindo de fora com uma cabeça 3d com uma luz luvosa saindo de fora com uma cabeça 3d com uma luz
1812,-1,,,,Uma cabeça 3d com uma luz luminosa saindo de fora com uma cabeça 3d com uma luz luvosa saindo de fora com uma cabeça 3d com uma luz luvosa saindo de fora com uma cabeça 3d com uma luz luvosa saindo de fora com uma cabeça 3d com uma luz
1813,-1,,,,Uma cabeça 3d com uma luz luminosa saindo de fora com uma cabeça 3d com uma luz luvosa saindo de fora com uma cabeça 3d com uma luz luvosa saindo de fora com uma cabeça 3d com uma luz luvosa saindo de fora com uma cabeça 3d com uma luz
1814,-1,,,,Uma cabeça 3d com uma luz luminosa saindo de fora com uma cabeça 3d com uma luz luvosa saindo de fora com uma cabeça 3d com uma luz luvosa saindo de fora com uma cabeça 3d com uma luz luvosa saindo de fora com uma cabeça 3d com uma luz
1815,-1,,,,Uma cabeça 3d com uma luz luminosa saindo de fora com uma cabeça 3d com uma luz luvosa saindo de fora com uma cabeça 3d com uma luz luvosa saindo de fora com uma cabeça 3d com uma luz luvosa saindo de fora com uma cabeça 3d com uma luz
1816,-1,,,,Uma cabeça 3d com uma luz luminosa saindo de fora com uma cabeça 3d com uma luz luvosa saindo de fora com uma cabeça 3d com uma luz luvosa saindo de fora com uma cabeça 3d com uma luz luvosa saindo de fora com uma cabeça 3d com uma luz
1817,-1,,,,Saindo uma cabeça com uma luz que saia dela uma cabeça com uma luz que saia dela.
1818,-1,,,,Saindo de uma cabeça com uma luz luvosa saindo de uma cabeça com uma luz luvosa saindo de uma cabeça com uma luz luvosa saindo de uma cabeça com uma luz luvosa saindo de uma cabeça com uma luz luvosa saindo de uma cabeça com uma luz luvosa saindo de
1819,-1,,,,Saindo de uma cabeça com uma luz luvosa saindo de uma cabeça com uma luz luvosa saindo de uma cabeça com uma luz luvosa saindo de uma cabeça com uma luz luvosa saindo de uma cabeça com uma luz luvosa saindo de uma cabeça com uma luz luvosa saindo de
1820,-1,,,,Uma cabeça com um laser na cabeça e uma cabeça com um laser na cabeça.
1821,-1,,,,Saindo de uma cabeça com uma luz luvosa saindo de uma cabeça com uma luz luvosa saindo de uma cabeça com uma luz luvosa saindo de uma cabeça com uma luz luvosa saindo de uma cabeça com uma luz luvosa saindo de uma cabeça com uma luz luvosa saindo de
1822,-1,,,,Saindo de uma cabeça com uma luz luvosa saindo de uma cabeça com uma luz luvosa saindo de uma cabeça com uma luz luvosa saindo de uma cabeça com uma luz luvosa saindo de uma cabeça com uma luz luvosa saindo de uma cabeça com uma luz luvosa saindo de
1823,-1,,,,Saindo de uma cabeça com uma luz luvosa saindo de uma cabeça com uma luz luvosa saindo de uma cabeça com uma luz luvosa saindo de uma cabeça com uma luz luvosa saindo de uma cabeça com uma luz luvosa saindo de uma cabeça com uma luz luvosa saindo de
1824,-1,,,,Saindo de uma cabeça com uma luz luvosa saindo de uma cabeça com uma luz luvosa saindo de uma cabeça com uma luz luvosa saindo de uma cabeça com uma luz luvosa saindo de uma cabeça com uma luz luvosa saindo de uma cabeça com uma luz luvosa saindo de
1825,-1,,,,Saindo de uma cabeça com uma luz luvosa saindo de uma cabeça com uma luz luvosa saindo de uma cabeça com uma luz luvosa saindo de uma cabeça com uma luz luvosa saindo de uma cabeça com uma luz luvosa saindo de uma cabeça com uma luz luvosa saindo de
1826,-1,,,,Saindo de uma cabeça com uma luz luvosa saindo de uma cabeça com uma luz luvosa saindo de uma cabeça com uma luz luvosa saindo de uma cabeça com uma luz luvosa saindo de uma cabeça com uma luz luvosa saindo de uma cabeça com uma luz luvosa saindo de
1827,-1,,,,Saindo de uma cabeça com uma luz luvosa saindo de uma cabeça com uma luz luvosa saindo de uma cabeça com uma luz luvosa saindo de uma cabeça com uma luz luvosa saindo de uma cabeça com uma luz luvosa saindo de uma cabeça com uma luz luvosa saindo de
1828,-1,,,,Saindo de uma cabeça com uma luz luvosa saindo de uma cabeça com uma luz luvosa saindo de uma cabeça com uma luz luvosa saindo de uma cabeça com uma luz luvosa saindo de uma cabeça com uma luz luvosa saindo de uma cabeça com uma luz luvosa saindo de
1829,-1,,,,Uma cabeça 3d com uma luz luminosa saindo de fora com uma cabeça 3d com uma luz luvosa saindo de fora com uma cabeça 3d com uma luz luvosa saindo de fora com uma cabeça 3d com uma luz luvosa saindo de fora com uma cabeça 3d com uma luz
1830,-1,,,,"Uma mulher sentada em uma cadeira, numa cadeira, em uma cadeira."
1831,-1,,,,"Uma mulher sentada em uma cadeira, numa cadeira, em uma cadeira."
1832,-1,,,,"Uma mulher sentada em uma cadeira, numa cadeira, em uma cadeira."
1833,-1,,,,"Uma mulher sentada em uma cadeira, numa cadeira, em uma cadeira."
1834,-1,,,,"Uma mulher sentada em uma cadeira, numa cadeira, em uma cadeira."
1835,-1,,,,Uma mulher sentada em uma cadeira em uma cadeira em uma sala na sala.
1836,-1,,,,Uma mulher está sentada em uma cadeira numa sala numa sala numa sala numa sala numa sala numa sala numa sala numa sala numa sala numa sala numa sala numa sala numa sala numa sala numa sala numa sala numa sala numa sala numa sala numa sala numa sala numa sala numa sala numa sala numa sala numa sala numa sala numa
1837,-1,,,,"A mulher está fazendo o cabelo em uma salão, fazendo a sua barba numa salão."
1838,-1,,,,Uma mulher de um vestido branco está sentada numa cadeira de uma cadeira de uma mulher de camiseta branca está sentada numa cadeira de uma cadeira de uma mulher de um vestido branco está sentado numa cadeira de uma cadeira de uma mulher de um vestido branco está sentado numa cadeira de uma cadeira de uma mulher de um vestido branco
1839,-1,,,,Uma mulher de um vestido branco está sentada numa cadeira de uma cadeira de uma mulher de camiseta branca está sentada numa cadeira de uma cadeira de uma mulher de um vestido branco está sentado numa cadeira de uma cadeira de uma mulher de um vestido branco está sentado numa cadeira de uma cadeira de uma mulher de um vestido branco
1840,-1,,,,"A mulher está fazendo o cabelo em uma salão, fazendo a sua barba numa salão."
1841,-1,,,,"A mulher está fazendo o cabelo em uma salão, fazendo a sua barba numa salão."
1842,-1,,,,"A mulher está fazendo o cabelo em uma salão, fazendo a sua barba numa salão."
1843,-1,,,,"A mulher está fazendo o cabelo em uma salão, fazendo a sua barba numa salão."
1844,-1,,,,Uma mulher está sentada em uma cadeira numa sala numa sala numa sala numa sala numa sala numa sala numa sala numa sala numa sala numa sala numa sala numa sala numa sala numa sala numa sala numa sala numa sala numa sala numa sala numa sala numa sala numa sala numa sala numa sala numa sala numa sala numa sala numa
1845,-1,,,,Uma mulher está sentada em uma cadeira numa sala numa sala numa sala numa sala numa sala numa sala numa sala numa sala numa sala numa sala numa sala numa sala numa sala numa sala numa sala numa sala numa sala numa sala numa sala numa sala numa sala numa sala numa sala numa sala numa sala numa sala numa sala numa
1846,-1,,,,"A mulher está fazendo o cabelo em uma salão, fazendo a sua barba numa salão."
1847,-1,,,,"A mulher está fazendo o cabelo em uma salão, fazendo a sua barba numa salão."
1848,-1,,,,"A mulher está fazendo o cabelo em uma salão, fazendo a sua barba numa salão."
1849,-1,,,,"A mulher está fazendo o cabelo em uma salão, fazendo a sua barba numa salão."
1850,-1,,,,"Um homem de um vestido branco está fazendo com que o cabelo dele se desfixou, de forma que um homem de um chapéu branco está tirando o cabelo dele."
1851,-1,,,,"Um homem de um vestido branco está fazendo com que o cabelo dele se desfixou, de forma que um homem de um chapéu branco está tirando o cabelo dele."
1852,-1,,,,"Um homem de um vestido branco está fazendo com que o cabelo dele se desfixou, de forma que um homem de um chapéu branco está tirando o cabelo dele."
1853,-1,,,,"Um homem de um vestido branco está fazendo com que o cabelo dele se desfixou, de forma que um homem de um chapéu branco está tirando o cabelo dele."
1854,-1,,,,"Um homem de um vestido branco está fazendo com que o cabelo dele se desfixou, de forma que um homem de um chapéu branco está tirando o cabelo dele."
1855,-1,,,,"Um homem de um vestido branco está fazendo com que o cabelo dele se desfixou, de forma que um homem de um chapéu branco está tirando o cabelo dele."
1856,-1,,,,"Um homem de um vestido branco está fazendo com que o cabelo dele se desfixou, de forma que um homem de um chapéu branco está tirando o cabelo dele."
1857,-1,,,,"Um homem de um vestido branco está fazendo com que o cabelo dele se desfixou, de forma que um homem de um chapéu branco está tirando o cabelo dele."
1858,-1,,,,"Um homem de um vestido branco está fazendo com que o cabelo dele se desfixou, de forma que um homem de um chapéu branco está tirando o cabelo dele."
1859,-1,,,,"Um homem de um vestido branco está fazendo com que o cabelo dele se desfixou, de forma que um homem de um chapéu branco está tirando o cabelo dele."
1860,-1,,,,"Um homem de um vestido branco está fazendo com que o cabelo dele se desfixou, de forma que um homem de um chapéu branco está tirando o cabelo dele."
1861,-1,,,,"Um homem de um vestido branco está fazendo com que o cabelo dele se desfixou, de forma que um homem de um chapéu branco está tirando o cabelo dele."
1862,-1,,,,"Um homem de um vestido branco está fazendo com que o cabelo dele se desfixou, de forma que um homem de um chapéu branco está tirando o cabelo dele."
1863,-1,,,,"Um homem de um vestido branco está fazendo com que o cabelo dele se desfixou, de forma que um homem de um chapéu branco está tirando o cabelo dele."
1864,-1,,,,Um homem em uma cadeira de dentista com uma mulher.
1865,-1,,,,"Um homem de um vestido branco está fazendo com que o cabelo dele se desfixou, de forma que um homem de um chapéu branco está tirando o cabelo dele."
1866,-1,,,,"Um homem de um vestido branco está fazendo com que o cabelo dele se desfixou, de forma que um homem de um chapéu branco está tirando o cabelo dele."
1867,-1,,,,"Um homem de um vestido branco está fazendo com que o cabelo dele se desfixou, de forma que um homem de um chapéu branco está tirando o cabelo dele."
1868,-1,,,,"Um homem de um vestido branco está fazendo com que o cabelo dele se desfixou, de forma que um homem de um chapéu branco está tirando o cabelo dele."
1869,-1,,,,"Um homem de um vestido branco está fazendo com que o cabelo dele se desfixou, de forma que um homem de um chapéu branco está tirando o cabelo dele."
1870,-1,,,,"Um homem de um vestido branco está fazendo com que o cabelo dele se desfixou, de forma que um homem de um chapéu branco está tirando o cabelo dele."
1871,-1,,,,"Um homem de um vestido branco está fazendo com que o cabelo dele se desfixou, de forma que um homem de um chapéu branco está tirando o cabelo dele."
1872,-1,,,,"Um homem de um vestido branco está fazendo com que o cabelo dele se desfixou, de forma que um homem de um chapéu branco está tirando o cabelo dele."
1873,-1,,,,"Um homem de um vestido branco está fazendo com que o cabelo dele se desfixou, de forma que um homem de um chapéu branco está tirando o cabelo dele."
1874,-1,,,,"Um homem de um vestido branco está fazendo com que o cabelo dele se desfixou, de forma que um homem de um chapéu branco está tirando o cabelo dele."
1875,-1,,,,"Um homem de um vestido branco está fazendo com que o cabelo dele se desfixou, de forma que um homem de um chapéu branco está tirando o cabelo dele."
1876,-1,,,,"Um homem de um vestido branco está fazendo com que o cabelo dele se desfixou, de forma que um homem de um chapéu branco está tirando o cabelo dele."
1877,-1,,,,"Um homem de um vestido branco está fazendo com que o cabelo dele se desfixou, de forma que um homem de um chapéu branco está tirando o cabelo dele."
1878,-1,,,,"Um homem de um vestido branco está fazendo com que o cabelo dele se desfixou, de forma que um homem de um chapéu branco está tirando o cabelo dele."
1879,-1,,,,"Um homem de um vestido branco está fazendo com que o cabelo dele se desfixou, de forma que um homem de um chapéu branco está tirando o cabelo dele."
1880,-1,,,,"Um homem de um vestido branco está fazendo com que o cabelo dele se desfixou, de forma que um homem de um chapéu branco está tirando o cabelo dele."
1881,-1,,,,"Um homem de um vestido branco está fazendo com que o cabelo dele se desfixou, de forma que um homem de um chapéu branco está tirando o cabelo dele."
1882,-1,,,,"Um homem de um vestido branco está fazendo com que o cabelo dele se desfixou, de forma que um homem de um chapéu branco está tirando o cabelo dele."
1883,-1,,,,"Um homem de um vestido branco está fazendo com que o cabelo dele se desfixou, de forma que um homem de um chapéu branco está tirando o cabelo dele."
1884,-1,,,,"Um homem de um vestido branco está fazendo com que o cabelo dele se desfixou, de forma que um homem de um chapéu branco está tirando o cabelo dele."
1885,-1,,,,"Um homem de um vestido branco está fazendo com que o cabelo dele se desfixou, de forma que um homem de um chapéu branco está tirando o cabelo dele."
1886,-1,,,,"Um homem de um vestido branco está fazendo com que o cabelo dele se desfixou, de forma que um homem de um chapéu branco está tirando o cabelo dele."
1887,-1,,,,"Um homem de um vestido branco está fazendo com que o cabelo dele se desfixou, de forma que um homem de um chapéu branco está tirando o cabelo dele."
1888,-1,,,,Um homem de um vestido branco está conseguindo escovar os dentes de seus dentes.
1889,-1,,,,Um homem de um vestido branco está conseguindo escovar os dentes de seus dentes.
1890,-1,,,,Um homem de um vestido branco está conseguindo escovar os dentes de seus dentes.
1891,-1,,,,Um homem de um vestido branco está conseguindo escovar os dentes de seus dentes.
1892,-1,,,,"Um homem de um vestido branco está fazendo com que o cabelo dele se desfixou, de forma que um homem de um chapéu branco está tirando o cabelo dele."
1893,-1,,,,"Um homem de um vestido branco está fazendo com que o cabelo dele se desfixou, de forma que um homem de um chapéu branco está tirando o cabelo dele."
1894,-1,,,,Um homem de um vestido branco está conseguindo escovar os dentes de seus dentes.
1895,-1,,,,Um homem de um vestido branco está conseguindo escovar os dentes de seus dentes.
1896,-1,,,,"Um homem de um vestido branco está fazendo com que o cabelo dele se desfixou, de forma que um homem de um chapéu branco está tirando o cabelo dele."
1897,-1,,,,"Um homem de um vestido branco está fazendo com que o cabelo dele se desfixou, de forma que um homem de um chapéu branco está tirando o cabelo dele."
1898,-1,,,,"Um homem de um vestido branco está fazendo com que o cabelo dele se desfixou, de forma que um homem de um chapéu branco está tirando o cabelo dele."
1899,-1,,,,Um homem de um vestido branco está conseguindo escovar os dentes de seus dentes.
1900,-1,,,,Um homem de um vestido branco está conseguindo escovar os dentes de seus dentes.
1901,-1,,,,Um homem de um vestido branco está conseguindo escovar os dentes de seus dentes.
1902,-1,,,,Um homem de um vestido branco está conseguindo escovar os dentes de seus dentes.
1903,-1,,,,"Um homem de um vestido branco está fazendo com que o cabelo dele se desfixou, de forma que um homem de um chapéu branco está tirando o cabelo dele."
1904,-1,,,,"Um homem de um vestido branco está fazendo com que o cabelo dele se desfixou, de forma que um homem de um chapéu branco está tirando o cabelo dele."
1905,-1,,,,"Um homem de um vestido branco está fazendo com que o cabelo dele se desfixou, de forma que um homem de um chapéu branco está tirando o cabelo dele."
1906,-1,,,,"Um homem de um vestido branco está fazendo com que o cabelo dele se desfixou, de forma que um homem de um chapéu branco está tirando o cabelo dele."
1907,-1,,,,"Um homem de um vestido branco está fazendo com que o cabelo dele se desfixou, de forma que um homem de um chapéu branco está tirando o cabelo dele."
1908,-1,,,,Um homem de um vestido branco está sentado em uma cadeira de uma cadeira de um homem de camiseta branca está sentado em uma cadeira de uma cadeira de um homem de camiseta branca.
1909,-1,,,,Um homem de um vestido branco está sentado em uma cadeira de uma cadeira de um homem de camiseta branca está sentado em uma cadeira de uma cadeira de um homem de camiseta branca.
1910,-1,,,,Um homem de um vestido branco está sentado em uma cadeira de uma cadeira de um homem de camiseta branca está sentado em uma cadeira de uma cadeira de um homem de camiseta branca.
1911,-1,,,,Um homem em uma cadeira de dentista com uma mulher.
1912,-1,,,,Um homem de um vestido branco está sentado em uma cadeira de uma cadeira de um homem de camiseta branca está sentado em uma cadeira de uma cadeira de um homem de camiseta branca.
1913,-1,,,,Um homem em uma cadeira de dentista com uma mulher.
1914,-1,,,,Um homem em uma cadeira de dentista com uma mulher.
1915,-1,,,,Um homem de um vestido branco está sentado em uma cadeira de uma cadeira de um homem de camiseta branca está sentado em uma cadeira de uma cadeira de um homem de camiseta branca.
1916,-1,,,,Um homem de um vestido branco está sentado em uma cadeira de uma cadeira de um homem de camiseta branca está sentado em uma cadeira de uma cadeira de um homem de camiseta branca.
1917,-1,,,,Um homem de um vestido branco está sentado em uma cadeira de uma cadeira de um homem de camiseta branca está sentado em uma cadeira de uma cadeira de um homem de camiseta branca.
1918,-1,,,,Um homem de um vestido branco está sentado em uma cadeira de uma cadeira de um homem de camiseta branca está sentado em uma cadeira de uma cadeira de um homem de camiseta branca.
1919,-1,,,,Uma mulher está sentada em uma cadeira com um dentista sentado em uma cadeira com um dentista sentado em uma cadeira com um dentista sentado em uma cadeira com um dentista sentado em uma cadeira com um dentista sentado em uma cadeira com um dentista sentado em uma cadeira com um dentista sentado em uma
1920,-1,,,,Uma mulher está sentada em uma cadeira com um dentista sentado em uma cadeira com um dentista sentado em uma cadeira com um dentista sentado em uma cadeira com um dentista sentado em uma cadeira com um dentista sentado em uma cadeira com um dentista sentado em uma cadeira com um dentista sentado em uma
1921,-1,,,,Uma mulher está sentada em uma cadeira com um dentista sentado em uma cadeira com um dentista sentado em uma cadeira com um dentista sentado em uma cadeira com um dentista sentado em uma cadeira com um dentista sentado em uma cadeira com um dentista sentado em uma cadeira com um dentista sentado em uma
1922,-1,,,,Uma mulher está sentada em uma cadeira com um dentista sentado em uma cadeira com um dentista sentado em uma cadeira com um dentista sentado em uma cadeira com um dentista sentado em uma cadeira com um dentista sentado em uma cadeira com um dentista sentado em uma cadeira com um dentista sentado em uma
1923,-1,,,,Uma mulher está sentada em uma cadeira com um dentista sentado em uma cadeira com um dentista sentado em uma cadeira com um dentista sentado em uma cadeira com um dentista sentado em uma cadeira com um dentista sentado em uma cadeira com um dentista sentado em uma cadeira com um dentista sentado em uma
1924,-1,,,,Uma mulher está sentada em uma cadeira com um dentista sentado em uma cadeira com um dentista sentado em uma cadeira com um dentista sentado em uma cadeira com um dentista sentado em uma cadeira com um dentista sentado em uma cadeira com um dentista sentado em uma cadeira com um dentista sentado em uma
1925,-1,,,,"A mulher está fazendo o cabelo em uma salão, fazendo a sua barba numa salão."
1926,-1,,,,"A mulher está fazendo o cabelo em uma salão, fazendo a sua barba numa salão."
1927,-1,,,,"A mulher está fazendo o cabelo em uma salão, fazendo a sua barba numa salão."
1928,-1,,,,"A mulher está fazendo o cabelo em uma salão, fazendo a sua barba numa salão."
1929,-1,,,,"A mulher está fazendo o cabelo em uma salão, fazendo a sua barba numa salão."
1930,-1,,,,"A mulher está fazendo o cabelo em uma salão, fazendo a sua barba numa salão."
1931,-1,,,,"A mulher está fazendo o cabelo em uma salão, fazendo a sua barba numa salão."
1932,-1,,,,"A mulher está fazendo o cabelo em uma salão, fazendo a sua barba numa salão."
1933,-1,,,,"A mulher está fazendo o cabelo em uma salão, fazendo a sua barba numa salão."
1934,-1,,,,"A mulher está fazendo o cabelo em uma salão, fazendo a sua barba numa salão."
1935,-1,,,,"A mulher está fazendo o cabelo cortado em uma loja, fazendo com que a mulher tenha o cabelo cortado em uma loja."
1936,-1,,,,Fazer o cabelo de uma mulher de um vestido branco é fazer com que ela tenha feito o cabelo de uma mulher de um vestido branco é fazer com que ela tenha feito o cabelo de uma mulher de um vestido branco.
1937,-1,,,,"A mulher está fazendo o cabelo em uma salão, fazendo a sua barba numa salão."
1938,-1,,,,Fazer o cabelo de uma mulher de um vestido branco é fazer com que ela tenha feito o cabelo de uma mulher de um vestido branco é fazer com que ela tenha feito o cabelo de uma mulher de um vestido branco.
1939,-1,,,,"A mulher está fazendo o cabelo cortado em uma loja, fazendo com que a mulher tenha o cabelo cortado em uma loja."
1940,-1,,,,"A mulher está fazendo o cabelo cortado em uma loja, fazendo com que a mulher tenha o cabelo cortado em uma loja."
1941,-1,,,,"A mulher está fazendo o cabelo cortado em uma loja, fazendo com que a mulher tenha o cabelo cortado em uma loja."
1942,-1,,,,"A mulher está fazendo o cabelo cortado em uma loja, fazendo com que a mulher tenha o cabelo cortado em uma loja."
1943,-1,,,,"A mulher está fazendo o cabelo cortado em uma loja, fazendo com que a mulher tenha o cabelo cortado em uma loja."
1944,-1,,,,"A mulher está fazendo o cabelo cortado em uma loja, fazendo com que a mulher tenha o cabelo cortado em uma loja."
1945,-1,,,,"A mulher está fazendo o cabelo cortado em uma loja, fazendo com que a mulher tenha o cabelo cortado em uma loja."
1946,-1,,,,"A mulher está fazendo o cabelo em uma salão, fazendo a sua barba numa salão."
1947,-1,,,,"A mulher está fazendo o cabelo em uma salão, fazendo a sua barba numa salão."
1948,-1,,,,"A mulher está fazendo o cabelo cortado em uma loja, fazendo com que a mulher tenha o cabelo cortado em uma loja."
1949,-1,,,,"A mulher está fazendo o cabelo em uma salão, fazendo a sua barba numa salão."
1950,-1,,,,"A mulher está fazendo o cabelo em uma salão, fazendo a sua barba numa salão."
1951,-1,,,,"A mulher está fazendo o cabelo em uma salão, fazendo a sua barba numa salão."
1952,-1,,,,"A mulher está fazendo o cabelo cortado em uma loja, fazendo com que a mulher tenha o cabelo cortado em uma loja."
1953,-1,,,,"A mulher está fazendo o cabelo cortado em uma loja, fazendo com que a mulher tenha o cabelo cortado em uma loja."
1954,-1,,,,"A mulher está fazendo o cabelo cortado em uma loja, fazendo com que a mulher tenha o cabelo cortado em uma loja."
1955,-1,,,,"A mulher está fazendo o cabelo cortado em uma loja, fazendo com que a mulher tenha o cabelo cortado em uma loja."
1956,-1,,,,"A mulher está fazendo o cabelo cortado em uma loja, fazendo com que a mulher tenha o cabelo cortado em uma loja."
1957,-1,,,,"A mulher está fazendo o cabelo cortado em uma loja, fazendo com que a mulher tenha o cabelo cortado em uma loja."
1958,-1,,,,"Um homem de um vestido branco está fazendo com que o cabelo dele se desfixou, de forma que um homem de um chapéu branco está tirando o cabelo dele."
1959,-1,,,,"Um homem de um vestido branco está fazendo com que o cabelo dele se desfixou, de forma que um homem de um chapéu branco está tirando o cabelo dele."
1960,-1,,,,"Um homem de um vestido branco está fazendo com que o cabelo dele se desfixou, de forma que um homem de um chapéu branco está tirando o cabelo dele."
1961,-1,,,,Homem e mulher em uma sala de hospitalização.
1962,-1,,,,"Um homem de um vestido branco está fazendo com que o cabelo dele se desfixou, de forma que um homem de um chapéu branco está tirando o cabelo dele."
1963,-1,,,,"Um homem de um vestido branco está fazendo com que o cabelo dele se desfixou, de forma que um homem de um chapéu branco está tirando o cabelo dele."
1964,-1,,,,"Uma mulher de avental branco está sentada numa cadeira em uma cadeira de um jaleco branco, sentado numa cadeira."
1965,-1,,,,Um homem de um vestido branco está sentado em uma cadeira de uma cadeira de um homem de camiseta branca está sentado em uma cadeira de uma cadeira de um homem de camiseta branca.
1966,-1,,,,"A mulher está fazendo o cabelo em uma salão, fazendo a sua barba numa salão."
1967,-1,,,,"Um homem de um vestido branco está fazendo com que o cabelo dele se desfixou, de forma que um homem de um chapéu branco está tirando o cabelo dele."
1968,-1,,,,"Um homem de um vestido branco está fazendo com que o cabelo dele se desfixou, de forma que um homem de um chapéu branco está tirando o cabelo dele."
1969,-1,,,,Homem e mulher em uma sala de hospitalização.
1970,-1,,,,Um homem de um vestido branco está sentado em uma cadeira de uma cadeira de um homem de camiseta branca está sentado em uma cadeira de uma cadeira de um homem de camiseta branca.
1971,-1,,,,Homem e mulher em uma sala de hospitalização.
1972,-1,,,,Homem e mulher em uma sala de hospitalização.
1973,-1,,,,Homem e mulher em uma sala de hospitalização.
1974,-1,,,,Homem e mulher em uma sala de hospitalização.
1975,-1,,,,"Um homem de um vestido branco está fazendo com que o cabelo dele se desfixou, de forma que um homem de um chapéu branco está tirando o cabelo dele."
1976,-1,,,,Homem e mulher em uma sala de hospitalização.
1977,-1,,,,Homem e mulher em uma sala de hospitalização.
1978,-1,,,,"Um homem de um vestido branco está fazendo com que o cabelo dele se desfixou, de forma que um homem de um chapéu branco está tirando o cabelo dele."
1979,-1,,,,Homem e mulher em uma sala de hospitalização.
1980,-1,,,,Homem e mulher em uma sala de hospitalização.
1981,-1,,,,Homem e mulher em uma sala de hospitalização.
1982,-1,,,,"Um homem de um vestido branco está fazendo com que o cabelo dele se desfixou, de forma que um homem de um chapéu branco está tirando o cabelo dele."
1983,-1,,,,Homem e mulher em uma sala de hospitalização.
1984,-1,,,,Homem e mulher em uma sala de hospitalização.
1985,-1,,,,Um homem e uma mulher em uma sala com luzes.
1986,-1,,,,"A mulher está fazendo o cabelo em uma salão, fazendo a sua barba numa salão."
1987,-1,,,,"A mulher está fazendo o cabelo em uma salão, fazendo a sua barba numa salão."
1988,-1,,,,"A mulher está fazendo o cabelo em uma salão, fazendo a sua barba numa salão."
1989,-1,,,,A mulher está sentada em uma cadeira em frente a um dentista.
1990,-1,,,,Uma mulher está sentada em uma cadeira em frente a um espelho.
1991,-1,,,,"A mulher está fazendo o cabelo em uma salão, fazendo a sua barba numa salão."
1992,-1,,,,Fazer o cabelo de uma mulher de um vestido branco é fazer com que ela tenha feito o cabelo de uma mulher de um vestido branco é fazer com que ela tenha feito o cabelo de uma mulher de um vestido branco.
1993,-1,,,,Uma mulher de um vestido branco está sentada numa cadeira de uma cadeira de uma mulher de camiseta branca está sentada numa cadeira de uma cadeira de uma mulher de um vestido branco está sentado numa cadeira de uma cadeira de uma mulher de um vestido branco está sentado numa cadeira de uma cadeira de uma mulher de um vestido branco
1994,-1,,,,Fazer o cabelo de uma mulher de um vestido branco é fazer com que ela tenha feito o cabelo de uma mulher de um vestido branco é fazer com que ela tenha feito o cabelo de uma mulher de um vestido branco.
1995,-1,,,,"A mulher está fazendo o cabelo em uma salão, fazendo a sua barba numa salão."
1996,-1,,,,Fazer o cabelo de uma mulher de um vestido branco é fazer com que ela tenha feito o cabelo de uma mulher de um vestido branco é fazer com que ela tenha feito o cabelo de uma mulher de um vestido branco.
1997,-1,,,,Fazer o cabelo de uma mulher de um vestido branco é fazer com que ela tenha feito o cabelo de uma mulher de um vestido branco é fazer com que ela tenha feito o cabelo de uma mulher de um vestido branco.
1998,-1,,,,Fazer o cabelo de uma mulher de um vestido branco é fazer com que ela tenha feito o cabelo de uma mulher de um vestido branco é fazer com que ela tenha feito o cabelo de uma mulher de um vestido branco.
1999,-1,,,,Fazer o cabelo de uma mulher de um vestido branco é fazer com que ela tenha feito o cabelo de uma mulher de um vestido branco é fazer com que ela tenha feito o cabelo de uma mulher de um vestido branco.
2000,-1,,,,Fazer o cabelo de uma mulher de um vestido branco é fazer com que ela tenha feito o cabelo de uma mulher de um vestido branco é fazer com que ela tenha feito o cabelo de uma mulher de um vestido branco.
2001,-1,,,,Uma mulher está conseguindo seus dentes escolados por um dentista que está fazendo com que os dentes fiquem escovados por um dentista.
2002,-1,,,,Uma mulher está conseguindo seus dentes escolados por um dentista que está fazendo com que os dentes fiquem escovados por um dentista.
2003,-1,,,,A mulher em um vestido branco está fazendo com que seus dentes sejam examinados examinados.
2004,-1,,,,A mulher em um vestido branco está fazendo com que seus dentes sejam examinados examinados.
2005,-1,,,,"A mulher está fazendo o cabelo em uma salão, fazendo a sua barba numa salão."
2006,-1,,,,Fazer o cabelo de uma mulher de um vestido branco é fazer com que ela tenha feito o cabelo de uma mulher de um vestido branco é fazer com que ela tenha feito o cabelo de uma mulher de um vestido branco.
2007,-1,,,,"A mulher está fazendo o cabelo em uma salão, fazendo a sua barba numa salão."
2008,-1,,,,"A mulher está fazendo o cabelo em uma salão, fazendo a sua barba numa salão."
2009,-1,,,,"A mulher está fazendo o cabelo em uma salão, fazendo a sua barba numa salão."
2010,-1,,,,Um homem em uma camisa branca de um homem em uma camisa branca de um homem.
2011,-1,,,,Um homem de um vestido branco está sentado em uma cadeira de uma cadeira de um homem de camiseta branca está sentado em uma cadeira de uma cadeira de um homem de camiseta branca.
2012,-1,,,,Um homem de um vestido branco está sentado em uma cadeira de uma cadeira de um homem de camiseta branca está sentado em uma cadeira de uma cadeira de um homem de camiseta branca.
2013,-1,,,,Um homem de um vestido branco está sentado em uma cadeira de uma cadeira de um homem de camiseta branca está sentado em uma cadeira de uma cadeira de um homem de camiseta branca.
2014,-1,,,,Um homem de um vestido branco está sentado em uma cadeira de uma cadeira de um homem de camiseta branca está sentado em uma cadeira de uma cadeira de um homem de camiseta branca.
2015,-1,,,,Um homem de um vestido branco está sentado em uma cadeira de uma cadeira de um homem de camiseta branca está sentado em uma cadeira de uma cadeira de um homem de camiseta branca.
2016,-1,,,,Um homem de um vestido branco está sentado em uma cadeira de uma cadeira de um homem de camiseta branca está sentado em uma cadeira de uma cadeira de um homem de camiseta branca.
2017,-1,,,,Um homem de um vestido branco está sentado em uma cadeira de uma cadeira de um homem de camiseta branca está sentado em uma cadeira de uma cadeira de um homem de camiseta branca.
2018,-1,,,,Um homem de um vestido branco está sentado em uma cadeira de uma cadeira de um homem de camiseta branca está sentado em uma cadeira de uma cadeira de um homem de camiseta branca.
2019,-1,,,,Um homem de um vestido branco está sentado em uma cadeira de uma cadeira de um homem de camiseta branca está sentado em uma cadeira de uma cadeira de um homem de camiseta branca.
2020,-1,,,,Um homem de um vestido branco está sentado em uma cadeira de uma cadeira de um homem de camiseta branca está sentado em uma cadeira de uma cadeira de um homem de camiseta branca.
2021,-1,,,,Um homem de um vestido branco está sentado em uma cadeira de uma cadeira de um homem de camiseta branca está sentado em uma cadeira de uma cadeira de um homem de camiseta branca.
2022,-1,,,,Um homem em um papagaio branco está sentado em uma cadeira em uma cadeira de um homem em um papagaio branco está sentado em uma cadeira de um homem em um papagaio branco está sentado em uma cadeira de um homem em um papagaio branco está sentado numa cadeira de um homem em um papagaio branco está sentado numa cadeira de um homem
2023,-1,,,,Um homem em um chapéu branco sentado numa cadeira de uma cadeira de um homem em um chapéu branco sentado numa cadeira de uma cadeira de um homem em um chapéu branco sentado numa cadeira de uma cadeira de um homem em um chapéu branco sentado numa cadeira de uma cadeira de um homem em um chapéu branco sentado numa cadeira de uma
2024,-1,,,,Um homem em um chapéu branco sentado numa cadeira de uma cadeira de um homem em um chapéu branco sentado numa cadeira de uma cadeira de um homem em um chapéu branco sentado numa cadeira de uma cadeira de um homem em um chapéu branco sentado numa cadeira de uma cadeira de um homem em um chapéu branco sentado numa cadeira de uma
2025,-1,,,,Um homem em um chapéu branco sentado numa cadeira de uma cadeira de um homem em um chapéu branco sentado numa cadeira de uma cadeira de um homem em um chapéu branco sentado numa cadeira de uma cadeira de um homem em um chapéu branco sentado numa cadeira de uma cadeira de um homem em um chapéu branco sentado numa cadeira de uma
2026,-1,,,,Um homem em um chapéu branco sentado numa cadeira de uma cadeira de um homem em um chapéu branco sentado numa cadeira de uma cadeira de um homem em um chapéu branco sentado numa cadeira de uma cadeira de um homem em um chapéu branco sentado numa cadeira de uma cadeira de um homem em um chapéu branco sentado numa cadeira de uma
2027,-1,,,,Um homem em um chapéu branco sentado numa cadeira de uma cadeira de um homem em um chapéu branco sentado numa cadeira de uma cadeira de um homem em um chapéu branco sentado numa cadeira de uma cadeira de um homem em um chapéu branco sentado numa cadeira de uma cadeira de um homem em um chapéu branco sentado numa cadeira de uma
2028,-1,,,,Um homem em um chapéu branco sentado numa cadeira de uma cadeira de um homem em um chapéu branco sentado numa cadeira de uma cadeira de um homem em um chapéu branco sentado numa cadeira de uma cadeira de um homem em um chapéu branco sentado numa cadeira de uma cadeira de um homem em um chapéu branco sentado numa cadeira de uma
2029,-1,,,,Um homem em um chapéu branco sentado numa cadeira de uma cadeira de um homem em um chapéu branco sentado numa cadeira de uma cadeira de um homem em um chapéu branco sentado numa cadeira de uma cadeira de um homem em um chapéu branco sentado numa cadeira de uma cadeira de um homem em um chapéu branco sentado numa cadeira de uma
2030,-1,,,,"Um homem em um papagaio branco sentado numa cadeira de uma cadeira de um homem em um papagaio branco sentado numa cadeira de um homem em uma missão branca, sentado numa cadeira de um homem em uma missão branca, sentado numa cadeira de um homem em uma missão branca, sentado numa cadeira de um homem em uma missão branca,"
2031,-1,,,,"Um homem em um papagaio branco sentado numa cadeira de uma cadeira de um homem em um papagaio branco sentado numa cadeira de um homem em uma missão branca, sentado numa cadeira de um homem em uma missão branca, sentado numa cadeira de um homem em uma missão branca, sentado numa cadeira de um homem em uma missão branca,"
2032,-1,,,,"Um homem em um papagaio branco sentado numa cadeira de uma cadeira de um homem em um papagaio branco sentado numa cadeira de um homem em uma missão branca, sentado numa cadeira de um homem em uma missão branca, sentado numa cadeira de um homem em uma missão branca, sentado numa cadeira de um homem em uma missão branca,"
2033,-1,,,,"Um homem em um papagaio branco sentado numa cadeira de uma cadeira de um homem em um papagaio branco sentado numa cadeira de um homem em uma missão branca, sentado numa cadeira de um homem em uma missão branca, sentado numa cadeira de um homem em uma missão branca, sentado numa cadeira de um homem em uma missão branca,"
2034,-1,,,,"Um homem em um papagaio branco sentado numa cadeira de uma cadeira de um homem em um papagaio branco sentado numa cadeira de um homem em uma missão branca, sentado numa cadeira de um homem em uma missão branca, sentado numa cadeira de um homem em uma missão branca, sentado numa cadeira de um homem em uma missão branca,"
2035,-1,,,,Um homem em um papagaio branco sentado numa cadeira de uma cadeira de um homem em um papagaio branco sentado numa cadeira de um homem em um papagaio branco sentado numa cadeira de um homem em um papagaio branco sentado numa cadeira de um homem em um papagaio branco sentado numa cadeira de um homem em um papagaio branco sentado numa cadeira de
2036,-1,,,,Um homem em um papagaio branco sentado numa cadeira de uma cadeira de um homem em um papagaio branco sentado numa cadeira de um homem em um papagaio branco sentado numa cadeira de um homem em um papagaio branco sentado numa cadeira de um homem em um papagaio branco sentado numa cadeira de um homem em um papagaio branco sentado numa cadeira de
2037,-1,,,,Um homem em um papagaio branco sentado numa cadeira de uma cadeira de um homem em um papagaio branco sentado numa cadeira de um homem em um papagaio branco sentado numa cadeira de um homem em um papagaio branco sentado numa cadeira de um homem em um papagaio branco sentado numa cadeira de um homem em um papagaio branco sentado numa cadeira de
2038,-1,,,,"Um homem em um papagaio branco sentado numa cadeira de uma cadeira de um homem em um papagaio branco sentado numa cadeira de um homem em uma missão branca, sentado numa cadeira de um homem em uma missão branca, sentado numa cadeira de um homem em uma missão branca, sentado numa cadeira de um homem em uma missão branca,"
2039,-1,,,,Um homem em um papagaio branco sentado numa cadeira de uma cadeira de um homem em um papagaio branco sentado numa cadeira de um homem em um papagaio branco sentado numa cadeira de um homem em um papagaio branco sentado numa cadeira de um homem em um papagaio branco sentado numa cadeira de um homem em um papagaio branco sentado numa cadeira de
2040,-1,,,,Um homem em um papagaio branco sentado numa cadeira de uma cadeira de um homem em um papagaio branco sentado numa cadeira de um homem em um papagaio branco sentado numa cadeira de um homem em um papagaio branco sentado numa cadeira de um homem em um papagaio branco sentado numa cadeira de um homem em um papagaio branco sentado numa cadeira de
2041,-1,,,,Um homem em um papagaio branco sentado numa cadeira de uma cadeira de um homem em um papagaio branco sentado numa cadeira de um homem em um papagaio branco sentado numa cadeira de um homem em um papagaio branco sentado numa cadeira de um homem em um papagaio branco sentado numa cadeira de um homem em um papagaio branco sentado numa cadeira de
2042,-1,,,,Um homem em um papagaio branco sentado numa cadeira de uma cadeira de um homem em um papagaio branco sentado numa cadeira de um homem em um papagaio branco sentado numa cadeira de um homem em um papagaio branco sentado numa cadeira de um homem em um papagaio branco sentado numa cadeira de um homem em um papagaio branco sentado numa cadeira de
2043,-1,,,,Um homem em um papagaio branco sentado numa cadeira de uma cadeira de um homem em um papagaio branco sentado numa cadeira de um homem em um papagaio branco sentado numa cadeira de um homem em um papagaio branco sentado numa cadeira de um homem em um papagaio branco sentado numa cadeira de um homem em um papagaio branco sentado numa cadeira de
2044,-1,,,,"Um homem em um papagaio branco sentado numa cadeira de uma cadeira de um homem em um papagaio branco sentado numa cadeira de um homem em uma missão branca, sentado numa cadeira de um homem em uma missão branca, sentado numa cadeira de um homem em uma missão branca, sentado numa cadeira de um homem em uma missão branca,"
2045,-1,,,,Um homem em uma sala de hospital com uma mulher em um avental branco em uma sala de hospital com uma mulher em um quarto de hospital com uma mulher em um quarto de hospital com uma mulher em um quarto de hospital com uma mulher em um quarto de hospital com uma mulher em um quarto de hospital com uma mulher
2046,-1,,,,Homem em uma sala de hospital com mulher.
2047,-1,,,,Homem em uma sala de hospital com mulher.
2048,-1,,,,Um homem em uma sala de hospital com uma mulher em um avental branco em uma sala de hospital com uma mulher em um quarto de hospital com uma mulher em um quarto de hospital com uma mulher em um quarto de hospital com uma mulher em um quarto de hospital com uma mulher em um quarto de hospital com uma mulher
2049,-1,,,,Homem em uma sala de hospital com mulher.
2050,-1,,,,Um homem em uma sala de hospital com um paciente em uma sala de hospital com um paciente em uma sala de hospital.
2051,-1,,,,Um homem em uma sala de hospital com um paciente em uma sala de hospital com um paciente em uma sala de hospital.
2052,-1,,,,Um homem em uma sala de hospital com um paciente em uma sala de hospital com um paciente em uma sala de hospital.
2053,-1,,,,Um homem em uma sala de hospital com um paciente em uma sala de hospital com um paciente em uma sala de hospital.
2054,-1,,,,Um homem em uma sala de hospital com um paciente em uma sala de hospital com um paciente em uma sala de hospital.
2055,-1,,,,Um homem em uma sala de hospital com um paciente em uma sala de hospital com um paciente em uma sala de hospital.
2056,-1,,,,Um homem em uma sala de hospital com um paciente em uma sala de hospital com um paciente em uma sala de hospital.
2057,-1,,,,Um homem em uma sala de hospital com um paciente em uma sala de hospital com um paciente em uma sala de hospital.
2058,-1,,,,Um homem em uma sala de hospital com um paciente em uma sala de hospital com um paciente em uma sala de hospital.
2059,-1,,,,Um homem em uma sala de hospital com um paciente em uma sala de hospital com um paciente em uma sala de hospital.
2060,-1,,,,Um homem em uma sala de hospital com um paciente em uma sala de hospital com um paciente em uma sala de hospital.
2061,-1,,,,Um homem em uma sala de hospital com um paciente em uma sala de hospital com um paciente em uma sala de hospital.
2062,-1,,,,Um homem em uma sala de hospital com um paciente em uma sala de hospital com um paciente em uma sala de hospital.
2063,-1,,,,Um homem em um jaleco branco está sentado numa cadeira em uma cadeira num jaleco branco está sentado numa cadeira.
2064,-1,,,,Um homem em um jaleco branco está sentado numa cadeira em uma cadeira num jaleco branco está sentado numa cadeira.
2065,-1,,,,Um homem em um jaleco branco está sentado numa cadeira em uma cadeira num jaleco branco está sentado numa cadeira.
2066,-1,,,,Um homem em um jaleco branco está sentado numa cadeira em uma cadeira num jaleco branco está sentado numa cadeira.
2067,-1,,,,Um homem em um jaleco branco sentado numa cadeira de um assento de laboratório branco sentado numa cadeira de uma cadeira de um homem num jaleco branco sentado numa cadeira de um assento de laboratório branco sentado numa cadeira de uma cadeira de um homem num jaleco branco de laboratório sentado numa cadeira de uma cadeira de
2068,-1,,,,Um homem em um jaleco branco sentado numa cadeira de um assento de laboratório branco sentado numa cadeira de uma cadeira de um homem num jaleco branco sentado numa cadeira de um assento de laboratório branco sentado numa cadeira de uma cadeira de um homem num jaleco branco de laboratório sentado numa cadeira de uma cadeira de
2069,-1,,,,Um homem em um jaleco branco sentado numa cadeira de um assento de laboratório branco sentado numa cadeira de uma cadeira de um homem num jaleco branco sentado numa cadeira de um assento de laboratório branco sentado numa cadeira de uma cadeira de um homem num jaleco branco de laboratório sentado numa cadeira de uma cadeira de
2070,-1,,,,Um homem em um jaleco branco sentado numa cadeira de um assento de laboratório branco sentado numa cadeira de uma cadeira de um homem em um jaleco branco sentado numa cadeira de um cadeira de um homem num jaleco branco de laboratório sentado numa cadeira de uma cadeira de um homem num jaleco branco de
2071,-1,,,,Um homem em um jaleco branco sentado numa cadeira de um assento de laboratório branco sentado numa cadeira de uma cadeira de um homem em um jaleco branco sentado numa cadeira de um cadeira de um homem num jaleco branco de laboratório sentado numa cadeira de uma cadeira de um homem num jaleco branco de
2072,-1,,,,Um homem em um jaleco branco sentado numa cadeira de um assento de laboratório branco sentado numa cadeira de uma cadeira de um homem em um jaleco branco sentado numa cadeira de um cadeira de um homem num jaleco branco de laboratório sentado numa cadeira de uma cadeira de um homem num jaleco branco de
2073,-1,,,,Um homem em um jaleco branco está sentado numa cadeira em uma cadeira num jaleco branco está sentado numa cadeira.
2074,-1,,,,Um homem em um jaleco branco está sentado numa cadeira em uma cadeira num jaleco branco está sentado numa cadeira.
2075,-1,,,,Um homem em um papagaio branco está sentado em uma cadeira em uma cadeira de um homem em um papagaio branco está sentado em uma cadeira de um homem em um papagaio branco está sentado em uma cadeira de um homem em um papagaio branco está sentado numa cadeira de um homem em um papagaio branco está sentado numa cadeira de um homem
2076,-1,,,,Um homem em um papagaio branco está sentado em uma cadeira em uma cadeira de um homem em um papagaio branco está sentado em uma cadeira de um homem em um papagaio branco está sentado em uma cadeira de um homem em um papagaio branco está sentado numa cadeira de um homem em um papagaio branco está sentado numa cadeira de um homem
2077,-1,,,,Um homem em um papagaio branco está sentado em uma cadeira em uma cadeira de um homem em um papagaio branco está sentado em uma cadeira de um homem em um papagaio branco está sentado em uma cadeira de um homem em um papagaio branco está sentado numa cadeira de um homem em um papagaio branco está sentado numa cadeira de um homem
2078,-1,,,,Um homem em um jaleco branco está sentado numa cadeira em uma cadeira num jaleco branco está sentado numa cadeira.
2079,-1,,,,Um homem em um papagaio branco está sentado em uma cadeira em uma cadeira de um homem em um papagaio branco está sentado em uma cadeira de um homem em um papagaio branco está sentado em uma cadeira de um homem em um papagaio branco está sentado numa cadeira de um homem em um papagaio branco está sentado numa cadeira de um homem
2080,-1,,,,Um homem em um papagaio branco está sentado em uma cadeira em uma cadeira de um homem em um papagaio branco está sentado em uma cadeira de um homem em um papagaio branco está sentado em uma cadeira de um homem em um papagaio branco está sentado numa cadeira de um homem em um papagaio branco está sentado numa cadeira de um homem
2081,-1,,,,Um homem em um papagaio branco está sentado em uma cadeira em uma cadeira de um homem em um papagaio branco está sentado em uma cadeira de um homem em um papagaio branco está sentado em uma cadeira de um homem em um papagaio branco está sentado numa cadeira de um homem em um papagaio branco está sentado numa cadeira de um homem
2082,-1,,,,Um homem em um papagaio branco está sentado em uma cadeira em uma cadeira de um homem em um papagaio branco está sentado em uma cadeira de um homem em um papagaio branco está sentado em uma cadeira de um homem em um papagaio branco está sentado numa cadeira de um homem em um papagaio branco está sentado numa cadeira de um homem
2083,-1,,,,Um homem em um papagaio branco está sentado em uma cadeira em uma cadeira de um homem em um papagaio branco está sentado em uma cadeira de um homem em um papagaio branco está sentado em uma cadeira de um homem em um papagaio branco está sentado numa cadeira de um homem em um papagaio branco está sentado numa cadeira de um homem
2084,-1,,,,Um homem em um papagaio branco está sentado em uma cadeira em uma cadeira de um homem em um papagaio branco está sentado em uma cadeira de um homem em um papagaio branco está sentado em uma cadeira de um homem em um papagaio branco está sentado numa cadeira de um homem em um papagaio branco está sentado numa cadeira de um homem
2085,-1,,,,Um homem em um papagaio branco está sentado em uma cadeira em uma cadeira de um homem em um papagaio branco está sentado em uma cadeira de um homem em um papagaio branco está sentado em uma cadeira de um homem em um papagaio branco está sentado numa cadeira de um homem em um papagaio branco está sentado numa cadeira de um homem
2086,-1,,,,Um homem em um papagaio branco está sentado em uma cadeira em uma cadeira de um homem em um papagaio branco está sentado em uma cadeira de um homem em um papagaio branco está sentado em uma cadeira de um homem em um papagaio branco está sentado numa cadeira de um homem em um papagaio branco está sentado numa cadeira de um homem
2087,-1,,,,Um homem em um papagaio branco está sentado em uma cadeira em uma cadeira de um homem em um papagaio branco está sentado em uma cadeira de um homem em um papagaio branco está sentado em uma cadeira de um homem em um papagaio branco está sentado numa cadeira de um homem em um papagaio branco está sentado numa cadeira de um homem
2088,-1,,,,Um homem em um papagaio branco está sentado em uma cadeira em uma cadeira de um homem em um papagaio branco está sentado em uma cadeira de um homem em um papagaio branco está sentado em uma cadeira de um homem em um papagaio branco está sentado numa cadeira de um homem em um papagaio branco está sentado numa cadeira de um homem
2089,-1,,,,Um homem em um papagaio branco está sentado em uma cadeira em uma cadeira de um homem em um papagaio branco está sentado em uma cadeira de um homem em um papagaio branco está sentado em uma cadeira de um homem em um papagaio branco está sentado numa cadeira de um homem em um papagaio branco está sentado numa cadeira de um homem
2090,-1,,,,Um homem em um papagaio branco está sentado em uma cadeira em uma cadeira de um homem em um papagaio branco está sentado em uma cadeira de um homem em um papagaio branco está sentado em uma cadeira de um homem em um papagaio branco está sentado numa cadeira de um homem em um papagaio branco está sentado numa cadeira de um homem
2091,-1,,,,Um homem em um papagaio branco está sentado em uma cadeira em uma cadeira de um homem em um papagaio branco está sentado em uma cadeira de um homem em um papagaio branco está sentado em uma cadeira de um homem em um papagaio branco está sentado numa cadeira de um homem em um papagaio branco está sentado numa cadeira de um homem
2092,-1,,,,Um homem em um papagaio branco está sentado em uma cadeira em uma cadeira de um homem em um papagaio branco está sentado em uma cadeira de um homem em um papagaio branco está sentado em uma cadeira de um homem em um papagaio branco está sentado numa cadeira de um homem em um papagaio branco está sentado numa cadeira de um homem
2093,-1,,,,Um homem em um papagaio branco está sentado em uma cadeira em uma cadeira de um homem em um papagaio branco está sentado em uma cadeira de um homem em um papagaio branco está sentado em uma cadeira de um homem em um papagaio branco está sentado numa cadeira de um homem em um papagaio branco está sentado numa cadeira de um homem
2094,-1,,,,Um homem em um papagaio branco está sentado em uma cadeira em uma cadeira de um homem em um papagaio branco está sentado em uma cadeira de um homem em um papagaio branco está sentado em uma cadeira de um homem em um papagaio branco está sentado numa cadeira de um homem em um papagaio branco está sentado numa cadeira de um homem
2095,-1,,,,Um homem em um papagaio branco está sentado em uma cadeira em uma cadeira de um homem em um papagaio branco está sentado em uma cadeira de um homem em um papagaio branco está sentado em uma cadeira de um homem em um papagaio branco está sentado numa cadeira de um homem em um papagaio branco está sentado numa cadeira de um homem
2096,-1,,,,"O exame dos dentes foi realizado em uma sala de hospital, com os dentes examinados."
2097,-1,,,,"O exame dos dentes foi realizado em uma sala de hospital, com os dentes examinados."
2098,-1,,,,Um homem em um papagaio branco está sentado em uma cadeira em uma cadeira de um homem em um papagaio branco está sentado em uma cadeira de um homem em um papagaio branco está sentado em uma cadeira de um homem em um papagaio branco está sentado numa cadeira de um homem em um papagaio branco está sentado numa cadeira de um homem
2099,-1,,,,Um homem em um papagaio branco está sentado em uma cadeira em uma cadeira de um homem em um papagaio branco está sentado em uma cadeira de um homem em um papagaio branco está sentado em uma cadeira de um homem em um papagaio branco está sentado numa cadeira de um homem em um papagaio branco está sentado numa cadeira de um homem
2100,-1,,,,Um homem em um papagaio branco está sentado em uma cadeira em uma cadeira de um homem em um papagaio branco está sentado em uma cadeira de um homem em um papagaio branco está sentado em uma cadeira de um homem em um papagaio branco está sentado numa cadeira de um homem em um papagaio branco está sentado numa cadeira de um homem
2101,-1,,,,Um homem em um papagaio branco está sentado em uma cadeira em uma cadeira de um homem em um papagaio branco está sentado em uma cadeira de um homem em um papagaio branco está sentado em uma cadeira de um homem em um papagaio branco está sentado numa cadeira de um homem em um papagaio branco está sentado numa cadeira de um homem
2102,-1,,,,Um homem em um papagaio branco está sentado em uma cadeira em uma cadeira de um homem em um papagaio branco está sentado em uma cadeira de um homem em um papagaio branco está sentado em uma cadeira de um homem em um papagaio branco está sentado numa cadeira de um homem em um papagaio branco está sentado numa cadeira de um homem
2103,-1,,,,Um homem em um papagaio branco está sentado em uma cadeira em uma cadeira de um homem em um papagaio branco está sentado em uma cadeira de um homem em um papagaio branco está sentado em uma cadeira de um homem em um papagaio branco está sentado numa cadeira de um homem em um papagaio branco está sentado numa cadeira de um homem
2104,-1,,,,Um homem em um papagaio branco está sentado em uma cadeira em uma cadeira de um homem em um papagaio branco está sentado em uma cadeira de um homem em um papagaio branco está sentado em uma cadeira de um homem em um papagaio branco está sentado numa cadeira de um homem em um papagaio branco está sentado numa cadeira de um homem
2105,-1,,,,Um homem em um papagaio branco está sentado em uma cadeira em uma cadeira de um homem em um papagaio branco está sentado em uma cadeira de um homem em um papagaio branco está sentado em uma cadeira de um homem em um papagaio branco está sentado numa cadeira de um homem em um papagaio branco está sentado numa cadeira de um homem
2106,-1,,,,Um homem em um papagaio branco está sentado em uma cadeira em uma cadeira de um homem em um papagaio branco está sentado em uma cadeira de um homem em um papagaio branco está sentado em uma cadeira de um homem em um papagaio branco está sentado numa cadeira de um homem em um papagaio branco está sentado numa cadeira de um homem
2107,-1,,,,Um homem em um papagaio branco está sentado em uma cadeira em uma cadeira de um homem em um papagaio branco está sentado em uma cadeira de um homem em um papagaio branco está sentado em uma cadeira de um homem em um papagaio branco está sentado numa cadeira de um homem em um papagaio branco está sentado numa cadeira de um homem
2108,-1,,,,Um homem em um papagaio branco está sentado em uma cadeira em uma cadeira de um homem em um papagaio branco está sentado em uma cadeira de um homem em um papagaio branco está sentado em uma cadeira de um homem em um papagaio branco está sentado numa cadeira de um homem em um papagaio branco está sentado numa cadeira de um homem
2109,-1,,,,Um homem em um papagaio branco está sentado em uma cadeira em uma cadeira de um homem em um papagaio branco está sentado em uma cadeira de um homem em um papagaio branco está sentado em uma cadeira de um homem em um papagaio branco está sentado numa cadeira de um homem em um papagaio branco está sentado numa cadeira de um homem
2110,-1,,,,Um homem em um papagaio branco sentado numa cadeira de uma cadeira de um homem em um papagaio branco sentado numa cadeira de um homem em um papagaio branco sentado numa cadeira de um homem em um papagaio branco sentado numa cadeira de um homem em um papagaio branco sentado numa cadeira de um homem em um papagaio branco sentado numa cadeira de
2111,-1,,,,Um homem em um papagaio branco está sentado em uma cadeira em uma cadeira de um homem em um papagaio branco está sentado em uma cadeira de um homem em um papagaio branco está sentado em uma cadeira de um homem em um papagaio branco está sentado numa cadeira de um homem em um papagaio branco está sentado numa cadeira de um homem
2112,-1,,,,Um homem em um papagaio branco está sentado em uma cadeira em uma cadeira de um homem em um papagaio branco está sentado em uma cadeira de um homem em um papagaio branco está sentado em uma cadeira de um homem em um papagaio branco está sentado numa cadeira de um homem em um papagaio branco está sentado numa cadeira de um homem
2113,-1,,,,Um homem em um papagaio branco está sentado em uma cadeira em uma cadeira de um homem em um papagaio branco está sentado em uma cadeira de um homem em um papagaio branco está sentado em uma cadeira de um homem em um papagaio branco está sentado numa cadeira de um homem em um papagaio branco está sentado numa cadeira de um homem
2114,-1,,,,Um homem em um papagaio branco está sentado em uma cadeira em uma cadeira de um homem em um papagaio branco está sentado em uma cadeira de um homem em um papagaio branco está sentado em uma cadeira de um homem em um papagaio branco está sentado numa cadeira de um homem em um papagaio branco está sentado numa cadeira de um homem
2115,-1,,,,Um homem em um papagaio branco está sentado em uma cadeira em uma cadeira de um homem em um papagaio branco está sentado em uma cadeira de um homem em um papagaio branco está sentado em uma cadeira de um homem em um papagaio branco está sentado numa cadeira de um homem em um papagaio branco está sentado numa cadeira de um homem
2116,-1,,,,Um homem em um papagaio branco está sentado em uma cadeira em uma cadeira de um homem em um papagaio branco está sentado em uma cadeira de um homem em um papagaio branco está sentado em uma cadeira de um homem em um papagaio branco está sentado numa cadeira de um homem em um papagaio branco está sentado numa cadeira de um homem
2117,-1,,,,Um homem em um papagaio branco está sentado em uma cadeira em uma cadeira de um homem em um papagaio branco está sentado em uma cadeira de um homem em um papagaio branco está sentado em uma cadeira de um homem em um papagaio branco está sentado numa cadeira de um homem em um papagaio branco está sentado numa cadeira de um homem
2118,-1,,,,Um homem em um papagaio branco está sentado em uma cadeira em uma cadeira de um homem em um papagaio branco está sentado em uma cadeira de um homem em um papagaio branco está sentado em uma cadeira de um homem em um papagaio branco está sentado numa cadeira de um homem em um papagaio branco está sentado numa cadeira de um homem
2119,-1,,,,Um homem em um papagaio branco está sentado em uma cadeira em uma cadeira de um homem em um papagaio branco está sentado em uma cadeira de um homem em um papagaio branco está sentado em uma cadeira de um homem em um papagaio branco está sentado numa cadeira de um homem em um papagaio branco está sentado numa cadeira de um homem
2120,-1,,,,Um homem em um papagaio branco está sentado em uma cadeira em uma cadeira de um homem em um papagaio branco está sentado em uma cadeira de um homem em um papagaio branco está sentado em uma cadeira de um homem em um papagaio branco está sentado numa cadeira de um homem em um papagaio branco está sentado numa cadeira de um homem
2121,-1,,,,Um homem em um papagaio branco está sentado em uma cadeira em uma cadeira de um homem em um papagaio branco está sentado em uma cadeira de um homem em um papagaio branco está sentado em uma cadeira de um homem em um papagaio branco está sentado numa cadeira de um homem em um papagaio branco está sentado numa cadeira de um homem
2122,-1,,,,Um homem em um papagaio branco está sentado em uma cadeira em uma cadeira de um homem em um papagaio branco está sentado em uma cadeira de um homem em um papagaio branco está sentado em uma cadeira de um homem em um papagaio branco está sentado numa cadeira de um homem em um papagaio branco está sentado numa cadeira de um homem
2123,-1,,,,Um homem em um papagaio branco está sentado em uma cadeira em uma cadeira de um homem em um papagaio branco está sentado em uma cadeira de um homem em um papagaio branco está sentado em uma cadeira de um homem em um papagaio branco está sentado numa cadeira de um homem em um papagaio branco está sentado numa cadeira de um homem
2124,-1,,,,Um homem em um papagaio branco está sentado em uma cadeira em uma cadeira de um homem em um papagaio branco está sentado em uma cadeira de um homem em um papagaio branco está sentado em uma cadeira de um homem em um papagaio branco está sentado numa cadeira de um homem em um papagaio branco está sentado numa cadeira de um homem
2125,-1,,,,Um homem em um papagaio branco está sentado em uma cadeira em uma cadeira de um homem em um papagaio branco está sentado em uma cadeira de um homem em um papagaio branco está sentado em uma cadeira de um homem em um papagaio branco está sentado numa cadeira de um homem em um papagaio branco está sentado numa cadeira de um homem
2126,-1,,,,Um homem em um papagaio branco sentado numa cadeira de uma cadeira de um homem em um papagaio branco sentado numa cadeira de um homem em um papagaio branco sentado numa cadeira de um homem em um papagaio branco sentado numa cadeira de um homem em um papagaio branco sentado numa cadeira de um homem em um papagaio branco sentado numa cadeira de
2127,-1,,,,"Um homem em um papagaio branco sentado numa cadeira de uma cadeira de um homem em um papagaio branco sentado numa cadeira de um homem em uma missão branca, sentado numa cadeira de um homem em uma missão branca, sentado numa cadeira de um homem em uma missão branca, sentado numa cadeira de um homem em uma missão branca,"
2128,-1,,,,Um homem em um papagaio branco está sentado em uma cadeira em uma cadeira de um homem em um papagaio branco está sentado em uma cadeira de um homem em um papagaio branco está sentado em uma cadeira de um homem em um papagaio branco está sentado numa cadeira de um homem em um papagaio branco está sentado numa cadeira de um homem
2129,-1,,,,Um homem em um papagaio branco está sentado em uma cadeira em uma cadeira de um homem em um papagaio branco está sentado em uma cadeira de um homem em um papagaio branco está sentado em uma cadeira de um homem em um papagaio branco está sentado numa cadeira de um homem em um papagaio branco está sentado numa cadeira de um homem
2130,-1,,,,Um homem em um papagaio branco está sentado em uma cadeira em uma cadeira de um homem em um papagaio branco está sentado em uma cadeira de um homem em um papagaio branco está sentado em uma cadeira de um homem em um papagaio branco está sentado numa cadeira de um homem em um papagaio branco está sentado numa cadeira de um homem
2131,-1,,,,Um homem em um papagaio branco está sentado em uma cadeira em uma cadeira de um homem em um papagaio branco está sentado em uma cadeira de um homem em um papagaio branco está sentado em uma cadeira de um homem em um papagaio branco está sentado numa cadeira de um homem em um papagaio branco está sentado numa cadeira de um homem
2132,-1,,,,Um homem em um papagaio branco está sentado em uma cadeira em uma cadeira de um homem em um papagaio branco está sentado em uma cadeira de um homem em um papagaio branco está sentado em uma cadeira de um homem em um papagaio branco está sentado numa cadeira de um homem em um papagaio branco está sentado numa cadeira de um homem
2133,-1,,,,Um homem em um papagaio branco está sentado em uma cadeira em uma cadeira de um homem em um papagaio branco está sentado em uma cadeira de um homem em um papagaio branco está sentado em uma cadeira de um homem em um papagaio branco está sentado numa cadeira de um homem em um papagaio branco está sentado numa cadeira de um homem
2134,-1,,,,Um homem em um papagaio branco está sentado em uma cadeira em uma cadeira de um homem em um papagaio branco está sentado em uma cadeira de um homem em um papagaio branco está sentado em uma cadeira de um homem em um papagaio branco está sentado numa cadeira de um homem em um papagaio branco está sentado numa cadeira de um homem
2135,-1,,,,Um homem em um papagaio branco está sentado em uma cadeira em uma cadeira de um homem em um papagaio branco está sentado em uma cadeira de um homem em um papagaio branco está sentado em uma cadeira de um homem em um papagaio branco está sentado numa cadeira de um homem em um papagaio branco está sentado numa cadeira de um homem
2136,-1,,,,Um homem em um papagaio branco está sentado em uma cadeira em uma cadeira de um homem em um papagaio branco está sentado em uma cadeira de um homem em um papagaio branco está sentado em uma cadeira de um homem em um papagaio branco está sentado numa cadeira de um homem em um papagaio branco está sentado numa cadeira de um homem
2137,-1,,,,Um homem em um papagaio branco está sentado em uma cadeira em uma cadeira de um homem em um papagaio branco está sentado em uma cadeira de um homem em um papagaio branco está sentado em uma cadeira de um homem em um papagaio branco está sentado numa cadeira de um homem em um papagaio branco está sentado numa cadeira de um homem
2138,-1,,,,Um homem em um papagaio branco está sentado em uma cadeira em uma cadeira de um homem em um papagaio branco está sentado em uma cadeira de um homem em um papagaio branco está sentado em uma cadeira de um homem em um papagaio branco está sentado numa cadeira de um homem em um papagaio branco está sentado numa cadeira de um homem
2139,-1,,,,Um homem em um papagaio branco está sentado em uma cadeira em uma cadeira de um homem em um papagaio branco está sentado em uma cadeira de um homem em um papagaio branco está sentado em uma cadeira de um homem em um papagaio branco está sentado numa cadeira de um homem em um papagaio branco está sentado numa cadeira de um homem
2140,-1,,,,Um homem em um papagaio branco está sentado em uma cadeira em uma cadeira de um homem em um papagaio branco está sentado em uma cadeira de um homem em um papagaio branco está sentado em uma cadeira de um homem em um papagaio branco está sentado numa cadeira de um homem em um papagaio branco está sentado numa cadeira de um homem
2141,-1,,,,Um homem em um papagaio branco está sentado em uma cadeira em uma cadeira de um homem em um papagaio branco está sentado em uma cadeira de um homem em um papagaio branco está sentado em uma cadeira de um homem em um papagaio branco está sentado numa cadeira de um homem em um papagaio branco está sentado numa cadeira de um homem
2142,-1,,,,Um homem em um papagaio branco está sentado em uma cadeira em uma cadeira de um homem em um papagaio branco está sentado em uma cadeira de um homem em um papagaio branco está sentado em uma cadeira de um homem em um papagaio branco está sentado numa cadeira de um homem em um papagaio branco está sentado numa cadeira de um homem
2143,-1,,,,Um homem em um papagaio branco está sentado em uma cadeira em uma cadeira de um homem em um papagaio branco está sentado em uma cadeira de um homem em um papagaio branco está sentado em uma cadeira de um homem em um papagaio branco está sentado numa cadeira de um homem em um papagaio branco está sentado numa cadeira de um homem
2144,-1,,,,Um homem em um papagaio branco está sentado em uma cadeira em uma cadeira de um homem em um papagaio branco está sentado em uma cadeira de um homem em um papagaio branco está sentado em uma cadeira de um homem em um papagaio branco está sentado numa cadeira de um homem em um papagaio branco está sentado numa cadeira de um homem
2145,-1,,,,Um homem em um papagaio branco está sentado em uma cadeira em uma cadeira de um homem em um papagaio branco está sentado em uma cadeira de um homem em um papagaio branco está sentado em uma cadeira de um homem em um papagaio branco está sentado numa cadeira de um homem em um papagaio branco está sentado numa cadeira de um homem
2146,-1,,,,Um homem em um papagaio branco está sentado em uma cadeira em uma cadeira de um homem em um papagaio branco está sentado em uma cadeira de um homem em um papagaio branco está sentado em uma cadeira de um homem em um papagaio branco está sentado numa cadeira de um homem em um papagaio branco está sentado numa cadeira de um homem
2147,-1,,,,Um homem em um papagaio branco está sentado em uma cadeira em uma cadeira de um homem em um papagaio branco está sentado em uma cadeira de um homem em um papagaio branco está sentado em uma cadeira de um homem em um papagaio branco está sentado numa cadeira de um homem em um papagaio branco está sentado numa cadeira de um homem
2148,-1,,,,Um homem em um papagaio branco está sentado em uma cadeira em uma cadeira de um homem em um papagaio branco está sentado em uma cadeira de um homem em um papagaio branco está sentado em uma cadeira de um homem em um papagaio branco está sentado numa cadeira de um homem em um papagaio branco está sentado numa cadeira de um homem
2149,-1,,,,Um homem em um papagaio branco está sentado em uma cadeira em uma cadeira de um homem em um papagaio branco está sentado em uma cadeira de um homem em um papagaio branco está sentado em uma cadeira de um homem em um papagaio branco está sentado numa cadeira de um homem em um papagaio branco está sentado numa cadeira de um homem
2150,-1,,,,Um homem em um papagaio branco está sentado em uma cadeira em uma cadeira de um homem em um papagaio branco está sentado em uma cadeira de um homem em um papagaio branco está sentado em uma cadeira de um homem em um papagaio branco está sentado numa cadeira de um homem em um papagaio branco está sentado numa cadeira de um homem
2151,-1,,,,Um homem em um papagaio branco está sentado em uma cadeira em uma cadeira de um homem em um papagaio branco está sentado em uma cadeira de um homem em um papagaio branco está sentado em uma cadeira de um homem em um papagaio branco está sentado numa cadeira de um homem em um papagaio branco está sentado numa cadeira de um homem
2152,-1,,,,Um homem em um papagaio branco está sentado em uma cadeira em uma cadeira de um homem em um papagaio branco está sentado em uma cadeira de um homem em um papagaio branco está sentado em uma cadeira de um homem em um papagaio branco está sentado numa cadeira de um homem em um papagaio branco está sentado numa cadeira de um homem
2153,-1,,,,Um homem em um papagaio branco está sentado em uma cadeira em uma cadeira de um homem em um papagaio branco está sentado em uma cadeira de um homem em um papagaio branco está sentado em uma cadeira de um homem em um papagaio branco está sentado numa cadeira de um homem em um papagaio branco está sentado numa cadeira de um homem
2154,-1,,,,Um homem em um papagaio branco está sentado em uma cadeira em uma cadeira de um homem em um papagaio branco está sentado em uma cadeira de um homem em um papagaio branco está sentado em uma cadeira de um homem em um papagaio branco está sentado numa cadeira de um homem em um papagaio branco está sentado numa cadeira de um homem
2155,-1,,,,Um homem em um papagaio branco está sentado em uma cadeira em uma cadeira de um homem em um papagaio branco está sentado em uma cadeira de um homem em um papagaio branco está sentado em uma cadeira de um homem em um papagaio branco está sentado numa cadeira de um homem em um papagaio branco está sentado numa cadeira de um homem
2156,-1,,,,Um homem em um papagaio branco está sentado em uma cadeira em uma cadeira de um homem em um papagaio branco está sentado em uma cadeira de um homem em um papagaio branco está sentado em uma cadeira de um homem em um papagaio branco está sentado numa cadeira de um homem em um papagaio branco está sentado numa cadeira de um homem
2157,-1,,,,Um homem em um papagaio branco está conseguindo escovar os dentes de seus dentes.
2158,-1,,,,Um homem em um papagaio branco está sentado em uma cadeira em uma cadeira de um homem em um papagaio branco está sentado em uma cadeira de um homem em um papagaio branco está sentado em uma cadeira de um homem em um papagaio branco está sentado numa cadeira de um homem em um papagaio branco está sentado numa cadeira de um homem
2159,-1,,,,Um homem em um papagaio branco está sentado em uma cadeira em uma cadeira de um homem em um papagaio branco está sentado em uma cadeira de um homem em um papagaio branco está sentado em uma cadeira de um homem em um papagaio branco está sentado numa cadeira de um homem em um papagaio branco está sentado numa cadeira de um homem
2160,-1,,,,Um homem em um papagaio branco está sentado em uma cadeira em uma cadeira de um homem em um papagaio branco está sentado em uma cadeira de um homem em um papagaio branco está sentado em uma cadeira de um homem em um papagaio branco está sentado numa cadeira de um homem em um papagaio branco está sentado numa cadeira de um homem
2161,-1,,,,Um homem em um papagaio branco está sentado em uma cadeira em uma cadeira de um homem em um papagaio branco está sentado em uma cadeira de um homem em um papagaio branco está sentado em uma cadeira de um homem em um papagaio branco está sentado numa cadeira de um homem em um papagaio branco está sentado numa cadeira de um homem
2162,-1,,,,Um homem em um papagaio branco está sentado em uma cadeira em uma cadeira de um homem em um papagaio branco está sentado em uma cadeira de um homem em um papagaio branco está sentado em uma cadeira de um homem em um papagaio branco está sentado numa cadeira de um homem em um papagaio branco está sentado numa cadeira de um homem
2163,-1,,,,Um homem em um papagaio branco está sentado em uma cadeira em uma cadeira de um homem em um papagaio branco está sentado em uma cadeira de um homem em um papagaio branco está sentado em uma cadeira de um homem em um papagaio branco está sentado numa cadeira de um homem em um papagaio branco está sentado numa cadeira de um homem
2164,-1,,,,Um homem em um papagaio branco está sentado em uma cadeira em uma cadeira de um homem em um papagaio branco está sentado em uma cadeira de um homem em um papagaio branco está sentado em uma cadeira de um homem em um papagaio branco está sentado numa cadeira de um homem em um papagaio branco está sentado numa cadeira de um homem
2165,-1,,,,Um homem em um papagaio branco está sentado em uma cadeira em uma cadeira de um homem em um papagaio branco está sentado em uma cadeira de um homem em um papagaio branco está sentado em uma cadeira de um homem em um papagaio branco está sentado numa cadeira de um homem em um papagaio branco está sentado numa cadeira de um homem
2166,-1,,,,Um homem em um papagaio branco está sentado em uma cadeira em uma cadeira de um homem em um papagaio branco está sentado em uma cadeira de um homem em um papagaio branco está sentado em uma cadeira de um homem em um papagaio branco está sentado numa cadeira de um homem em um papagaio branco está sentado numa cadeira de um homem
2167,-1,,,,Um homem em um papagaio branco está sentado em uma cadeira em uma cadeira de um homem em um papagaio branco está sentado em uma cadeira de um homem em um papagaio branco está sentado em uma cadeira de um homem em um papagaio branco está sentado numa cadeira de um homem em um papagaio branco está sentado numa cadeira de um homem
2168,-1,,,,Um homem em um papagaio branco está sentado em uma cadeira em uma cadeira de um homem em um papagaio branco está sentado em uma cadeira de um homem em um papagaio branco está sentado em uma cadeira de um homem em um papagaio branco está sentado numa cadeira de um homem em um papagaio branco está sentado numa cadeira de um homem
2169,-1,,,,Um homem em um papagaio branco está sentado em uma cadeira em uma cadeira de um homem em um papagaio branco está sentado em uma cadeira de um homem em um papagaio branco está sentado em uma cadeira de um homem em um papagaio branco está sentado numa cadeira de um homem em um papagaio branco está sentado numa cadeira de um homem
2170,-1,,,,Um homem em um papagaio branco está sentado em uma cadeira em uma cadeira de um homem em um papagaio branco está sentado em uma cadeira de um homem em um papagaio branco está sentado em uma cadeira de um homem em um papagaio branco está sentado numa cadeira de um homem em um papagaio branco está sentado numa cadeira de um homem
2171,-1,,,,Um homem em um papagaio branco está sentado em uma cadeira em uma cadeira de um homem em um papagaio branco está sentado em uma cadeira de um homem em um papagaio branco está sentado em uma cadeira de um homem em um papagaio branco está sentado numa cadeira de um homem em um papagaio branco está sentado numa cadeira de um homem
2172,-1,,,,Um homem em um papagaio branco está sentado em uma cadeira em uma cadeira de um homem em um papagaio branco está sentado em uma cadeira de um homem em um papagaio branco está sentado em uma cadeira de um homem em um papagaio branco está sentado numa cadeira de um homem em um papagaio branco está sentado numa cadeira de um homem
2173,-1,,,,Um homem em um papagaio branco está sentado em uma cadeira em uma cadeira de um homem em um papagaio branco está sentado em uma cadeira de um homem em um papagaio branco está sentado em uma cadeira de um homem em um papagaio branco está sentado numa cadeira de um homem em um papagaio branco está sentado numa cadeira de um homem
2174,-1,,,,Um homem em um papagaio branco está sentado em uma cadeira em uma cadeira de um homem em um papagaio branco está sentado em uma cadeira de um homem em um papagaio branco está sentado em uma cadeira de um homem em um papagaio branco está sentado numa cadeira de um homem em um papagaio branco está sentado numa cadeira de um homem
2175,-1,,,,Um homem em um papagaio branco está sentado em uma cadeira em uma cadeira de um homem em um papagaio branco está sentado em uma cadeira de um homem em um papagaio branco está sentado em uma cadeira de um homem em um papagaio branco está sentado numa cadeira de um homem em um papagaio branco está sentado numa cadeira de um homem
2176,-1,,,,Um homem em um papagaio branco está sentado em uma cadeira em uma cadeira de um homem em um papagaio branco está sentado em uma cadeira de um homem em um papagaio branco está sentado em uma cadeira de um homem em um papagaio branco está sentado numa cadeira de um homem em um papagaio branco está sentado numa cadeira de um homem
2177,-1,,,,Um homem em um papagaio branco está sentado em uma cadeira em uma cadeira de um homem em um papagaio branco está sentado em uma cadeira de um homem em um papagaio branco está sentado em uma cadeira de um homem em um papagaio branco está sentado numa cadeira de um homem em um papagaio branco está sentado numa cadeira de um homem
2178,-1,,,,Um homem em um papagaio branco está sentado em uma cadeira em uma cadeira de um homem em um papagaio branco está sentado em uma cadeira de um homem em um papagaio branco está sentado em uma cadeira de um homem em um papagaio branco está sentado numa cadeira de um homem em um papagaio branco está sentado numa cadeira de um homem
2179,-1,,,,Um homem em um papagaio branco está sentado em uma cadeira em uma cadeira de um homem em um papagaio branco está sentado em uma cadeira de um homem em um papagaio branco está sentado em uma cadeira de um homem em um papagaio branco está sentado numa cadeira de um homem em um papagaio branco está sentado numa cadeira de um homem
2180,-1,,,,Um homem em um papagaio branco está sentado em uma cadeira em uma cadeira de um homem em um papagaio branco está sentado em uma cadeira de um homem em um papagaio branco está sentado em uma cadeira de um homem em um papagaio branco está sentado numa cadeira de um homem em um papagaio branco está sentado numa cadeira de um homem
2181,-1,,,,Um homem em um papagaio branco está sentado em uma cadeira em uma cadeira de um homem em um papagaio branco está sentado em uma cadeira de um homem em um papagaio branco está sentado em uma cadeira de um homem em um papagaio branco está sentado numa cadeira de um homem em um papagaio branco está sentado numa cadeira de um homem
2182,-1,,,,Um homem em um papagaio branco está sentado em uma cadeira em uma cadeira de um homem em um papagaio branco está sentado em uma cadeira de um homem em um papagaio branco está sentado em uma cadeira de um homem em um papagaio branco está sentado numa cadeira de um homem em um papagaio branco está sentado numa cadeira de um homem
2183,-1,,,,Um homem em um papagaio branco está sentado em uma cadeira em uma cadeira de um homem em um papagaio branco está sentado em uma cadeira de um homem em um papagaio branco está sentado em uma cadeira de um homem em um papagaio branco está sentado numa cadeira de um homem em um papagaio branco está sentado numa cadeira de um homem
2184,-1,,,,Um homem em um papagaio branco está sentado em uma cadeira em uma cadeira de um homem em um papagaio branco está sentado em uma cadeira de um homem em um papagaio branco está sentado em uma cadeira de um homem em um papagaio branco está sentado numa cadeira de um homem em um papagaio branco está sentado numa cadeira de um homem
2185,-1,,,,Um homem em um papagaio branco está sentado em uma cadeira em uma cadeira de um homem em um papagaio branco está sentado em uma cadeira de um homem em um papagaio branco está sentado em uma cadeira de um homem em um papagaio branco está sentado numa cadeira de um homem em um papagaio branco está sentado numa cadeira de um homem
2186,-1,,,,Um homem em um papagaio branco está sentado em uma cadeira em uma cadeira de um homem em um papagaio branco está sentado em uma cadeira de um homem em um papagaio branco está sentado em uma cadeira de um homem em um papagaio branco está sentado numa cadeira de um homem em um papagaio branco está sentado numa cadeira de um homem
2187,-1,,,,Um homem em um papagaio branco está sentado em uma cadeira em uma cadeira de um homem em um papagaio branco está sentado em uma cadeira de um homem em um papagaio branco está sentado em uma cadeira de um homem em um papagaio branco está sentado numa cadeira de um homem em um papagaio branco está sentado numa cadeira de um homem
2188,-1,,,,Um homem em um papagaio branco está sentado em uma cadeira em uma cadeira de um homem em um papagaio branco está sentado em uma cadeira de um homem em um papagaio branco está sentado em uma cadeira de um homem em um papagaio branco está sentado numa cadeira de um homem em um papagaio branco está sentado numa cadeira de um homem
2189,-1,,,,Um homem em um papagaio branco está sentado em uma cadeira em uma cadeira de um homem em um papagaio branco está sentado em uma cadeira de um homem em um papagaio branco está sentado em uma cadeira de um homem em um papagaio branco está sentado numa cadeira de um homem em um papagaio branco está sentado numa cadeira de um homem
2190,-1,,,,"Um homem em um jaleco de laboratório branco é um homem, num jaleco de laboratório branco, em um jaleco de laboratório branco."
2191,-1,,,,"Um homem em um jaleco de laboratório branco é um homem, num jaleco de laboratório branco, em um jaleco de laboratório branco."
2192,-1,,,,Um homem em um jaleco branco está em pé em uma sala.
2193,-1,,,,Um homem em um jaleco branco está em pé em uma sala.
2194,-1,,,,Um homem em um jaleco branco está em pé em uma sala.
2195,-1,,,,Um homem em um jaleco branco está em pé em uma sala.
2196,-1,,,,Um homem em um jaleco branco está em pé em uma sala.
2197,-1,,,,Um homem em um jaleco branco está em pé em uma sala.
2198,-1,,,,Um homem em uma sala de hospital com leito em uma sala de hospital com leito.
2199,-1,,,,Um homem em um jaleco branco está em pé em uma sala.
2200,-1,,,,Um homem em um jaleco branco está sentado numa cadeira em uma cadeira num jaleco branco está sentado numa cadeira.
2201,-1,,,,Um homem em um jaleco branco está sentado numa cadeira em uma cadeira num jaleco branco está sentado numa cadeira.
2202,-1,,,,Um homem em um jaleco branco está sentado numa cadeira em uma cadeira num jaleco branco está sentado numa cadeira.
2203,-1,,,,Um homem em um jaleco branco está sentado numa cadeira em uma cadeira num jaleco branco está sentado numa cadeira.
2204,-1,,,,Um homem em uma sala de hospital com espelho em uma sala de hospital com espelho em uma sala de hospital com espelho em uma sala de hospital com espelho em uma sala de hospital com espelho em uma sala de hospital com espelho em uma sala de hospital com espelho em uma sala de hospital com espelho em uma sala de hospital
2205,-1,,,,Um homem em uma sala de hospital com um monitor monitor.
2206,-1,,,,Um homem em uma sala de hospital com um paciente em uma sala de hospital com um paciente em uma sala de hospital.
2207,-1,,,,Um homem em uma sala de hospital com um paciente em uma sala de hospital com um paciente em uma sala de hospital.
2208,-1,,,,Um homem em uma sala de hospital com um paciente em uma sala de hospital com um paciente em uma sala de hospital.
2209,-1,,,,Um homem em uma sala de hospital com um paciente em uma sala de hospital com um paciente em uma sala de hospital.
2210,-1,,,,Um homem em uma sala de hospital com um paciente em uma sala de hospital com um paciente em uma sala de hospital.
2211,-1,,,,Um homem em uma sala de hospital com um paciente em uma sala de hospital com um paciente em uma sala de hospital.
2212,-1,,,,Um homem em uma sala de hospital com um paciente em uma sala de hospital com um paciente em uma sala de hospital.
2213,-1,,,,Um homem em uma sala de hospital com um paciente em uma sala de hospital com um paciente em uma sala de hospital.
2214,-1,,,,Um homem em uma sala de hospital com um paciente em uma sala de hospital com um paciente em uma sala de hospital.
2215,-1,,,,Um homem em uma sala de hospital com um paciente em uma sala de hospital com um paciente em uma sala de hospital.
2216,-1,,,,Um homem em uma sala de hospital com um paciente em uma sala de hospital com um paciente em uma sala de hospital.
2217,-1,,,,Um homem em uma sala de hospital com um paciente em uma sala de hospital com um paciente em uma sala de hospital.
2218,-1,,,,Um homem em uma sala de hospital com um paciente em uma sala de hospital com um paciente em uma sala de hospital.
2219,-1,,,,"Um homem em uma sala de hospital com uma cadeira de cadeira, em uma sala de hospital, em uma sala de hospital com uma cadeira."
2220,-1,,,,Um homem em uma sala de hospital com um monitor monitor.
2221,-1,,,,Um homem em uma sala de hospital com um monitor monitor.
2222,-1,,,,Um homem em uma sala de hospital com um paciente em uma sala de hospital com um paciente em uma sala de hospital.
2223,-1,,,,Um homem em uma sala de hospital com um paciente em uma sala de hospital com um paciente em uma sala de hospital.
2224,-1,,,,Um homem em uma sala de hospital com um paciente em uma sala de hospital com um paciente em uma sala de hospital.
2225,-1,,,,Um homem em uma sala de hospital com um paciente em uma sala de hospital com um paciente em uma sala de hospital.
2226,-1,,,,Um homem em uma sala de hospital com um paciente em uma sala de hospital com um paciente em uma sala de hospital.
2227,-1,,,,Um homem em uma sala de hospital com um paciente em uma sala de hospital com um paciente em uma sala de hospital.
2228,-1,,,,Um homem em uma sala de hospital com um paciente em uma sala de hospital com um paciente em uma sala de hospital.
2229,-1,,,,Um homem em uma sala de hospital com um paciente em uma sala de hospital com um paciente em uma sala de hospital.
2230,-1,,,,Um homem em uma sala de hospital com um paciente em uma sala de hospital com um paciente em uma sala de hospital.
2231,-1,,,,Um homem em uma sala de hospital com um paciente em uma sala de hospital com um paciente em uma sala de hospital.
2232,-1,,,,Um homem em uma sala de hospital com um paciente em uma sala de hospital com um paciente em uma sala de hospital.
2233,-1,,,,Um homem em uma sala de hospital com um paciente em uma sala de hospital com um paciente em uma sala de hospital.
2234,-1,,,,Um homem em um jaleco branco sentado numa cadeira de um assento de laboratório branco sentado numa cadeira de uma cadeira de um homem em um jaleco branco sentado numa cadeira de um cadeira de um homem num jaleco branco de laboratório sentado numa cadeira de uma cadeira de um homem num jaleco branco de
2235,-1,,,,"Um homem em um papagaio branco sentado numa cadeira de uma cadeira de um homem em um papagaio branco sentado numa cadeira de um homem em uma missão branca, sentado numa cadeira de um homem em uma missão branca, sentado numa cadeira de um homem em uma missão branca, sentado numa cadeira de um homem em uma missão branca,"
2236,-1,,,,Um homem em uma sala de hospital com um paciente em uma sala de hospital com um paciente em uma sala de hospital.
2237,-1,,,,Um homem em uma sala de hospital com um paciente em uma sala de hospital com um paciente em uma sala de hospital.
2238,-1,,,,Um homem em uma sala de hospital com um paciente em uma sala de hospital com um paciente em uma sala de hospital.
2239,-1,,,,Um homem em uma sala de hospital com um paciente em uma sala de hospital com um paciente em uma sala de hospital.
2240,-1,,,,Um homem em uma sala de hospital com um paciente em uma sala de hospital com um paciente em uma sala de hospital.
2241,-1,,,,Um homem em uma sala de hospital com um paciente em uma sala de hospital com um paciente em uma sala de hospital.
2242,-1,,,,"Um homem em um papagaio branco sentado numa cadeira de uma cadeira de um homem em um papagaio branco sentado numa cadeira de um homem em uma missão branca, sentado numa cadeira de um homem em uma missão branca, sentado numa cadeira de um homem em uma missão branca, sentado numa cadeira de um homem em uma missão branca,"
2243,-1,,,,Um homem em uma sala de hospital com um paciente em uma sala de hospital com um paciente em uma sala de hospital.
2244,-1,,,,Um homem em uma sala de hospital com um paciente em uma sala de hospital com um paciente em uma sala de hospital.
2245,-1,,,,Um homem em um jaleco branco sentado numa cadeira de um assento de laboratório branco sentado numa cadeira de uma cadeira de um homem em um jaleco branco sentado numa cadeira de um cadeira de um homem num jaleco branco de laboratório sentado numa cadeira de uma cadeira de um homem num jaleco branco de
2246,-1,,,,Um homem em um jaleco branco sentado numa cadeira de um assento de laboratório branco sentado numa cadeira de uma cadeira de um homem em um jaleco branco sentado numa cadeira de um cadeira de um homem num jaleco branco de laboratório sentado numa cadeira de uma cadeira de um homem num jaleco branco de
2247,-1,,,,Um homem em uma sala de hospital com um paciente em uma sala de hospital com um paciente em uma sala de hospital.
2248,-1,,,,Um homem em um jaleco branco está sentado numa cadeira em uma cadeira num jaleco branco está sentado numa cadeira.
2249,-1,,,,"Um homem em um papagaio branco sentado numa cadeira de uma cadeira de um homem em um papagaio branco sentado numa cadeira de um homem em uma missão branca, sentado numa cadeira de um homem em uma missão branca, sentado numa cadeira de um homem em uma missão branca, sentado numa cadeira de um homem em uma missão branca,"
2250,-1,,,,"Um homem em um papagaio branco sentado numa cadeira de uma cadeira de um homem em um papagaio branco sentado numa cadeira de um homem em uma missão branca, sentado numa cadeira de um homem em uma missão branca, sentado numa cadeira de um homem em uma missão branca, sentado numa cadeira de um homem em uma missão branca,"
2251,-1,,,,"Um homem em um papagaio branco sentado numa cadeira de uma cadeira de um homem em um papagaio branco sentado numa cadeira de um homem em uma missão branca, sentado numa cadeira de um homem em uma missão branca, sentado numa cadeira de um homem em uma missão branca, sentado numa cadeira de um homem em uma missão branca,"
2252,-1,,,,"Um homem em um papagaio branco sentado numa cadeira de uma cadeira de um homem em um papagaio branco sentado numa cadeira de um homem em uma missão branca, sentado numa cadeira de um homem em uma missão branca, sentado numa cadeira de um homem em uma missão branca, sentado numa cadeira de um homem em uma missão branca,"
2253,-1,,,,"Um homem em um papagaio branco sentado numa cadeira de uma cadeira de um homem em um papagaio branco sentado numa cadeira de um homem em uma missão branca, sentado numa cadeira de um homem em uma missão branca, sentado numa cadeira de um homem em uma missão branca, sentado numa cadeira de um homem em uma missão branca,"
2254,-1,,,,"Um homem em um papagaio branco sentado numa cadeira de uma cadeira de um homem em um papagaio branco sentado numa cadeira de um homem em uma missão branca, sentado numa cadeira de um homem em uma missão branca, sentado numa cadeira de um homem em uma missão branca, sentado numa cadeira de um homem em uma missão branca,"
2255,-1,,,,Um homem em um jaleco branco sentado numa cadeira de um assento de laboratório branco sentado numa cadeira de uma cadeira de um homem em um jaleco branco sentado numa cadeira de um cadeira de um homem num jaleco branco de laboratório sentado numa cadeira de uma cadeira de um homem num jaleco branco de
2256,-1,,,,"Um homem em um papagaio branco sentado numa cadeira de uma cadeira de um homem em um papagaio branco sentado numa cadeira de um homem em uma missão branca, sentado numa cadeira de um homem em uma missão branca, sentado numa cadeira de um homem em uma missão branca, sentado numa cadeira de um homem em uma missão branca,"
2257,-1,,,,"Um homem em um papagaio branco sentado numa cadeira de uma cadeira de um homem em um papagaio branco sentado numa cadeira de um homem em uma missão branca, sentado numa cadeira de um homem em uma missão branca, sentado numa cadeira de um homem em uma missão branca, sentado numa cadeira de um homem em uma missão branca,"
2258,-1,,,,Um homem em uma sala de hospital com uma mulher sentada numa cadeira de uma cadeira em uma sala de hospital com uma mulher sentada numa cadeira de uma cadeira.
2259,-1,,,,Um homem em uma sala de hospital com um paciente em uma sala de hospital com um paciente em uma sala de hospital.
2260,-1,,,,Um homem em um jaleco branco sentado numa cadeira de um assento de laboratório branco sentado numa cadeira de uma cadeira de um homem em um jaleco branco sentado numa cadeira de um cadeira de um homem num jaleco branco de laboratório sentado numa cadeira de uma cadeira de um homem num jaleco branco de
2261,-1,,,,Um homem em uma sala de hospital com um paciente em uma sala de hospital com um paciente em uma sala de hospital.
2262,-1,,,,Um homem em um jaleco branco sentado numa cadeira de um assento de laboratório branco sentado numa cadeira de uma cadeira de um homem em um jaleco branco sentado numa cadeira de um cadeira de um homem num jaleco branco de laboratório sentado numa cadeira de uma cadeira de um homem num jaleco branco de
2263,-1,,,,Um homem em um jaleco branco sentado numa cadeira de um assento de laboratório branco sentado numa cadeira de uma cadeira de um homem em um jaleco branco sentado numa cadeira de um cadeira de um homem num jaleco branco de laboratório sentado numa cadeira de uma cadeira de um homem num jaleco branco de
2264,-1,,,,Um homem em um jaleco branco sentado numa cadeira de um assento de laboratório branco sentado numa cadeira de uma cadeira de um homem em um jaleco branco sentado numa cadeira de um cadeira de um homem num jaleco branco de laboratório sentado numa cadeira de uma cadeira de um homem num jaleco branco de
2265,-1,,,,Um homem em um jaleco branco sentado numa cadeira de um assento de laboratório branco sentado numa cadeira de uma cadeira de um homem em um jaleco branco sentado numa cadeira de um cadeira de um homem num jaleco branco de laboratório sentado numa cadeira de uma cadeira de um homem num jaleco branco de
2266,-1,,,,Um homem em um jaleco branco sentado numa cadeira de um assento de laboratório branco sentado numa cadeira de uma cadeira de um homem em um jaleco branco sentado numa cadeira de um cadeira de um homem num jaleco branco de laboratório sentado numa cadeira de uma cadeira de um homem num jaleco branco de
2267,-1,,,,Um homem em um jaleco branco sentado numa cadeira de um assento de laboratório branco sentado numa cadeira de uma cadeira de um homem em um jaleco branco sentado numa cadeira de um cadeira de um homem num jaleco branco de laboratório sentado numa cadeira de uma cadeira de um homem num jaleco branco de
2268,-1,,,,Um homem em um jaleco branco sentado numa cadeira de um assento de laboratório branco sentado numa cadeira de uma cadeira de um homem em um jaleco branco sentado numa cadeira de um cadeira de um homem num jaleco branco de laboratório sentado numa cadeira de uma cadeira de um homem num jaleco branco de
2269,-1,,,,Um homem em um jaleco branco sentado numa cadeira de um assento de laboratório branco sentado numa cadeira de uma cadeira de um homem em um jaleco branco sentado numa cadeira de um cadeira de um homem num jaleco branco de laboratório sentado numa cadeira de uma cadeira de um homem num jaleco branco de
2270,-1,,,,"Uma mulher em um papagaio branco sentada numa cadeira de uma cadeira de um lugar branco, sentado numa cadeira de um lugar branco, sentado numa cadeira de um lugar branco, sentado numa cadeira de um lugar branco, sentado numa cadeira de um lugar branco, sentado numa cadeira de um lugar branco, sentado numa cadeira de um"
2271,-1,,,,"Uma mulher em um papagaio branco sentada numa cadeira de uma cadeira de um lugar branco, sentado numa cadeira de um lugar branco, sentado numa cadeira de um lugar branco, sentado numa cadeira de um lugar branco, sentado numa cadeira de um lugar branco, sentado numa cadeira de um lugar branco, sentado numa cadeira de um"
2272,-1,,,,"Uma mulher em um papagaio branco sentada numa cadeira de uma cadeira de um lugar branco, sentado numa cadeira de um lugar branco, sentado numa cadeira de um lugar branco, sentado numa cadeira de um lugar branco, sentado numa cadeira de um lugar branco, sentado numa cadeira de um lugar branco, sentado numa cadeira de um"
2273,-1,,,,"Uma mulher em um papagaio branco sentada numa cadeira de uma cadeira de um lugar branco, sentado numa cadeira de um lugar branco, sentado numa cadeira de um lugar branco, sentado numa cadeira de um lugar branco, sentado numa cadeira de um lugar branco, sentado numa cadeira de um lugar branco, sentado numa cadeira de um"
2274,-1,,,,"Uma mulher em um papagaio branco sentada numa cadeira de uma cadeira de um lugar branco, sentado numa cadeira de um lugar branco, sentado numa cadeira de um lugar branco, sentado numa cadeira de um lugar branco, sentado numa cadeira de um lugar branco, sentado numa cadeira de um lugar branco, sentado numa cadeira de um"
2275,-1,,,,"Uma mulher em um papagaio branco sentada numa cadeira de uma cadeira de um lugar branco, sentado numa cadeira de um lugar branco, sentado numa cadeira de um lugar branco, sentado numa cadeira de um lugar branco, sentado numa cadeira de um lugar branco, sentado numa cadeira de um lugar branco, sentado numa cadeira de um"
2276,-1,,,,"Um homem em uma sala de hospital com uma mulher sentada no leito, numa sala de hospital com uma mulher sentada num leito, numa sala de hospital com uma mulher sentada num leito, numa sala de hospital com uma mulher sentada num leito, numa sala de hospital com uma mulher sentada num leito,"
2277,-1,,,,"Um homem em um papagaio branco sentado em uma sala de hospital, em uma sala de hospital, em um quarto de um hospital, em um homem de um lobo branco sentado em uma sala de hospital."
2278,-1,,,,Um homem em um jaleco branco sentado numa cadeira de um assento de laboratório branco sentado numa cadeira de uma cadeira de um homem em um jaleco branco sentado numa cadeira de um cadeira de um homem num jaleco branco de laboratório sentado numa cadeira de uma cadeira de um homem num jaleco branco de
2279,-1,,,,Um homem em um jaleco branco sentado numa cadeira de um assento de laboratório branco sentado numa cadeira de uma cadeira de um homem em um jaleco branco sentado numa cadeira de um cadeira de um homem num jaleco branco de laboratório sentado numa cadeira de uma cadeira de um homem num jaleco branco de
2280,-1,,,,Um homem em um jaleco branco sentado numa cadeira de um assento de laboratório branco sentado numa cadeira de uma cadeira de um homem em um jaleco branco sentado numa cadeira de um cadeira de um homem num jaleco branco de laboratório sentado numa cadeira de uma cadeira de um homem num jaleco branco de
2281,-1,,,,Um homem em um jaleco branco sentado numa cadeira de um assento de laboratório branco sentado numa cadeira de uma cadeira de um homem em um jaleco branco sentado numa cadeira de um cadeira de um homem num jaleco branco de laboratório sentado numa cadeira de uma cadeira de um homem num jaleco branco de
2282,-1,,,,Um homem em um jaleco branco sentado numa cadeira de um assento de laboratório branco sentado numa cadeira de uma cadeira de um homem em um jaleco branco sentado numa cadeira de um cadeira de um homem num jaleco branco de laboratório sentado numa cadeira de uma cadeira de um homem num jaleco branco de
2283,-1,,,,"Uma mulher em jaleco branco sentado numa cadeira, numa cadeira de um jaleco branco, sentado numa cadeira."
2284,-1,,,,"Uma mulher em jaleco branco sentado numa cadeira, numa cadeira de um jaleco branco, sentado numa cadeira."
2285,-1,,,,Uma mulher em uma sala de hospital com um homem em uma missão branca é uma mulher em uma sala de hospital com um homem em uma missão branca.
2286,-1,,,,Uma mulher em uma sala de hospital com um homem em uma missão branca é uma mulher em uma sala de hospital com um homem em uma missão branca.
2287,-1,,,,Uma mulher em uma sala de hospital com um homem em uma missão branca é uma mulher em uma sala de hospital com um homem em uma missão branca.
2288,-1,,,,Uma mulher em uma sala de hospital com um homem em uma missão branca é uma mulher em uma sala de hospital com um homem em uma missão branca.
2289,-1,,,,Uma mulher em uma sala de hospital com um homem em uma missão branca é uma mulher em uma sala de hospital com um homem em uma missão branca.
2290,-1,,,,Um homem em uma sala de hospital com um monitor monitor.
2291,-1,,,,Um homem em uma sala de hospital com um monitor monitor.
2292,-1,,,,Um homem em uma sala de hospital com um monitor monitor.
2293,-1,,,,Um homem em uma sala de hospital com um monitor monitor.
2294,-1,,,,Um homem em uma sala de hospital com um monitor monitor.
2295,-1,,,,Um homem em uma sala de hospital com um monitor monitor.
2296,-1,,,,Um homem em uma sala de hospital com um monitor monitor.
2297,-1,,,,Um homem em uma sala de hospital com um monitor monitor.
2298,-1,,,,Um homem em uma sala de hospital com um monitor monitor.
2299,-1,,,,Um homem em uma sala de hospital com um monitor monitor.
2300,-1,,,,Um homem em uma sala de hospital com um monitor monitor.
2301,-1,,,,Um homem em uma sala de hospital com um monitor monitor.
2302,-1,,,,Um homem em uma sala de hospital com um monitor monitor.
2303,-1,,,,Um homem em uma sala de hospital com um monitor monitor.
2304,-1,,,,Um homem em uma sala de hospital com um monitor monitor.
2305,-1,,,,Um homem em uma sala de hospital com um monitor monitor.
2306,-1,,,,Um homem em uma sala de hospital com um monitor monitor.
2307,-1,,,,Um homem em uma sala de hospital com um paciente em uma sala de hospital com um paciente em uma sala de hospital.
2308,-1,,,,Um homem em uma sala de hospital com um paciente em uma sala de hospital com um paciente em uma sala de hospital.
2309,-1,,,,Um homem em uma sala de hospital com um paciente em uma sala de hospital com um paciente em uma sala de hospital.
2310,-1,,,,Um homem em uma sala de hospital com um paciente em uma sala de hospital com um paciente em uma sala de hospital.
2311,-1,,,,Um homem em uma sala de hospital com um paciente em uma sala de hospital com um paciente em uma sala de hospital.
2312,-1,,,,Um homem em uma sala de hospital com um paciente em uma sala de hospital com um paciente em uma sala de hospital.
2313,-1,,,,Um homem em um chapéu branco sentado em uma sala.
2314,-1,,,,Um homem em uma meia-capa branca sentada em uma sala de hospital.
2315,-1,,,,Um homem em um chapéu branco sentado numa cadeira de uma cadeira de um homem em um chapéu branco sentado numa cadeira de uma cadeira de um homem em um chapéu branco sentado numa cadeira de uma cadeira de um homem em um chapéu branco sentado numa cadeira de uma cadeira de um homem em um chapéu branco sentado numa cadeira de uma
2316,-1,,,,Um homem em um chapéu branco sentado numa cadeira de uma cadeira de um homem em um chapéu branco sentado numa cadeira de uma cadeira de um homem em um chapéu branco sentado numa cadeira de uma cadeira de um homem em um chapéu branco sentado numa cadeira de uma cadeira de um homem em um chapéu branco sentado numa cadeira de uma
2317,-1,,,,Um homem em um chapéu branco sentado numa cadeira de uma cadeira de um homem em um chapéu branco sentado numa cadeira de uma cadeira de um homem em um chapéu branco sentado numa cadeira de uma cadeira de um homem em um chapéu branco sentado numa cadeira de uma cadeira de um homem em um chapéu branco sentado numa cadeira de uma
2318,-1,,,,Um homem em um chapéu branco sentado numa cadeira de uma cadeira de um homem em um chapéu branco sentado numa cadeira de uma cadeira de um homem em um chapéu branco sentado numa cadeira de uma cadeira de um homem em um chapéu branco sentado numa cadeira de uma cadeira de um homem em um chapéu branco sentado numa cadeira de uma
2319,-1,,,,Um homem em um chapéu branco sentado em uma sala.
2320,-1,,,,Um homem em um jaleco branco está sentado numa cadeira em uma cadeira num jaleco branco está sentado numa cadeira.
2321,-1,,,,Um homem em um jaleco branco está sentado numa cadeira em uma cadeira num jaleco branco está sentado numa cadeira.
2322,-1,,,,Um homem em um jaleco branco está sentado numa cadeira em uma cadeira num jaleco branco está sentado numa cadeira.
2323,-1,,,,Um homem em um jaleco branco sentado numa cadeira de um assento de laboratório branco sentado numa cadeira de uma cadeira de um homem em um jaleco branco sentado numa cadeira de um cadeira de um homem num jaleco branco de laboratório sentado numa cadeira de uma cadeira de um homem num jaleco branco de
2324,-1,,,,Um homem em um jaleco branco sentado numa cadeira de um assento de laboratório branco sentado numa cadeira de uma cadeira de um homem em um jaleco branco sentado numa cadeira de um cadeira de um homem num jaleco branco de laboratório sentado numa cadeira de uma cadeira de um homem num jaleco branco de
2325,-1,,,,Um homem em um jaleco branco está sentado numa cadeira em uma cadeira num jaleco branco está sentado numa cadeira.
2326,-1,,,,Um homem em um jaleco branco sentado numa cadeira de um assento de laboratório branco sentado numa cadeira de uma cadeira de um homem em um jaleco branco sentado numa cadeira de um cadeira de um homem num jaleco branco de laboratório sentado numa cadeira de uma cadeira de um homem num jaleco branco de
2327,-1,,,,Um homem em um jaleco branco sentado numa cadeira de um assento de laboratório branco sentado numa cadeira de uma cadeira de um homem em um jaleco branco sentado numa cadeira de um cadeira de um homem num jaleco branco de laboratório sentado numa cadeira de uma cadeira de um homem num jaleco branco de
2328,-1,,,,Um homem em um jaleco branco sentado numa cadeira de um assento de laboratório branco sentado numa cadeira de uma cadeira de um homem em um jaleco branco sentado numa cadeira de um cadeira de um homem num jaleco branco de laboratório sentado numa cadeira de uma cadeira de um homem num jaleco branco de
2329,-1,,,,Um homem em um jaleco branco sentado numa cadeira de um assento de laboratório branco sentado numa cadeira de uma cadeira de um homem em um jaleco branco sentado numa cadeira de um cadeira de um homem num jaleco branco de laboratório sentado numa cadeira de uma cadeira de um homem num jaleco branco de
2330,-1,,,,Um homem em um jaleco branco sentado numa cadeira de um assento de laboratório branco sentado numa cadeira de uma cadeira de um homem em um jaleco branco sentado numa cadeira de um cadeira de um homem num jaleco branco de laboratório sentado numa cadeira de uma cadeira de um homem num jaleco branco de
2331,-1,,,,Um homem em um jaleco branco sentado numa cadeira de um assento de laboratório branco sentado numa cadeira de uma cadeira de um homem em um jaleco branco sentado numa cadeira de um cadeira de um homem num jaleco branco de laboratório sentado numa cadeira de uma cadeira de um homem num jaleco branco de
2332,-1,,,,Um homem em um jaleco branco sentado numa cadeira de um assento de laboratório branco sentado numa cadeira de uma cadeira de um homem em um jaleco branco sentado numa cadeira de um cadeira de um homem num jaleco branco de laboratório sentado numa cadeira de uma cadeira de um homem num jaleco branco de
2333,-1,,,,Um homem em um jaleco branco sentado numa cadeira de um assento de laboratório branco sentado numa cadeira de uma cadeira de um homem em um jaleco branco sentado numa cadeira de um cadeira de um homem num jaleco branco de laboratório sentado numa cadeira de uma cadeira de um homem num jaleco branco de
2334,-1,,,,Um homem em uma sala de hospital com um paciente em uma sala de hospital com um paciente em uma sala de hospital.
2335,-1,,,,Um homem em uma sala de hospital com um paciente em uma sala de hospital com um paciente em uma sala de hospital.
2336,-1,,,,Um homem em um jaleco branco sentado numa cadeira de um assento de laboratório branco sentado numa cadeira de uma cadeira de um homem em um jaleco branco sentado numa cadeira de um cadeira de um homem num jaleco branco de laboratório sentado numa cadeira de uma cadeira de um homem num jaleco branco de
2337,-1,,,,Um homem em uma sala de hospital com um paciente em uma sala de hospital com um paciente em uma sala de hospital.
2338,-1,,,,Um homem em um jaleco branco sentado numa cadeira de um assento de laboratório branco sentado numa cadeira de uma cadeira de um homem em um jaleco branco sentado numa cadeira de um cadeira de um homem num jaleco branco de laboratório sentado numa cadeira de uma cadeira de um homem num jaleco branco de
2339,-1,,,,Um homem em uma sala de hospital com um paciente em uma sala de hospital com um paciente em uma sala de hospital.
2340,-1,,,,Um homem em um jaleco branco sentado numa cadeira de um assento de laboratório branco sentado numa cadeira de uma cadeira de um homem em um jaleco branco sentado numa cadeira de um cadeira de um homem num jaleco branco de laboratório sentado numa cadeira de uma cadeira de um homem num jaleco branco de
2341,-1,,,,Um homem em um jaleco branco sentado numa cadeira de um assento de laboratório branco sentado numa cadeira de uma cadeira de um homem em um jaleco branco sentado numa cadeira de um cadeira de um homem num jaleco branco de laboratório sentado numa cadeira de uma cadeira de um homem num jaleco branco de
2342,-1,,,,Um homem em um jaleco branco sentado numa cadeira de um assento de laboratório branco sentado numa cadeira de uma cadeira de um homem em um jaleco branco sentado numa cadeira de um cadeira de um homem num jaleco branco de laboratório sentado numa cadeira de uma cadeira de um homem num jaleco branco de
2343,-1,,,,Um homem em uma sala de hospital com um paciente em uma sala de hospital com um paciente em uma sala de hospital.
2344,-1,,,,Um homem em uma sala de hospital com um paciente em uma sala de hospital com um paciente em uma sala de hospital.
2345,-1,,,,Um homem em uma sala de hospital com um paciente em uma sala de hospital com um paciente em uma sala de hospital.
2346,-1,,,,Um homem em uma sala de hospital com uma luz sobre a luz de um homem em uma sala de hospital com uma luz sobre a luz de um homem em uma sala de hospital com uma luz sobre a luz de um homem em uma sala de hospital com uma luz sobre a luz de um homem em uma sala de hospital
2347,-1,,,,Um homem em uma sala de hospital com um paciente em uma sala de hospital com um paciente em uma sala de hospital.
2348,-1,,,,Um homem em uma sala de hospital com uma luz sobre a luz de um homem em uma sala de hospital com uma luz sobre a luz de um homem em uma sala de hospital com uma luz sobre a luz de um homem em uma sala de hospital com uma luz sobre a luz de um homem em uma sala de hospital
2349,-1,,,,Um homem em uma sala de hospital com uma luz sobre a luz de um homem em uma sala de hospital com uma luz sobre a luz de um homem em uma sala de hospital com uma luz sobre a luz de um homem em uma sala de hospital com uma luz sobre a luz de um homem em uma sala de hospital
2350,-1,,,,Um homem em uma sala de hospital com uma luz sobre a luz de um homem em uma sala de hospital com uma luz sobre a luz de um homem em uma sala de hospital com uma luz sobre a luz de um homem em uma sala de hospital com uma luz sobre a luz de um homem em uma sala de hospital
2351,-1,,,,Um homem em uma sala de hospital com uma luz sobre a luz de um homem em uma sala de hospital com uma luz sobre a luz de um homem em uma sala de hospital com uma luz sobre a luz de um homem em uma sala de hospital com uma luz sobre a luz de um homem em uma sala de hospital
2352,-1,,,,Um homem em um jaleco branco sentado numa cadeira de um assento de laboratório branco sentado numa cadeira de uma cadeira de um homem em um jaleco branco sentado numa cadeira de um cadeira de um homem num jaleco branco de laboratório sentado numa cadeira de uma cadeira de um homem num jaleco branco de
2353,-1,,,,Um homem em um jaleco branco sentado numa cadeira de um assento de laboratório branco sentado numa cadeira de uma cadeira de um homem em um jaleco branco sentado numa cadeira de um cadeira de um homem num jaleco branco de laboratório sentado numa cadeira de uma cadeira de um homem num jaleco branco de
2354,-1,,,,Um homem em um jaleco branco sentado numa cadeira de um assento de laboratório branco sentado numa cadeira de uma cadeira de um homem em um jaleco branco sentado numa cadeira de um cadeira de um homem num jaleco branco de laboratório sentado numa cadeira de uma cadeira de um homem num jaleco branco de
2355,-1,,,,Um homem em uma sala de hospital com uma luz sobre a luz de um homem em uma sala de hospital com uma luz sobre a luz de um homem em uma sala de hospital com uma luz sobre a luz de um homem em uma sala de hospital com uma luz sobre a luz de um homem em uma sala de hospital
2356,-1,,,,Um homem em uma sala de hospital com uma luz sobre a luz de um homem em uma sala de hospital com uma luz sobre a luz de um homem em uma sala de hospital com uma luz sobre a luz de um homem em uma sala de hospital com uma luz sobre a luz de um homem em uma sala de hospital
2357,-1,,,,Um homem em uma sala de hospital com uma luz sobre a luz de um homem em uma sala de hospital com uma luz sobre a luz de um homem em uma sala de hospital com uma luz sobre a luz de um homem em uma sala de hospital com uma luz sobre a luz de um homem em uma sala de hospital
2358,-1,,,,Um homem em uma sala de hospital com uma luz sobre a luz de um homem em uma sala de hospital com uma luz sobre a luz de um homem em uma sala de hospital com uma luz sobre a luz de um homem em uma sala de hospital com uma luz sobre a luz de um homem em uma sala de hospital
2359,-1,,,,Um homem em uma sala de hospital com uma luz sobre a luz de um homem em uma sala de hospital com uma luz sobre a luz de um homem em uma sala de hospital com uma luz sobre a luz de um homem em uma sala de hospital com uma luz sobre a luz de um homem em uma sala de hospital
2360,-1,,,,"Um homem em um papagaio branco sentado em uma sala de hospital, em uma sala de hospital, em um quarto de um hospital, em um homem de um lobo branco sentado em uma sala de hospital."
2361,-1,,,,Um homem em um jaleco branco está sentado numa cadeira em uma cadeira num jaleco branco está sentado numa cadeira.
2362,-1,,,,Um homem em um jaleco branco sentado numa cadeira de um assento de laboratório branco sentado numa cadeira de uma cadeira de um homem em um jaleco branco sentado numa cadeira de um cadeira de um homem num jaleco branco de laboratório sentado numa cadeira de uma cadeira de um homem num jaleco branco de
2363,-1,,,,Um homem em um jaleco branco está sentado numa cadeira em uma cadeira num jaleco branco está sentado numa cadeira.
2364,-1,,,,Um homem em um jaleco branco está sentado numa cadeira em uma cadeira num jaleco branco está sentado numa cadeira.
2365,-1,,,,Um homem em um jaleco branco está sentado numa cadeira em uma cadeira num jaleco branco está sentado numa cadeira.
2366,-1,,,,Um homem em um jaleco branco está sentado numa cadeira em uma cadeira num jaleco branco está sentado numa cadeira.
2367,-1,,,,Um homem em um jaleco branco sentado numa cadeira de um assento de laboratório branco sentado numa cadeira de uma cadeira de um homem em um jaleco branco sentado numa cadeira de um cadeira de um homem num jaleco branco de laboratório sentado numa cadeira de uma cadeira de um homem num jaleco branco de
2368,-1,,,,Um homem em um jaleco branco sentado numa cadeira de um assento de laboratório branco sentado numa cadeira de uma cadeira de um homem em um jaleco branco sentado numa cadeira de um cadeira de um homem num jaleco branco de laboratório sentado numa cadeira de uma cadeira de um homem num jaleco branco de
2369,-1,,,,Um homem em uma sala de hospital com uma luz sobre a luz de um homem em uma sala de hospital com uma luz sobre a luz de um homem em uma sala de hospital com uma luz sobre a luz de um homem em uma sala de hospital com uma luz sobre a luz de um homem em uma sala de hospital
2370,1,pessoa1,Triste,78.3895492553711,Uma mulher em um papagaio branco sentada em uma cadeira de hospitalização.
2371,1,pessoa1,Medo,81.23272705078125,Uma mulher em um papagaio branco sentada em uma cadeira de hospitalização.
2372,1,pessoa1,Medo,85.46730041503906,Uma mulher em um papagaio branco sentada em uma cadeira de hospitalização.
2373,1,pessoa1,Medo,87.4037094116211,"Uma mulher em um papagaio branco sentada numa cadeira de uma cadeira de um lugar branco, sentado numa cadeira de um lugar branco, sentado numa cadeira de um lugar branco, sentado numa cadeira de um lugar branco, sentado numa cadeira de um lugar branco, sentado numa cadeira de um lugar branco, sentado numa cadeira de um"
2374,1,pessoa1,Medo,40.681121826171875,Uma mulher em um papagaio branco sentada em uma cadeira de hospitalização.
2375,1,pessoa1,Alegre,73.69971466064453,Uma mulher em um papagaio branco sentada em uma cadeira de hospitalização.
2376,1,pessoa1,Alegre,62.71427917480469,Uma mulher em um papagaio branco sentada em uma cadeira de hospitalização.
2377,1,pessoa1,Alegre,63.24832534790039,Uma mulher em um papagaio branco sentada em uma cadeira de hospitalização.
2378,1,pessoa1,Neutro,76.2771224975586,Uma mulher em um papagaio branco sentada em uma cadeira de hospitalização.
2379,1,pessoa1,Medo,71.26837158203125,Uma mulher em um papagaio branco sentada em uma cadeira de hospitalização.
2380,1,pessoa1,Medo,84.9483871459961,Uma mulher em um papagaio branco sentada em uma cadeira de hospitalização.
2381,1,pessoa1,Medo,81.21814727783203,Uma mulher em um papagaio branco senta-se em uma cadeira de hospitalização.
2382,1,pessoa1,Medo,78.64691162109375,Uma mulher em um papagaio branco senta-se em uma cadeira de hospitalização.
2383,1,pessoa1,Triste,70.12332916259766,Uma mulher em um papagaio branco senta-se em uma cadeira de hospitalização.
2384,1,pessoa1,Medo,90.11528015136719,Uma mulher em um papagaio branco senta-se em uma cadeira de hospitalização.
2385,1,pessoa1,Medo,82.28559112548828,Uma mulher em um papagaio branco senta-se em uma cadeira de hospitalização.
2386,1,pessoa1,Triste,41.84150695800781,Uma mulher em um papagaio branco senta-se em uma cadeira de hospitalização.
2387,1,pessoa1,Triste,47.54613494873047,Uma mulher em um papagaio branco senta-se em uma cadeira de hospitalização.
2388,1,pessoa1,Raiva,38.441314697265625,Uma mulher em um papagaio branco senta-se em uma cadeira de hospitalização.
2389,1,pessoa1,Medo,49.050838470458984,Uma mulher em um papagaio branco senta-se em uma cadeira de hospitalização.
2390,1,pessoa1,Medo,63.15208435058594,Uma mulher em um papagaio branco senta-se em uma cadeira de hospitalização.
2391,1,pessoa1,Medo,91.39964294433594,Uma mulher em um papagaio branco senta-se em uma cadeira de hospitalização.
2392,1,pessoa1,Medo,92.91808319091797,Uma mulher em um papagaio branco senta-se em uma cadeira de hospitalização.
2393,1,pessoa1,Medo,63.83003616333008,Uma mulher em um papagaio branco senta-se em uma cadeira de hospitalização.
2394,1,pessoa1,Medo,61.57405090332031,Uma mulher em um papagaio branco senta-se em uma cadeira de hospitalização.
2395,1,pessoa1,Triste,55.78356170654297,Uma mulher em um papagaio branco senta-se em uma cadeira de hospitalização.
2396,1,pessoa1,Medo,87.13095092773438,Uma mulher em um papagaio branco senta-se em uma cadeira de hospitalização.
2397,1,pessoa1,Medo,81.66053771972656,Uma mulher em um papagaio branco senta-se em uma cadeira de hospitalização.
2398,1,pessoa1,Medo,33.68678665161133,Uma mulher em um papagaio branco senta-se em uma cadeira de hospitalização.
2399,1,pessoa1,Medo,76.0901870727539,Uma mulher em um papagaio branco senta-se em uma cadeira de hospitalização.
2400,-1,,,,"Um grupo de pessoas sentadas em torno de uma mesa, sentadas em torno de uma mesa, sentadas em torno de uma mesa, sentadas em torno de uma mesa, sentadas em torno de uma mesa, sentadas em torno de uma mesa, sentadas em torno"
2401,-1,,,,"Um grupo de pessoas sentadas em torno de uma mesa, sentadas em torno de uma mesa, sentadas em torno de uma mesa, sentadas em torno de uma mesa, sentadas em torno de uma mesa, sentadas em torno de uma mesa, sentadas em torno"
2402,-1,,,,"Um grupo de pessoas sentadas em torno de uma mesa, sentadas em torno de uma mesa, sentadas em torno de uma mesa, sentadas em torno de uma mesa, sentadas em torno de uma mesa, sentadas em torno de uma mesa, sentadas em torno"
2403,-1,,,,"Um grupo de pessoas sentados em uma mesa em um consultório, sentando-se em uma mesa, em uma mesa, em uma mesa, em uma mesa, em uma mesa, em uma mesa, em uma mesa, em uma mesa, em uma mesa, em uma mesa, em uma mesa"
2404,-1,,,,"Um grupo de pessoas sentadas em torno de uma mesa, sentadas em torno de uma mesa, sentadas em torno de uma mesa, sentadas em torno de uma mesa, sentadas em torno de uma mesa, sentadas em torno de uma mesa, sentadas em torno"
2405,-1,,,,vídeo - vídeo - vídeo - vídeo - vídeo - vídeo - vídeo - vídeo - vídeo - vídeo - vídeo - vídeo - vídeo - vídeo - vídeo - vídeo - vídeo - vídeo - vídeo - vídeo - vídeo - vídeo - vídeo - vídeo - vídeo - vídeo - vídeo - vídeo - vídeo - vídeo - vídeo - vídeo
2406,-1,,,,"Um grupo de pessoas sentados em uma mesa em um consultório, sentando-se em uma mesa, em uma mesa, em uma mesa, em uma mesa, em uma mesa, em uma mesa, em uma mesa, em uma mesa, em uma mesa, em uma mesa, em uma mesa"
2407,-1,,,,vídeo - vídeo - vídeo - vídeo - vídeo - vídeo - vídeo - vídeo - vídeo - vídeo - vídeo - vídeo - vídeo - vídeo - vídeo - vídeo - vídeo - vídeo - vídeo - vídeo - vídeo - vídeo - vídeo - vídeo - vídeo - vídeo - vídeo - vídeo - vídeo - vídeo - vídeo - vídeo
2408,-1,,,,vídeo - vídeo - vídeo - vídeo - vídeo - vídeo - vídeo - vídeo - vídeo - vídeo - vídeo - vídeo - vídeo - vídeo - vídeo - vídeo - vídeo - vídeo - vídeo - vídeo - vídeo - vídeo - vídeo - vídeo - vídeo - vídeo - vídeo - vídeo - vídeo - vídeo - vídeo - vídeo
2409,-1,,,,vídeo - vídeo - vídeo - vídeo - vídeo - vídeo - vídeo - vídeo - vídeo - vídeo - vídeo - vídeo - vídeo - vídeo - vídeo - vídeo - vídeo - vídeo - vídeo - vídeo - vídeo - vídeo - vídeo - vídeo - vídeo - vídeo - vídeo - vídeo - vídeo - vídeo - vídeo - vídeo
2410,-1,,,,vídeo - vídeo - vídeo - vídeo - vídeo - vídeo - vídeo - vídeo - vídeo - vídeo - vídeo - vídeo - vídeo - vídeo - vídeo - vídeo - vídeo - vídeo - vídeo - vídeo - vídeo - vídeo - vídeo - vídeo - vídeo - vídeo - vídeo - vídeo - vídeo - vídeo - vídeo - vídeo
2411,-1,,,,vídeo - vídeo - vídeo - vídeo - vídeo - vídeo - vídeo - vídeo - vídeo - vídeo - vídeo - vídeo - vídeo - vídeo - vídeo - vídeo - vídeo - vídeo - vídeo - vídeo - vídeo - vídeo - vídeo - vídeo - vídeo - vídeo - vídeo - vídeo - vídeo - vídeo - vídeo - vídeo
2412,-1,,,,vídeo - vídeo - vídeo - vídeo - vídeo - vídeo - vídeo - vídeo - vídeo - vídeo - vídeo - vídeo - vídeo - vídeo - vídeo - vídeo - vídeo - vídeo - vídeo - vídeo - vídeo - vídeo - vídeo - vídeo - vídeo - vídeo - vídeo - vídeo - vídeo - vídeo - vídeo - vídeo
2413,-1,,,,vídeo - vídeo - vídeo - vídeo - vídeo - vídeo - vídeo - vídeo - vídeo - vídeo - vídeo - vídeo - vídeo - vídeo - vídeo - vídeo - vídeo - vídeo - vídeo - vídeo - vídeo - vídeo - vídeo - vídeo - vídeo - vídeo - vídeo - vídeo - vídeo - vídeo - vídeo - vídeo
2414,-1,,,,vídeo - vídeo - vídeo - vídeo - vídeo - vídeo - vídeo - vídeo - vídeo - vídeo - vídeo - vídeo - vídeo - vídeo - vídeo - vídeo - vídeo - vídeo - vídeo - vídeo - vídeo - vídeo - vídeo - vídeo - vídeo - vídeo - vídeo - vídeo - vídeo - vídeo - vídeo - vídeo
2415,-1,,,,vídeo - vídeo - vídeo - vídeo - vídeo - vídeo - vídeo - vídeo - vídeo - vídeo - vídeo - vídeo - vídeo - vídeo - vídeo - vídeo - vídeo - vídeo - vídeo - vídeo - vídeo - vídeo - vídeo - vídeo - vídeo - vídeo - vídeo - vídeo - vídeo - vídeo - vídeo - vídeo
2416,-1,,,,vídeo - vídeo - vídeo - vídeo - vídeo - vídeo - vídeo - vídeo - vídeo - vídeo - vídeo - vídeo - vídeo - vídeo - vídeo - vídeo - vídeo - vídeo - vídeo - vídeo - vídeo - vídeo - vídeo - vídeo - vídeo - vídeo - vídeo - vídeo - vídeo - vídeo - vídeo - vídeo
2417,-1,,,,vídeo - vídeo - vídeo - vídeo - vídeo - vídeo - vídeo - vídeo - vídeo - vídeo - vídeo - vídeo - vídeo - vídeo - vídeo - vídeo - vídeo - vídeo - vídeo - vídeo - vídeo - vídeo - vídeo - vídeo - vídeo - vídeo - vídeo - vídeo - vídeo - vídeo - vídeo - vídeo
2418,-1,,,,vídeo - vídeo - vídeo - vídeo - vídeo - vídeo - vídeo - vídeo - vídeo - vídeo - vídeo - vídeo - vídeo - vídeo - vídeo - vídeo - vídeo - vídeo - vídeo - vídeo - vídeo - vídeo - vídeo - vídeo - vídeo - vídeo - vídeo - vídeo - vídeo - vídeo - vídeo - vídeo
2419,-1,,,,vídeo - vídeo - vídeo - vídeo - vídeo - vídeo - vídeo - vídeo - vídeo - vídeo - vídeo - vídeo - vídeo - vídeo - vídeo - vídeo - vídeo - vídeo - vídeo - vídeo - vídeo - vídeo - vídeo - vídeo - vídeo - vídeo - vídeo - vídeo - vídeo - vídeo - vídeo - vídeo
2420,-1,,,,vídeo - vídeo - vídeo - vídeo - vídeo - vídeo - vídeo - vídeo - vídeo - vídeo - vídeo - vídeo - vídeo - vídeo - vídeo - vídeo - vídeo - vídeo - vídeo - vídeo - vídeo - vídeo - vídeo - vídeo - vídeo - vídeo - vídeo - vídeo - vídeo - vídeo - vídeo - vídeo
2421,-1,,,,vídeo - vídeo - vídeo - vídeo - vídeo - vídeo - vídeo - vídeo - vídeo - vídeo - vídeo - vídeo - vídeo - vídeo - vídeo - vídeo - vídeo - vídeo - vídeo - vídeo - vídeo - vídeo - vídeo - vídeo - vídeo - vídeo - vídeo - vídeo - vídeo - vídeo - vídeo - vídeo
2422,-1,,,,vídeo - vídeo - vídeo - vídeo - vídeo - vídeo - vídeo - vídeo - vídeo - vídeo - vídeo - vídeo - vídeo - vídeo - vídeo - vídeo - vídeo - vídeo - vídeo - vídeo - vídeo - vídeo - vídeo - vídeo - vídeo - vídeo - vídeo - vídeo - vídeo - vídeo - vídeo - vídeo
2423,-1,,,,vídeo - vídeo - vídeo - vídeo - vídeo - vídeo - vídeo - vídeo - vídeo - vídeo - vídeo - vídeo - vídeo - vídeo - vídeo - vídeo - vídeo - vídeo - vídeo - vídeo - vídeo - vídeo - vídeo - vídeo - vídeo - vídeo - vídeo - vídeo - vídeo - vídeo - vídeo - vídeo
2424,-1,,,,vídeo - vídeo - vídeo - vídeo - vídeo - vídeo - vídeo - vídeo - vídeo - vídeo - vídeo - vídeo - vídeo - vídeo - vídeo - vídeo - vídeo - vídeo - vídeo - vídeo - vídeo - vídeo - vídeo - vídeo - vídeo - vídeo - vídeo - vídeo - vídeo - vídeo - vídeo - vídeo
2425,-1,,,,vídeo - vídeo - vídeo - vídeo - vídeo - vídeo - vídeo - vídeo - vídeo - vídeo - vídeo - vídeo - vídeo - vídeo - vídeo - vídeo - vídeo - vídeo - vídeo - vídeo - vídeo - vídeo - vídeo - vídeo - vídeo - vídeo - vídeo - vídeo - vídeo - vídeo - vídeo - vídeo
2426,-1,,,,vídeo - vídeo - vídeo - vídeo - vídeo - vídeo - vídeo - vídeo - vídeo - vídeo - vídeo - vídeo - vídeo - vídeo - vídeo - vídeo - vídeo - vídeo - vídeo - vídeo - vídeo - vídeo - vídeo - vídeo - vídeo - vídeo - vídeo - vídeo - vídeo - vídeo - vídeo - vídeo
2427,-1,,,,vídeo - vídeo - vídeo - vídeo - vídeo - vídeo - vídeo - vídeo - vídeo - vídeo - vídeo - vídeo - vídeo - vídeo - vídeo - vídeo - vídeo - vídeo - vídeo - vídeo - vídeo - vídeo - vídeo - vídeo - vídeo - vídeo - vídeo - vídeo - vídeo - vídeo - vídeo - vídeo
2428,-1,,,,vídeo - vídeo - vídeo - vídeo - vídeo - vídeo - vídeo - vídeo - vídeo - vídeo - vídeo - vídeo - vídeo - vídeo - vídeo - vídeo - vídeo - vídeo - vídeo - vídeo - vídeo - vídeo - vídeo - vídeo - vídeo - vídeo - vídeo - vídeo - vídeo - vídeo - vídeo - vídeo
2429,-1,,,,vídeo - vídeo - vídeo - vídeo - vídeo - vídeo - vídeo - vídeo - vídeo - vídeo - vídeo - vídeo - vídeo - vídeo - vídeo - vídeo - vídeo - vídeo - vídeo - vídeo - vídeo - vídeo - vídeo - vídeo - vídeo - vídeo - vídeo - vídeo - vídeo - vídeo - vídeo - vídeo
2430,-1,,,,vídeo - vídeo - vídeo - vídeo - vídeo - vídeo - vídeo - vídeo - vídeo - vídeo - vídeo - vídeo - vídeo - vídeo - vídeo - vídeo - vídeo - vídeo - vídeo - vídeo - vídeo - vídeo - vídeo - vídeo - vídeo - vídeo - vídeo - vídeo - vídeo - vídeo - vídeo - vídeo
2431,-1,,,,vídeo - vídeo - vídeo - vídeo - vídeo - vídeo - vídeo - vídeo - vídeo - vídeo - vídeo - vídeo - vídeo - vídeo - vídeo - vídeo - vídeo - vídeo - vídeo - vídeo - vídeo - vídeo - vídeo - vídeo - vídeo - vídeo - vídeo - vídeo - vídeo - vídeo - vídeo - vídeo
2432,-1,,,,vídeo - vídeo - vídeo - vídeo - vídeo - vídeo - vídeo - vídeo - vídeo - vídeo - vídeo - vídeo - vídeo - vídeo - vídeo - vídeo - vídeo - vídeo - vídeo - vídeo - vídeo - vídeo - vídeo - vídeo - vídeo - vídeo - vídeo - vídeo - vídeo - vídeo - vídeo - vídeo
2433,-1,,,,vídeo - vídeo - vídeo - vídeo - vídeo - vídeo - vídeo - vídeo - vídeo - vídeo - vídeo - vídeo - vídeo - vídeo - vídeo - vídeo - vídeo - vídeo - vídeo - vídeo - vídeo - vídeo - vídeo - vídeo - vídeo - vídeo - vídeo - vídeo - vídeo - vídeo - vídeo - vídeo
2434,14,pessoa14,Triste,98.71240234375,vídeo - vídeo - vídeo - vídeo - vídeo - vídeo - vídeo - vídeo - vídeo - vídeo - vídeo - vídeo - vídeo - vídeo - vídeo - vídeo - vídeo - vídeo - vídeo - vídeo - vídeo - vídeo - vídeo - vídeo - vídeo - vídeo - vídeo - vídeo - vídeo - vídeo - vídeo - vídeo
2435,-1,,,,vídeo - vídeo - vídeo - vídeo - vídeo - vídeo - vídeo - vídeo - vídeo - vídeo - vídeo - vídeo - vídeo - vídeo - vídeo - vídeo - vídeo - vídeo - vídeo - vídeo - vídeo - vídeo - vídeo - vídeo - vídeo - vídeo - vídeo - vídeo - vídeo - vídeo - vídeo - vídeo
2436,-1,,,,vídeo - vídeo - vídeo - vídeo - vídeo - vídeo - vídeo - vídeo - vídeo - vídeo - vídeo - vídeo - vídeo - vídeo - vídeo - vídeo - vídeo - vídeo - vídeo - vídeo - vídeo - vídeo - vídeo - vídeo - vídeo - vídeo - vídeo - vídeo - vídeo - vídeo - vídeo - vídeo
2437,-1,,,,vídeo - vídeo - vídeo - vídeo - vídeo - vídeo - vídeo - vídeo - vídeo - vídeo - vídeo - vídeo - vídeo - vídeo - vídeo - vídeo - vídeo - vídeo - vídeo - vídeo - vídeo - vídeo - vídeo - vídeo - vídeo - vídeo - vídeo - vídeo - vídeo - vídeo - vídeo - vídeo
2438,-1,,,,vídeo - vídeo - vídeo - vídeo - vídeo - vídeo - vídeo - vídeo - vídeo - vídeo - vídeo - vídeo - vídeo - vídeo - vídeo - vídeo - vídeo - vídeo - vídeo - vídeo - vídeo - vídeo - vídeo - vídeo - vídeo - vídeo - vídeo - vídeo - vídeo - vídeo - vídeo - vídeo
2439,-1,,,,vídeo - vídeo - vídeo - vídeo - vídeo - vídeo - vídeo - vídeo - vídeo - vídeo - vídeo - vídeo - vídeo - vídeo - vídeo - vídeo - vídeo - vídeo - vídeo - vídeo - vídeo - vídeo - vídeo - vídeo - vídeo - vídeo - vídeo - vídeo - vídeo - vídeo - vídeo - vídeo
2440,-1,,,,vídeo - vídeo - vídeo - vídeo - vídeo - vídeo - vídeo - vídeo - vídeo - vídeo - vídeo - vídeo - vídeo - vídeo - vídeo - vídeo - vídeo - vídeo - vídeo - vídeo - vídeo - vídeo - vídeo - vídeo - vídeo - vídeo - vídeo - vídeo - vídeo - vídeo - vídeo - vídeo
2441,-1,,,,vídeo - vídeo - vídeo - vídeo - vídeo - vídeo - vídeo - vídeo - vídeo - vídeo - vídeo - vídeo - vídeo - vídeo - vídeo - vídeo - vídeo - vídeo - vídeo - vídeo - vídeo - vídeo - vídeo - vídeo - vídeo - vídeo - vídeo - vídeo - vídeo - vídeo - vídeo - vídeo
2442,-1,,,,vídeo - vídeo - vídeo - vídeo - vídeo - vídeo - vídeo - vídeo - vídeo - vídeo - vídeo - vídeo - vídeo - vídeo - vídeo - vídeo - vídeo - vídeo - vídeo - vídeo - vídeo - vídeo - vídeo - vídeo - vídeo - vídeo - vídeo - vídeo - vídeo - vídeo - vídeo - vídeo
2443,-1,,,,vídeo - vídeo - vídeo - vídeo - vídeo - vídeo - vídeo - vídeo - vídeo - vídeo - vídeo - vídeo - vídeo - vídeo - vídeo - vídeo - vídeo - vídeo - vídeo - vídeo - vídeo - vídeo - vídeo - vídeo - vídeo - vídeo - vídeo - vídeo - vídeo - vídeo - vídeo - vídeo
2444,-1,,,,vídeo - vídeo - vídeo - vídeo - vídeo - vídeo - vídeo - vídeo - vídeo - vídeo - vídeo - vídeo - vídeo - vídeo - vídeo - vídeo - vídeo - vídeo - vídeo - vídeo - vídeo - vídeo - vídeo - vídeo - vídeo - vídeo - vídeo - vídeo - vídeo - vídeo - vídeo - vídeo
2445,-1,,,,vídeo - vídeo - vídeo - vídeo - vídeo - vídeo - vídeo - vídeo - vídeo - vídeo - vídeo - vídeo - vídeo - vídeo - vídeo - vídeo - vídeo - vídeo - vídeo - vídeo - vídeo - vídeo - vídeo - vídeo - vídeo - vídeo - vídeo - vídeo - vídeo - vídeo - vídeo - vídeo
2446,-1,,,,vídeo - vídeo - vídeo - vídeo - vídeo - vídeo - vídeo - vídeo - vídeo - vídeo - vídeo - vídeo - vídeo - vídeo - vídeo - vídeo - vídeo - vídeo - vídeo - vídeo - vídeo - vídeo - vídeo - vídeo - vídeo - vídeo - vídeo - vídeo - vídeo - vídeo - vídeo - vídeo
2447,-1,,,,vídeo - vídeo - vídeo - vídeo - vídeo - vídeo - vídeo - vídeo - vídeo - vídeo - vídeo - vídeo - vídeo - vídeo - vídeo - vídeo - vídeo - vídeo - vídeo - vídeo - vídeo - vídeo - vídeo - vídeo - vídeo - vídeo - vídeo - vídeo - vídeo - vídeo - vídeo - vídeo
2448,-1,,,,vídeo - vídeo - vídeo - vídeo - vídeo - vídeo - vídeo - vídeo - vídeo - vídeo - vídeo - vídeo - vídeo - vídeo - vídeo - vídeo - vídeo - vídeo - vídeo - vídeo - vídeo - vídeo - vídeo - vídeo - vídeo - vídeo - vídeo - vídeo - vídeo - vídeo - vídeo - vídeo
2449,-1,,,,vídeo - vídeo - vídeo - vídeo - vídeo - vídeo - vídeo - vídeo - vídeo - vídeo - vídeo - vídeo - vídeo - vídeo - vídeo - vídeo - vídeo - vídeo - vídeo - vídeo - vídeo - vídeo - vídeo - vídeo - vídeo - vídeo - vídeo - vídeo - vídeo - vídeo - vídeo - vídeo
2450,-1,,,,vídeo - vídeo - vídeo - vídeo - vídeo - vídeo - vídeo - vídeo - vídeo - vídeo - vídeo - vídeo - vídeo - vídeo - vídeo - vídeo - vídeo - vídeo - vídeo - vídeo - vídeo - vídeo - vídeo - vídeo - vídeo - vídeo - vídeo - vídeo - vídeo - vídeo - vídeo - vídeo
2451,-1,,,,"Uma sentada de homem em uma mesa com um laptop, sentada em uma mesa com um laptop, sentada em uma mesa com um laptop, sentado em uma mesa com um laptop, sentado em uma mesa com um lábio."
2452,15,pessoa15,Triste,91.2350845336914,"Uma sentada de homem em uma mesa com um laptop, sentada em uma mesa com um laptop, sentada em uma mesa com um laptop, sentado em uma mesa com um laptop, sentado em uma mesa com um lábio."
2453,15,pessoa15,Triste,57.791805267333984,Um homem sentado sentado numa mesa num escritório num escritório.
2454,15,pessoa15,Triste,72.1593246459961,Um homem sentado sentado numa mesa num escritório num escritório.
2455,-1,,,,"Uma sentada de homem em uma mesa com um laptop, sentada em uma mesa com um laptop, sentada em uma mesa com um laptop, sentado em uma mesa com um laptop, sentado em uma mesa com um lábio."
2456,15,pessoa15,Triste,99.54354858398438,"Uma sentada de homem em uma mesa com um laptop, sentada em uma mesa com um laptop, sentada em uma mesa com um laptop, sentado em uma mesa com um laptop, sentado em uma mesa com um lábio."
2457,15,pessoa15,Triste,97.07907104492188,"Uma sentada de homem em uma mesa com um laptop, sentada em uma mesa com um laptop, sentada em uma mesa com um laptop, sentado em uma mesa com um laptop, sentado em uma mesa com um lábio."
2458,15,pessoa15,Triste,94.23104095458984,"Um homem e uma mulher sentados numa mesa num escritório, numa mesa, numa mesa, numa mesa, numa mesa, numa mesa, numa mesa, numa mesa, numa mesa, numa mesa, numa mesa, numa mesa, numa mesa, numa mesa, numa mesa, numa mesa, numa mesa, numa mesa,"
2459,15,pessoa15,Triste,99.11351776123047,"Um homem e uma mulher sentados numa mesa num escritório, numa mesa, numa mesa, numa mesa, numa mesa, numa mesa, numa mesa, numa mesa, numa mesa, numa mesa, numa mesa, numa mesa, numa mesa, numa mesa, numa mesa, numa mesa, numa mesa, numa mesa,"
2460,15,pessoa15,Triste,99.98323822021484,"Um homem e uma mulher sentados numa mesa num escritório, numa mesa, numa mesa, numa mesa, numa mesa, numa mesa, numa mesa, numa mesa, numa mesa, numa mesa, numa mesa, numa mesa, numa mesa, numa mesa, numa mesa, numa mesa, numa mesa, numa mesa,"
2461,15,pessoa15,Triste,99.98686218261719,"Um homem e uma mulher sentados numa mesa num escritório, numa mesa, numa mesa, numa mesa, numa mesa, numa mesa, numa mesa, numa mesa, numa mesa, numa mesa, numa mesa, numa mesa, numa mesa, numa mesa, numa mesa, numa mesa, numa mesa, numa mesa,"
2462,-1,,,,"Um homem e uma mulher sentados numa mesa num escritório, numa mesa, numa mesa, numa mesa, numa mesa, numa mesa, numa mesa, numa mesa, numa mesa, numa mesa, numa mesa, numa mesa, numa mesa, numa mesa, numa mesa, numa mesa, numa mesa, numa mesa,"
2463,15,pessoa15,Triste,99.8916244506836,"Um homem e uma mulher sentados numa mesa num escritório, numa mesa, numa mesa, numa mesa, numa mesa, numa mesa, numa mesa, numa mesa, numa mesa, numa mesa, numa mesa, numa mesa, numa mesa, numa mesa, numa mesa, numa mesa, numa mesa, numa mesa,"
2464,15,pessoa15,Triste,99.99700164794922,"Um homem e uma mulher sentados numa mesa num escritório, numa mesa, numa mesa, numa mesa, numa mesa, numa mesa, numa mesa, numa mesa, numa mesa, numa mesa, numa mesa, numa mesa, numa mesa, numa mesa, numa mesa, numa mesa, numa mesa, numa mesa,"
2465,-1,,,,"Um homem e uma mulher sentados numa mesa num escritório, numa mesa, numa mesa, numa mesa, numa mesa, numa mesa, numa mesa, numa mesa, numa mesa, numa mesa, numa mesa, numa mesa, numa mesa, numa mesa, numa mesa, numa mesa, numa mesa, numa mesa,"
2466,-1,,,,"Um homem e uma mulher sentados numa mesa num escritório, numa mesa, numa mesa, numa mesa, numa mesa, numa mesa, numa mesa, numa mesa, numa mesa, numa mesa, numa mesa, numa mesa, numa mesa, numa mesa, numa mesa, numa mesa, numa mesa, numa mesa,"
2467,-1,,,,"Um homem e uma mulher sentados numa mesa num escritório, numa mesa, numa mesa, numa mesa, numa mesa, numa mesa, numa mesa, numa mesa, numa mesa, numa mesa, numa mesa, numa mesa, numa mesa, numa mesa, numa mesa, numa mesa, numa mesa, numa mesa,"
2468,-1,,,,"Um homem e uma mulher sentados numa mesa num escritório, numa mesa, numa mesa, numa mesa, numa mesa, numa mesa, numa mesa, numa mesa, numa mesa, numa mesa, numa mesa, numa mesa, numa mesa, numa mesa, numa mesa, numa mesa, numa mesa, numa mesa,"
2469,15,pessoa15,Triste,99.25341033935547,"Um homem e uma mulher sentados numa mesa num escritório, numa mesa, numa mesa, numa mesa, numa mesa, numa mesa, numa mesa, numa mesa, numa mesa, numa mesa, numa mesa, numa mesa, numa mesa, numa mesa, numa mesa, numa mesa, numa mesa, numa mesa,"
2470,15,pessoa15,Triste,87.5432357788086,"Uma mulher sentada em uma mesa com um laptop, sentado em uma mesa, com um laptop, sentado em uma mesa."
2471,15,pessoa15,Triste,99.99982452392578,"Uma mulher sentada em uma mesa com um laptop, sentado em uma mesa, com um laptop, sentado em uma mesa."
2472,15,pessoa15,Medo,64.15538024902344,"Uma mulher sentada numa mesa com um laptop, sentado numa mesa com um laptop, sentada numa mesa com um laptop, sentada numa mesa com um laptop, sentada numa mesa com um laptop, sentada numa mesa com um laptop, sentada"
2473,15,pessoa15,Surpreso,91.21015930175781,"Uma mulher sentada numa mesa com um laptop, sentado numa mesa com um laptop, sentada numa mesa com um laptop, sentada numa mesa com um laptop, sentada numa mesa com um laptop, sentada numa mesa com um laptop, sentada"
2474,15,pessoa15,Neutro,45.65187072753906,"Uma mulher sentada numa mesa com um laptop, sentado numa mesa com um laptop, sentada numa mesa com um laptop, sentada numa mesa com um laptop, sentada numa mesa com um laptop, sentada numa mesa com um laptop, sentada"
2475,-1,,,,"Uma mulher sentada em uma mesa com um laptop, sentado em uma mesa, com um laptop, sentado em uma mesa."
2476,15,pessoa15,Triste,99.99597930908203,"Uma mulher sentada em uma mesa com um laptop, sentado em uma mesa, com um laptop, sentado em uma mesa."
2477,-1,,,,"Uma mulher sentada em uma mesa com um laptop, sentado em uma mesa, com um laptop, sentado em uma mesa."
2478,-1,,,,"Uma mulher sentada em uma mesa com um laptop, sentado em uma mesa, com um laptop, sentado em uma mesa."
2479,15,pessoa15,Triste,99.96537017822266,"Uma mulher sentada em uma mesa com um laptop, sentado em uma mesa, com um laptop, sentado em uma mesa."
2480,15,pessoa15,Triste,99.99977111816406,"Um homem e uma mulher sentados numa mesa num escritório, numa mesa, numa mesa, numa mesa, numa mesa, numa mesa, numa mesa, numa mesa, numa mesa, numa mesa, numa mesa, numa mesa, numa mesa, numa mesa, numa mesa, numa mesa, numa mesa, numa mesa,"
2481,15,pessoa15,Triste,99.99559783935547,"Um homem e uma mulher sentados numa mesa num escritório, numa mesa, numa mesa, numa mesa, numa mesa, numa mesa, numa mesa, numa mesa, numa mesa, numa mesa, numa mesa, numa mesa, numa mesa, numa mesa, numa mesa, numa mesa, numa mesa, numa mesa,"
2482,15,pessoa15,Triste,99.99955749511719,"Um homem e uma mulher sentados numa mesa num escritório, numa mesa, numa mesa, numa mesa, numa mesa, numa mesa, numa mesa, numa mesa, numa mesa, numa mesa, numa mesa, numa mesa, numa mesa, numa mesa, numa mesa, numa mesa, numa mesa, numa mesa,"
2483,15,pessoa15,Neutro,94.05829620361328,"Uma sentada de homem em uma mesa com um laptop, sentada em uma mesa com um laptop, sentada em uma mesa com um laptop, sentado em uma mesa com um laptop, sentado em uma mesa com um lábio."
2484,15,pessoa15,Neutro,90.72835540771484,"Uma sentada de homem em uma mesa com um laptop, sentada em uma mesa com um laptop, sentada em uma mesa com um laptop, sentado em uma mesa com um laptop, sentado em uma mesa com um lábio."
2485,15,pessoa15,Triste,88.62564849853516,"Uma sentada de homem em uma mesa com um laptop, numa mesa com um computador, sentava-se uma cadeira de homem numa mesa com um laptop."
2486,15,pessoa15,Triste,90.38699340820312,"Uma sentada de homem em uma mesa com um laptop, numa mesa com um computador, sentava-se uma cadeira de homem numa mesa com um laptop."
2487,15,pessoa15,Triste,99.61271667480469,"Uma mulher sentada numa mesa com um laptop, sentado numa mesa com um laptop, sentada numa mesa com um laptop, sentada numa mesa com um laptop, sentada numa mesa com um laptop, sentada numa mesa com um laptop, sentada"
2488,15,pessoa15,Triste,99.72246551513672,"Uma mulher sentada em uma mesa com um laptop, sentado em uma mesa, com um laptop, sentado em uma mesa."
2489,15,pessoa15,Triste,95.61203002929688,Um homem e uma mulher sentados numa mesa com laptops.
2490,15,pessoa15,Raiva,49.64390563964844,"Uma mulher sentada em uma mesa com um laptop, sentado em uma mesa, com um laptop, sentado em uma mesa."
2491,15,pessoa15,Triste,45.309837341308594,"Uma mulher sentada em uma mesa com um laptop, sentado em uma mesa, com um laptop, sentado em uma mesa."
2492,-1,,,,"Uma mulher sentada em uma mesa com um laptop, sentado em uma mesa, com um laptop, sentado em uma mesa."
2493,15,pessoa15,Triste,97.21488952636719,"Uma mulher sentada em uma mesa com um laptop, sentado em uma mesa, com um laptop, sentado em uma mesa."
2494,13,pessoa13,Triste,91.46528625488281,Um homem e uma mulher sentados numa mesa com laptops.
2495,13,pessoa13,Triste,93.63162231445312,Um homem e uma mulher sentados numa mesa com laptops.
2496,13,pessoa13,Triste,93.07865905761719,Um homem e uma mulher sentados numa mesa com laptops.
2497,13,pessoa13,Triste,90.82518768310547,Um homem e uma mulher sentados numa mesa com laptops.
2498,-1,,,,"Uma mulher sentada em uma mesa com um laptop, sentado em uma mesa, com um laptop, sentado em uma mesa."
2499,-1,,,,"Uma mulher sentada em uma mesa com um laptop, sentado em uma mesa, com um laptop, sentado em uma mesa."
2500,13,pessoa13,Triste,99.99798583984375,Um homem e uma mulher sentados numa mesa com laptops.
2501,13,pessoa13,Triste,99.99987030029297,Um homem e uma mulher sentados numa mesa com laptops.
2502,13,pessoa13,Triste,99.9999771118164,Um homem e uma mulher sentados numa mesa com laptops.
2503,13,pessoa13,Triste,99.99998474121094,Um homem e uma mulher sentados numa mesa com laptops.
2504,13,pessoa13,Triste,99.99998474121094,Um homem e uma mulher sentados numa mesa com laptops.
2505,-1,,,,Um homem e uma mulher sentados numa mesa com laptops.
2506,13,pessoa13,Triste,99.99722290039062,Um homem e uma mulher sentados numa mesa com laptops.
2507,-1,,,,Um homem e uma mulher sentados numa mesa com laptops.
2508,-1,,,,Um homem e uma mulher sentados numa mesa com laptops.
2509,-1,,,,"Uma sentada de homem em uma mesa com um laptop, sentada em uma mesa com um laptop, sentada em uma mesa com um laptop, sentado em uma mesa com um laptop, sentado em uma mesa com um lábio."
2510,13,pessoa13,Triste,99.99915313720703,"Uma sentada de homem em uma mesa com um laptop, sentada em uma mesa com um laptop, sentada em uma mesa com um laptop, sentado em uma mesa com um laptop, sentado em uma mesa com um lábio."
2511,-1,,,,"Uma sentada de homem em uma mesa com um laptop, sentada em uma mesa com um laptop, sentada em uma mesa com um laptop, sentado em uma mesa com um laptop, sentado em uma mesa com um lábio."
2512,-1,,,,"Uma sentada de homem em uma mesa com um laptop, sentada em uma mesa com um laptop, sentada em uma mesa com um laptop, sentado em uma mesa com um laptop, sentado em uma mesa com um lábio."
2513,-1,,,,"Uma sentada de homem em uma mesa com um laptop, sentada em uma mesa com um laptop, sentada em uma mesa com um laptop, sentado em uma mesa com um laptop, sentado em uma mesa com um lábio."
2514,-1,,,,"Uma sentada de homem em uma mesa com um laptop, sentada em uma mesa com um laptop, sentada em uma mesa com um laptop, sentado em uma mesa com um laptop, sentado em uma mesa com um lábio."
2515,-1,,,,"Uma sentada de homem em uma mesa com um laptop, sentada em uma mesa com um laptop, sentada em uma mesa com um laptop, sentado em uma mesa com um laptop, sentado em uma mesa com um lábio."
2516,-1,,,,"Uma sentada de homem em uma mesa com um laptop, sentada em uma mesa com um laptop, sentada em uma mesa com um laptop, sentado em uma mesa com um laptop, sentado em uma mesa com um lábio."
2517,-1,,,,"Uma sentada de homem em uma mesa com um laptop, sentada em uma mesa com um laptop, sentada em uma mesa com um laptop, sentado em uma mesa com um laptop, sentado em uma mesa com um lábio."
2518,-1,,,,"Uma sentada de homem em uma mesa com um laptop, sentada em uma mesa com um laptop, sentada em uma mesa com um laptop, sentado em uma mesa com um laptop, sentado em uma mesa com um lábio."
2519,-1,,,,"Uma sentada de homem em uma mesa com um laptop, sentada em uma mesa com um laptop, sentada em uma mesa com um laptop, sentado em uma mesa com um laptop, sentado em uma mesa com um lábio."
2520,-1,,,,"Uma sentada de homem em uma mesa com um laptop, sentada em uma mesa com um laptop, sentada em uma mesa com um laptop, sentado em uma mesa com um laptop, sentado em uma mesa com um lábio."
2521,-1,,,,"Uma sentada de homem em uma mesa com um laptop, sentada em uma mesa com um laptop, sentada em uma mesa com um laptop, sentado em uma mesa com um laptop, sentado em uma mesa com um lábio."
2522,-1,,,,"Uma sentada de homem em uma mesa com um laptop, sentada em uma mesa com um laptop, sentada em uma mesa com um laptop, sentado em uma mesa com um laptop, sentado em uma mesa com um lábio."
2523,-1,,,,"Uma sentada de homem em uma mesa com um laptop, sentada em uma mesa com um laptop, sentada em uma mesa com um laptop, sentado em uma mesa com um laptop, sentado em uma mesa com um lábio."
2524,-1,,,,"Uma sentada de homem em uma mesa com um laptop, sentada em uma mesa com um laptop, sentada em uma mesa com um laptop, sentado em uma mesa com um laptop, sentado em uma mesa com um lábio."
2525,-1,,,,"Uma sentada de homem em uma mesa com um laptop, sentada em uma mesa com um laptop, sentada em uma mesa com um laptop, sentado em uma mesa com um laptop, sentado em uma mesa com um lábio."
2526,-1,,,,"Uma sentada de homem em uma mesa com um laptop, sentada em uma mesa com um laptop, sentada em uma mesa com um laptop, sentado em uma mesa com um laptop, sentado em uma mesa com um lábio."
2527,-1,,,,"Uma sentada de homem em uma mesa com um laptop, sentada em uma mesa com um laptop, sentada em uma mesa com um laptop, sentado em uma mesa com um laptop, sentado em uma mesa com um lábio."
2528,-1,,,,"Uma sentada de homem em uma mesa com um laptop, sentada em uma mesa com um laptop, sentada em uma mesa com um laptop, sentado em uma mesa com um laptop, sentado em uma mesa com um lábio."
2529,-1,,,,"Uma sentada de homem em uma mesa com um laptop, sentada em uma mesa com um laptop, sentada em uma mesa com um laptop, sentado em uma mesa com um laptop, sentado em uma mesa com um lábio."
2530,-1,,,,Um homem e uma mulher sentados numa mesa com laptops.
2531,-1,,,,Um homem e uma mulher sentados numa mesa com laptops.
2532,16,pessoa16,Triste,83.06977844238281,Um homem e uma mulher sentados numa mesa com laptops.
2533,16,pessoa16,Triste,76.7325668334961,Um homem e uma mulher sentados numa mesa com laptops.
2534,16,pessoa16,Triste,76.68360900878906,Um homem e uma mulher sentados numa mesa com laptops.
2535,-1,,,,Um homem e uma mulher sentados numa mesa com laptops.
2536,-1,,,,Um homem e uma mulher sentados numa mesa com laptops.
2537,-1,,,,Um homem e uma mulher sentados numa mesa com laptops.
2538,-1,,,,Um homem e uma mulher sentados numa mesa com laptops.
2539,-1,,,,Um homem e uma mulher sentados numa mesa com laptops.
2540,16,pessoa16,Triste,99.92937469482422,Um homem e uma mulher sentados numa mesa com laptops.
2541,-1,,,,"Uma sentada de homem em uma mesa com um laptop, sentada em uma mesa com um laptop, sentada em uma mesa com um laptop, sentado em uma mesa com um laptop, sentado em uma mesa com um lábio."
2542,-1,,,,"Uma sentada de homem em uma mesa com um laptop, sentada em uma mesa com um laptop, sentada em uma mesa com um laptop, sentado em uma mesa com um laptop, sentado em uma mesa com um lábio."
2543,-1,,,,"Uma sentada de homem em uma mesa com um laptop, sentada em uma mesa com um laptop, sentada em uma mesa com um laptop, sentado em uma mesa com um laptop, sentado em uma mesa com um lábio."
2544,-1,,,,"Uma sentada de homem em uma mesa com um laptop, sentada em uma mesa com um laptop, sentada em uma mesa com um laptop, sentado em uma mesa com um laptop, sentado em uma mesa com um lábio."
2545,-1,,,,"Uma sentada de homem em uma mesa com um laptop, sentada em uma mesa com um laptop, sentada em uma mesa com um laptop, sentado em uma mesa com um laptop, sentado em uma mesa com um lábio."
2546,-1,,,,"Uma sentada de homem em uma mesa com um laptop, sentada em uma mesa com um laptop, sentada em uma mesa com um laptop, sentado em uma mesa com um laptop, sentado em uma mesa com um lábio."
2547,-1,,,,"Uma sentada de homem em uma mesa com um laptop, sentada em uma mesa com um laptop, sentada em uma mesa com um laptop, sentado em uma mesa com um laptop, sentado em uma mesa com um lábio."
2548,-1,,,,"Uma sentada de homem em uma mesa com um laptop, sentada em uma mesa com um laptop, sentada em uma mesa com um laptop, sentado em uma mesa com um laptop, sentado em uma mesa com um lábio."
2549,-1,,,,"Uma sentada de homem em uma mesa com um laptop, sentada em uma mesa com um laptop, sentada em uma mesa com um laptop, sentado em uma mesa com um laptop, sentado em uma mesa com um lábio."
2550,-1,,,,"Uma sentada de homem em uma mesa com um laptop, sentada em uma mesa com um laptop, sentada em uma mesa com um laptop, sentado em uma mesa com um laptop, sentado em uma mesa com um lábio."
2551,-1,,,,"Uma sentada de homem em uma mesa com um laptop, sentada em uma mesa com um laptop, sentada em uma mesa com um laptop, sentado em uma mesa com um laptop, sentado em uma mesa com um lábio."
2552,-1,,,,"Uma sentada de homem em uma mesa com um laptop, sentada em uma mesa com um laptop, sentada em uma mesa com um laptop, sentado em uma mesa com um laptop, sentado em uma mesa com um lábio."
2553,7,pessoa7,Raiva,94.24853515625,"Uma sentada de homem em uma mesa com um laptop, sentada em uma mesa com um laptop, sentada em uma mesa com um laptop, sentado em uma mesa com um laptop, sentado em uma mesa com um lábio."
2554,-1,,,,"Uma sentada de homem em uma mesa com um laptop, sentada em uma mesa com um laptop, sentada em uma mesa com um laptop, sentado em uma mesa com um laptop, sentado em uma mesa com um lábio."
2555,-1,,,,"Uma sentada de homem em uma mesa com um laptop, sentada em uma mesa com um laptop, sentada em uma mesa com um laptop, sentado em uma mesa com um laptop, sentado em uma mesa com um lábio."
2556,-1,,,,"Uma sentada de homem em uma mesa com um laptop, sentada em uma mesa com um laptop, sentada em uma mesa com um laptop, sentado em uma mesa com um laptop, sentado em uma mesa com um lábio."
2557,-1,,,,"Uma sentada de homem em uma mesa com um laptop, sentada em uma mesa com um laptop, sentada em uma mesa com um laptop, sentado em uma mesa com um laptop, sentado em uma mesa com um lábio."
2558,-1,,,,"Uma sentada de homem em uma mesa com um laptop, sentada em uma mesa com um laptop, sentada em uma mesa com um laptop, sentado em uma mesa com um laptop, sentado em uma mesa com um lábio."
2559,-1,,,,"Uma sentada de homem em uma mesa com um laptop, sentada em uma mesa com um laptop, sentada em uma mesa com um laptop, sentado em uma mesa com um laptop, sentado em uma mesa com um lábio."
2560,-1,,,,"Um grupo de pessoas sentadas em uma mesa com laptops, sentados em uma mesa com laptops, sentados em uma mesa com laptops, sentados em uma mesa com laptops, sentados em uma mesa com laptops, sentados em uma mesa com lapto"
2561,-1,,,,"Um grupo de pessoas sentadas em torno de uma mesa, sentadas em torno de uma mesa, sentadas em torno de uma mesa, sentadas em torno de uma mesa, sentadas em torno de uma mesa, sentadas em torno de uma mesa, sentadas em torno"
2562,-1,,,,"Um grupo de pessoas sentadas em torno de uma mesa, sentadas em torno de uma mesa, sentadas em torno de uma mesa, sentadas em torno de uma mesa, sentadas em torno de uma mesa, sentadas em torno de uma mesa, sentadas em torno"
2563,-1,,,,"Um grupo de pessoas sentadas em torno de uma mesa, sentadas em torno de uma mesa, sentadas em torno de uma mesa, sentadas em torno de uma mesa, sentadas em torno de uma mesa, sentadas em torno de uma mesa, sentadas em torno"
2564,-1,,,,"Um grupo de pessoas sentadas em torno de uma mesa, sentadas em torno de uma mesa, sentadas em torno de uma mesa, sentadas em torno de uma mesa, sentadas em torno de uma mesa, sentadas em torno de uma mesa, sentadas em torno"
2565,-1,,,,"Uma sentada de homem em uma mesa com um laptop, sentada em uma mesa com um laptop, sentada em uma mesa com um laptop, sentado em uma mesa com um laptop, sentado em uma mesa com um lábio."
2566,-1,,,,"Um grupo de pessoas sentadas em uma mesa com laptops, sentados em uma mesa com laptops, sentados em uma mesa com laptops, sentados em uma mesa com laptops, sentados em uma mesa com laptops, sentados em uma mesa com lapto"
2567,-1,,,,"Um grupo de pessoas sentadas em uma mesa com laptops, sentados em uma mesa com laptops, sentados em uma mesa com laptops, sentados em uma mesa com laptops, sentados em uma mesa com laptops, sentados em uma mesa com lapto"
2568,-1,,,,"Um grupo de pessoas sentadas em uma mesa com laptops, sentados em uma mesa com laptops, sentados em uma mesa com laptops, sentados em uma mesa com laptops, sentados em uma mesa com laptops, sentados em uma mesa com lapto"
2569,-1,,,,"Um grupo de pessoas sentadas em uma mesa com laptops, sentados em uma mesa com laptops, sentados em uma mesa com laptops, sentados em uma mesa com laptops, sentados em uma mesa com laptops, sentados em uma mesa com lapto"
2570,-1,,,,"Um grupo de pessoas sentadas em uma mesa com laptops, sentados em uma mesa com laptops, sentados em uma mesa com laptops, sentados em uma mesa com laptops, sentados em uma mesa com laptops, sentados em uma mesa com lapto"
2571,-1,,,,"Um grupo de pessoas sentadas em uma mesa com laptops, sentados em uma mesa com laptops, sentados em uma mesa com laptops, sentados em uma mesa com laptops, sentados em uma mesa com laptops, sentados em uma mesa com lapto"
2572,-1,,,,"Um grupo de pessoas sentadas em uma mesa com laptops, sentados em uma mesa com laptops, sentados em uma mesa com laptops, sentados em uma mesa com laptops, sentados em uma mesa com laptops, sentados em uma mesa com lapto"
2573,9,pessoa9,Triste,82.41407775878906,"Um grupo de pessoas sentadas em uma mesa com laptops, sentados em uma mesa com laptops, sentados em uma mesa com laptops, sentados em uma mesa com laptops, sentados em uma mesa com laptops, sentados em uma mesa com lapto"
2574,9,pessoa9,Triste,82.34046936035156,"Um grupo de pessoas sentadas em uma mesa com laptops, sentados em uma mesa com laptops, sentados em uma mesa com laptops, sentados em uma mesa com laptops, sentados em uma mesa com laptops, sentados em uma mesa com lapto"
2575,9,pessoa9,Medo,85.8810043334961,"Um grupo de pessoas sentadas em uma mesa com laptops, sentados em uma mesa com laptops, sentados em uma mesa com laptops, sentados em uma mesa com laptops, sentados em uma mesa com laptops, sentados em uma mesa com lapto"
2576,9,pessoa9,Raiva,99.4390640258789,"Um grupo de pessoas sentadas em torno de uma mesa, sentadas em torno de uma mesa, sentadas em torno de uma mesa, sentadas em torno de uma mesa, sentadas em torno de uma mesa, sentadas em torno de uma mesa, sentadas em torno"
2577,9,pessoa9,Medo,66.01554870605469,"Um grupo de pessoas sentadas em uma mesa com laptops, sentados em uma mesa com laptops, sentados em uma mesa com laptops, sentados em uma mesa com laptops, sentados em uma mesa com laptops, sentados em uma mesa com lapto"
2578,-1,,,,"Um grupo de pessoas sentadas em uma mesa com laptops, sentados em uma mesa com laptops, sentados em uma mesa com laptops, sentados em uma mesa com laptops, sentados em uma mesa com laptops, sentados em uma mesa com lapto"
2579,-1,,,,"Um grupo de pessoas sentadas em torno de uma mesa, sentadas em torno de uma mesa, sentadas em torno de uma mesa, sentadas em torno de uma mesa, sentadas em torno de uma mesa, sentadas em torno de uma mesa, sentadas em torno"
2580,-1,,,,Um grupo de pessoas sentados em uma mesa em uma sala em uma sala em uma sala em uma sala em uma sala em uma sala em uma sala em uma sala em uma sala.
2581,-1,,,,Um grupo de pessoas sentados em uma mesa em uma sala em uma sala em uma sala em uma sala em uma sala em uma sala em uma sala em uma sala em uma sala.
2582,-1,,,,Um grupo de pessoas sentados em uma mesa em uma sala em uma sala em uma sala em uma sala em uma sala em uma sala em uma sala em uma sala em uma sala.
2583,-1,,,,"Um grupo de pessoas sentados em uma mesa em um consultório, sentando-se em uma mesa, em uma mesa, em uma mesa, em uma mesa, em uma mesa, em uma mesa, em uma mesa, em uma mesa, em uma mesa, em uma mesa, em uma mesa"
2584,-1,,,,"Um grupo de pessoas sentados em uma mesa em um consultório, sentando-se em uma mesa, em uma mesa, em uma mesa, em uma mesa, em uma mesa, em uma mesa, em uma mesa, em uma mesa, em uma mesa, em uma mesa, em uma mesa"
2585,-1,,,,"Um grupo de pessoas sentados em uma mesa em um consultório, sentando-se em uma mesa, em uma mesa, em uma mesa, em uma mesa, em uma mesa, em uma mesa, em uma mesa, em uma mesa, em uma mesa, em uma mesa, em uma mesa"
2586,-1,,,,"Um grupo de pessoas sentados em uma mesa em um consultório, sentando-se em uma mesa, em uma mesa, em uma mesa, em uma mesa, em uma mesa, em uma mesa, em uma mesa, em uma mesa, em uma mesa, em uma mesa, em uma mesa"
2587,-1,,,,"Um grupo de pessoas sentados em uma mesa em um consultório, sentando-se em uma mesa, em uma mesa, em uma mesa, em uma mesa, em uma mesa, em uma mesa, em uma mesa, em uma mesa, em uma mesa, em uma mesa, em uma mesa"
2588,-1,,,,"Um grupo de pessoas sentados em uma mesa em um consultório, sentando-se em uma mesa, em uma mesa, em uma mesa, em uma mesa, em uma mesa, em uma mesa, em uma mesa, em uma mesa, em uma mesa, em uma mesa, em uma mesa"
2589,-1,,,,"Um grupo de pessoas sentados em uma mesa em um consultório, sentando-se em uma mesa, em uma mesa, em uma mesa, em uma mesa, em uma mesa, em uma mesa, em uma mesa, em uma mesa, em uma mesa, em uma mesa, em uma mesa"
2590,-1,,,,"Um grupo de pessoas sentados em uma mesa em um consultório, sentando-se em uma mesa, em uma mesa, em uma mesa, em uma mesa, em uma mesa, em uma mesa, em uma mesa, em uma mesa, em uma mesa, em uma mesa, em uma mesa"
2591,-1,,,,"Um grupo de pessoas sentados em uma mesa em um consultório, sentando-se em uma mesa, em uma mesa, em uma mesa, em uma mesa, em uma mesa, em uma mesa, em uma mesa, em uma mesa, em uma mesa, em uma mesa, em uma mesa"
2592,-1,,,,"Um grupo de pessoas sentados em uma mesa em um consultório, sentando-se em uma mesa, em uma mesa, em uma mesa, em uma mesa, em uma mesa, em uma mesa, em uma mesa, em uma mesa, em uma mesa, em uma mesa, em uma mesa"
2593,-1,,,,"Um grupo de pessoas sentados em uma mesa em um consultório, sentando-se em uma mesa, em uma mesa, em uma mesa, em uma mesa, em uma mesa, em uma mesa, em uma mesa, em uma mesa, em uma mesa, em uma mesa, em uma mesa"
2594,-1,,,,"Um grupo de pessoas sentados em uma mesa em um consultório, sentando-se em uma mesa, em uma mesa, em uma mesa, em uma mesa, em uma mesa, em uma mesa, em uma mesa, em uma mesa, em uma mesa, em uma mesa, em uma mesa"
2595,-1,,,,"Um grupo de pessoas sentados em uma mesa em um consultório, sentando-se em uma mesa, em uma mesa, em uma mesa, em uma mesa, em uma mesa, em uma mesa, em uma mesa, em uma mesa, em uma mesa, em uma mesa, em uma mesa"
2596,-1,,,,"Um grupo de pessoas sentados em uma mesa em um consultório, sentando-se em uma mesa, em uma mesa, em uma mesa, em uma mesa, em uma mesa, em uma mesa, em uma mesa, em uma mesa, em uma mesa, em uma mesa, em uma mesa"
2597,-1,,,,"Um grupo de pessoas sentados em uma mesa em um consultório, sentando-se em uma mesa, em uma mesa, em uma mesa, em uma mesa, em uma mesa, em uma mesa, em uma mesa, em uma mesa, em uma mesa, em uma mesa, em uma mesa"
2598,-1,,,,"Um grupo de pessoas sentados em uma mesa em um consultório, sentando-se em uma mesa, em uma mesa, em uma mesa, em uma mesa, em uma mesa, em uma mesa, em uma mesa, em uma mesa, em uma mesa, em uma mesa, em uma mesa"
2599,-1,,,,"Um grupo de pessoas sentados em uma mesa em um consultório, sentando-se em uma mesa, em uma mesa, em uma mesa, em uma mesa, em uma mesa, em uma mesa, em uma mesa, em uma mesa, em uma mesa, em uma mesa, em uma mesa"
2600,-1,,,,"Um grupo de pessoas sentados em uma mesa em um consultório, sentando-se em uma mesa, em uma mesa, em uma mesa, em uma mesa, em uma mesa, em uma mesa, em uma mesa, em uma mesa, em uma mesa, em uma mesa, em uma mesa"
2601,-1,,,,"Um grupo de pessoas sentados em uma mesa em um consultório, sentando-se em uma mesa, em uma mesa, em uma mesa, em uma mesa, em uma mesa, em uma mesa, em uma mesa, em uma mesa, em uma mesa, em uma mesa, em uma mesa"
2602,-1,,,,"Um grupo de pessoas sentados em uma mesa em um consultório, sentando-se em uma mesa, em uma mesa, em uma mesa, em uma mesa, em uma mesa, em uma mesa, em uma mesa, em uma mesa, em uma mesa, em uma mesa, em uma mesa"
2603,-1,,,,"Um grupo de pessoas sentados em uma mesa em um consultório, sentando-se em uma mesa, em uma mesa, em uma mesa, em uma mesa, em uma mesa, em uma mesa, em uma mesa, em uma mesa, em uma mesa, em uma mesa, em uma mesa"
2604,-1,,,,"Um grupo de pessoas sentados em uma mesa em um consultório, sentando-se em uma mesa, em uma mesa, em uma mesa, em uma mesa, em uma mesa, em uma mesa, em uma mesa, em uma mesa, em uma mesa, em uma mesa, em uma mesa"
2605,-1,,,,"Um grupo de pessoas sentadas em torno de uma mesa, sentadas em torno de uma mesa, sentadas em torno de uma mesa, sentadas em torno de uma mesa, sentadas em torno de uma mesa, sentadas em torno de uma mesa, sentadas em torno"
2606,-1,,,,"Um grupo de pessoas sentados em uma mesa em um consultório, sentando-se em uma mesa, em uma mesa, em uma mesa, em uma mesa, em uma mesa, em uma mesa, em uma mesa, em uma mesa, em uma mesa, em uma mesa, em uma mesa"
2607,-1,,,,"Um grupo de pessoas sentados em uma mesa em um consultório, sentando-se em uma mesa, em uma mesa, em uma mesa, em uma mesa, em uma mesa, em uma mesa, em uma mesa, em uma mesa, em uma mesa, em uma mesa, em uma mesa"
2608,-1,,,,"Um grupo de pessoas sentados em uma mesa em um consultório, sentando-se em uma mesa, em uma mesa, em uma mesa, em uma mesa, em uma mesa, em uma mesa, em uma mesa, em uma mesa, em uma mesa, em uma mesa, em uma mesa"
2609,-1,,,,"Um grupo de pessoas sentados em uma mesa em um consultório, sentando-se em uma mesa, em uma mesa, em uma mesa, em uma mesa, em uma mesa, em uma mesa, em uma mesa, em uma mesa, em uma mesa, em uma mesa, em uma mesa"
2610,-1,,,,"Um grupo de pessoas sentados em uma mesa em um consultório, sentando-se em uma mesa, em uma mesa, em uma mesa, em uma mesa, em uma mesa, em uma mesa, em uma mesa, em uma mesa, em uma mesa, em uma mesa, em uma mesa"
2611,-1,,,,"Um grupo de pessoas sentados em uma mesa em um consultório, sentando-se em uma mesa, em uma mesa, em uma mesa, em uma mesa, em uma mesa, em uma mesa, em uma mesa, em uma mesa, em uma mesa, em uma mesa, em uma mesa"
2612,-1,,,,"Um grupo de pessoas sentados em uma mesa em um consultório, sentando-se em uma mesa, em uma mesa, em uma mesa, em uma mesa, em uma mesa, em uma mesa, em uma mesa, em uma mesa, em uma mesa, em uma mesa, em uma mesa"
2613,-1,,,,"Um grupo de pessoas sentados em uma mesa em um consultório, sentando-se em uma mesa, em uma mesa, em uma mesa, em uma mesa, em uma mesa, em uma mesa, em uma mesa, em uma mesa, em uma mesa, em uma mesa, em uma mesa"
2614,-1,,,,ver - ver - ver - ver - ver - ver - ver - ver - ver - ver - ver - ver - ver - ver - ver - ver - ver - ver - ver - ver - ver - ver - ver - ver - ver - ver - ver - ver - ver - ver - ver - ver
2615,-1,,,,"Um grupo de pessoas sentados em uma mesa em um consultório, sentando-se em uma mesa, em uma mesa, em uma mesa, em uma mesa, em uma mesa, em uma mesa, em uma mesa, em uma mesa, em uma mesa, em uma mesa, em uma mesa"
2616,-1,,,,ver - ver - ver - ver - ver - ver - ver - ver - ver - ver - ver - ver - ver - ver - ver - ver - ver - ver - ver - ver - ver - ver - ver - ver - ver - ver - ver - ver - ver - ver - ver - ver
2617,-1,,,,ver - ver - ver - ver - ver - ver - ver - ver - ver - ver - ver - ver - ver - ver - ver - ver - ver - ver - ver - ver - ver - ver - ver - ver - ver - ver - ver - ver - ver - ver - ver - ver
2618,-1,,,,- ver - ver - vídeo - ver - ver - vídeo - ver - ve - ve - ve - ve - ver - ver - ver - ver - ver - ver - ver - ver - ver - ver - ver - ver - ver - ver - ver - ver - ver - ver - ver - ver -
2619,-1,,,,"Um grupo de pessoas sentados em uma mesa em um consultório, sentando-se em uma mesa, em uma mesa, em uma mesa, em uma mesa, em uma mesa, em uma mesa, em uma mesa, em uma mesa, em uma mesa, em uma mesa, em uma mesa"
2620,-1,,,,"Um grupo de pessoas sentados em uma mesa em um consultório, sentando-se em uma mesa, em uma mesa, em uma mesa, em uma mesa, em uma mesa, em uma mesa, em uma mesa, em uma mesa, em uma mesa, em uma mesa, em uma mesa"
2621,-1,,,,"Um grupo de pessoas sentados em uma mesa em um consultório, sentando-se em uma mesa, em uma mesa, em uma mesa, em uma mesa, em uma mesa, em uma mesa, em uma mesa, em uma mesa, em uma mesa, em uma mesa, em uma mesa"
2622,-1,,,,"Um grupo de pessoas sentados em uma mesa em um consultório, sentando-se em uma mesa, em uma mesa, em uma mesa, em uma mesa, em uma mesa, em uma mesa, em uma mesa, em uma mesa, em uma mesa, em uma mesa, em uma mesa"
2623,-1,,,,"Um grupo de pessoas sentados em uma mesa em um consultório, sentando-se em uma mesa, em uma mesa, em uma mesa, em uma mesa, em uma mesa, em uma mesa, em uma mesa, em uma mesa, em uma mesa, em uma mesa, em uma mesa"
2624,-1,,,,"Um grupo de pessoas sentados em uma mesa em um consultório, sentando-se em uma mesa, em uma mesa, em uma mesa, em uma mesa, em uma mesa, em uma mesa, em uma mesa, em uma mesa, em uma mesa, em uma mesa, em uma mesa"
2625,-1,,,,"Um grupo de pessoas sentados em uma mesa em um consultório, sentando-se em uma mesa, em uma mesa, em uma mesa, em uma mesa, em uma mesa, em uma mesa, em uma mesa, em uma mesa, em uma mesa, em uma mesa, em uma mesa"
2626,-1,,,,"Um grupo de pessoas sentados em uma mesa em um consultório, sentando-se em uma mesa, em uma mesa, em uma mesa, em uma mesa, em uma mesa, em uma mesa, em uma mesa, em uma mesa, em uma mesa, em uma mesa, em uma mesa"
2627,-1,,,,"Um grupo de pessoas sentados em uma mesa em um consultório, sentando-se em uma mesa, em uma mesa, em uma mesa, em uma mesa, em uma mesa, em uma mesa, em uma mesa, em uma mesa, em uma mesa, em uma mesa, em uma mesa"
2628,-1,,,,"Um grupo de pessoas sentados em uma mesa em um consultório, sentando-se em uma mesa, em uma mesa, em uma mesa, em uma mesa, em uma mesa, em uma mesa, em uma mesa, em uma mesa, em uma mesa, em uma mesa, em uma mesa"
2629,-1,,,,"Um grupo de pessoas sentados em uma mesa em um consultório, sentando-se em uma mesa, em uma mesa, em uma mesa, em uma mesa, em uma mesa, em uma mesa, em uma mesa, em uma mesa, em uma mesa, em uma mesa, em uma mesa"
2630,-1,,,,"Um grupo de pessoas sentados em uma mesa em um consultório, sentando-se em uma mesa, em uma mesa, em uma mesa, em uma mesa, em uma mesa, em uma mesa, em uma mesa, em uma mesa, em uma mesa, em uma mesa, em uma mesa"
2631,-1,,,,"Um grupo de pessoas sentados em uma mesa em um consultório, sentando-se em uma mesa, em uma mesa, em uma mesa, em uma mesa, em uma mesa, em uma mesa, em uma mesa, em uma mesa, em uma mesa, em uma mesa, em uma mesa"
2632,-1,,,,"Um grupo de pessoas sentados em uma mesa em um consultório, sentando-se em uma mesa, em uma mesa, em uma mesa, em uma mesa, em uma mesa, em uma mesa, em uma mesa, em uma mesa, em uma mesa, em uma mesa, em uma mesa"
2633,-1,,,,"Um grupo de pessoas sentados em uma mesa em um consultório, sentando-se em uma mesa, em uma mesa, em uma mesa, em uma mesa, em uma mesa, em uma mesa, em uma mesa, em uma mesa, em uma mesa, em uma mesa, em uma mesa"
2634,-1,,,,"Um grupo de pessoas sentados em uma mesa em um consultório, sentando-se em uma mesa, em uma mesa, em uma mesa, em uma mesa, em uma mesa, em uma mesa, em uma mesa, em uma mesa, em uma mesa, em uma mesa, em uma mesa"
2635,-1,,,,"Um grupo de pessoas sentados em uma mesa em um consultório, sentando-se em uma mesa, em uma mesa, em uma mesa, em uma mesa, em uma mesa, em uma mesa, em uma mesa, em uma mesa, em uma mesa, em uma mesa, em uma mesa"
2636,-1,,,,"Um grupo de pessoas sentadas em torno de uma mesa, sentadas em torno de uma mesa, sentadas em torno de uma mesa, sentadas em torno de uma mesa, sentadas em torno de uma mesa, sentadas em torno de uma mesa, sentadas em torno"
2637,-1,,,,"Um grupo de pessoas sentadas em torno de uma mesa, sentadas em torno de uma mesa, sentadas em torno de uma mesa, sentadas em torno de uma mesa, sentadas em torno de uma mesa, sentadas em torno de uma mesa, sentadas em torno"
2638,-1,,,,"Um grupo de pessoas sentados em uma mesa em um consultório, sentando-se em uma mesa, em uma mesa, em uma mesa, em uma mesa, em uma mesa, em uma mesa, em uma mesa, em uma mesa, em uma mesa, em uma mesa, em uma mesa"
2639,-1,,,,"Um grupo de pessoas sentados em uma mesa em um consultório, sentando-se em uma mesa, em uma mesa, em uma mesa, em uma mesa, em uma mesa, em uma mesa, em uma mesa, em uma mesa, em uma mesa, em uma mesa, em uma mesa"
2640,-1,,,,"Um grupo de pessoas sentados em uma mesa em um consultório, sentando-se em uma mesa, em uma mesa, em uma mesa, em uma mesa, em uma mesa, em uma mesa, em uma mesa, em uma mesa, em uma mesa, em uma mesa, em uma mesa"
2641,-1,,,,"Um grupo de pessoas sentados em uma mesa em um consultório, sentando-se em uma mesa, em uma mesa, em uma mesa, em uma mesa, em uma mesa, em uma mesa, em uma mesa, em uma mesa, em uma mesa, em uma mesa, em uma mesa"
2642,-1,,,,ver - ver - ver - ver - ver - ver - ver - ver - ver - ver - ver - ver - ver - ver - ver - ver - ver - ver - ver - ver - ver - ver - ver - ver - ver - ver - ver - ver - ver - ver - ver - ver
2643,-1,,,,ver - ver - ver - ver - ver - ver - ver - ver - ver - ver - ver - ver - ver - ver - ver - ver - ver - ver - ver - ver - ver - ver - ver - ver - ver - ver - ver - ver - ver - ver - ver - ver
2644,-1,,,,ver - ver - ver - ver - ver - ver - ver - ver - ver - ver - ver - ver - ver - ver - ver - ver - ver - ver - ver - ver - ver - ver - ver - ver - ver - ver - ver - ver - ver - ver - ver - ver
2645,-1,,,,"Um grupo de pessoas sentadas em torno de uma mesa, sentadas em torno de uma mesa, sentadas em torno de uma mesa, sentadas em torno de uma mesa, sentadas em torno de uma mesa, sentadas em torno de uma mesa, sentadas em torno"
2646,-1,,,,"Um grupo de pessoas sentados em uma mesa em um consultório, sentando-se em uma mesa, em uma mesa, em uma mesa, em uma mesa, em uma mesa, em uma mesa, em uma mesa, em uma mesa, em uma mesa, em uma mesa, em uma mesa"
2647,-1,,,,"Um grupo de pessoas sentados em uma mesa em um consultório, sentando-se em uma mesa, em uma mesa, em uma mesa, em uma mesa, em uma mesa, em uma mesa, em uma mesa, em uma mesa, em uma mesa, em uma mesa, em uma mesa"
2648,-1,,,,"Um grupo de pessoas sentados em uma mesa em um consultório, sentando-se em uma mesa, em uma mesa, em uma mesa, em uma mesa, em uma mesa, em uma mesa, em uma mesa, em uma mesa, em uma mesa, em uma mesa, em uma mesa"
2649,-1,,,,"Um grupo de pessoas sentados em uma mesa em um consultório, sentando-se em uma mesa, em uma mesa, em uma mesa, em uma mesa, em uma mesa, em uma mesa, em uma mesa, em uma mesa, em uma mesa, em uma mesa, em uma mesa"
2650,-1,,,,"Um grupo de pessoas sentados em uma mesa em um consultório, sentando-se em uma mesa, em uma mesa, em uma mesa, em uma mesa, em uma mesa, em uma mesa, em uma mesa, em uma mesa, em uma mesa, em uma mesa, em uma mesa"
2651,-1,,,,"Um grupo de pessoas sentados em uma mesa em um consultório, sentando-se em uma mesa, em uma mesa, em uma mesa, em uma mesa, em uma mesa, em uma mesa, em uma mesa, em uma mesa, em uma mesa, em uma mesa, em uma mesa"
2652,-1,,,,"Um grupo de pessoas sentados em uma mesa em um consultório, sentando-se em uma mesa, em uma mesa, em uma mesa, em uma mesa, em uma mesa, em uma mesa, em uma mesa, em uma mesa, em uma mesa, em uma mesa, em uma mesa"
2653,-1,,,,"Um grupo de pessoas sentados em uma mesa em um consultório, sentando-se em uma mesa, em uma mesa, em uma mesa, em uma mesa, em uma mesa, em uma mesa, em uma mesa, em uma mesa, em uma mesa, em uma mesa, em uma mesa"
2654,17,pessoa17,Alegre,96.14505004882812,"Um grupo de pessoas sentados em uma mesa em um consultório, sentando-se em uma mesa, em uma mesa, em uma mesa, em uma mesa, em uma mesa, em uma mesa, em uma mesa, em uma mesa, em uma mesa, em uma mesa, em uma mesa"
2655,17,pessoa17,Alegre,65.16754913330078,"Um grupo de pessoas sentados em uma mesa em um consultório, sentando-se em uma mesa, em uma mesa, em uma mesa, em uma mesa, em uma mesa, em uma mesa, em uma mesa, em uma mesa, em uma mesa, em uma mesa, em uma mesa"
2656,-1,,,,"Um grupo de pessoas sentadas em torno de uma mesa, sentadas em torno de uma mesa, sentadas em torno de uma mesa, sentadas em torno de uma mesa, sentadas em torno de uma mesa, sentadas em torno de uma mesa, sentadas em torno"
2657,17,pessoa17,Triste,95.20208740234375,"Um grupo de pessoas sentadas em torno de uma mesa, sentadas em torno de uma mesa, sentadas em torno de uma mesa, sentadas em torno de uma mesa, sentadas em torno de uma mesa, sentadas em torno de uma mesa, sentadas em torno"
2658,17,pessoa17,Triste,92.18709564208984,"Um grupo de pessoas sentadas em torno de uma mesa, sentadas em torno de uma mesa, sentadas em torno de uma mesa, sentadas em torno de uma mesa, sentadas em torno de uma mesa, sentadas em torno de uma mesa, sentadas em torno"
2659,17,pessoa17,Triste,97.64326477050781,"Um grupo de pessoas sentadas em torno de uma mesa, sentadas em torno de uma mesa, sentadas em torno de uma mesa, sentadas em torno de uma mesa, sentadas em torno de uma mesa, sentadas em torno de uma mesa, sentadas em torno"
2660,17,pessoa17,Triste,99.95484924316406,"Um grupo de pessoas sentados em uma mesa em um consultório, sentando-se em uma mesa, em uma mesa, em uma mesa, em uma mesa, em uma mesa, em uma mesa, em uma mesa, em uma mesa, em uma mesa, em uma mesa, em uma mesa"
2661,17,pessoa17,Triste,91.9234619140625,"Um grupo de pessoas sentados em uma mesa em um consultório, sentando-se em uma mesa, em uma mesa, em uma mesa, em uma mesa, em uma mesa, em uma mesa, em uma mesa, em uma mesa, em uma mesa, em uma mesa, em uma mesa"
2662,17,pessoa17,Alegre,89.23499298095703,"Um grupo de pessoas sentados em uma mesa em um consultório, sentando-se em uma mesa, em uma mesa, em uma mesa, em uma mesa, em uma mesa, em uma mesa, em uma mesa, em uma mesa, em uma mesa, em uma mesa, em uma mesa"
2663,-1,,,,"Um grupo de pessoas sentados em uma mesa em um consultório, sentando-se em uma mesa, em uma mesa, em uma mesa, em uma mesa, em uma mesa, em uma mesa, em uma mesa, em uma mesa, em uma mesa, em uma mesa, em uma mesa"
2664,-1,,,,"Um grupo de pessoas sentados em uma mesa em um consultório, sentando-se em uma mesa, em uma mesa, em uma mesa, em uma mesa, em uma mesa, em uma mesa, em uma mesa, em uma mesa, em uma mesa, em uma mesa, em uma mesa"
2665,-1,,,,"Um grupo de pessoas sentados em uma mesa em um consultório, sentando-se em uma mesa, em uma mesa, em uma mesa, em uma mesa, em uma mesa, em uma mesa, em uma mesa, em uma mesa, em uma mesa, em uma mesa, em uma mesa"
2666,-1,,,,"Um grupo de pessoas sentados em uma mesa em um consultório, sentando-se em uma mesa, em uma mesa, em uma mesa, em uma mesa, em uma mesa, em uma mesa, em uma mesa, em uma mesa, em uma mesa, em uma mesa, em uma mesa"
2667,-1,,,,"Um grupo de pessoas sentados em uma mesa em um consultório, sentando-se em uma mesa, em uma mesa, em uma mesa, em uma mesa, em uma mesa, em uma mesa, em uma mesa, em uma mesa, em uma mesa, em uma mesa, em uma mesa"
2668,-1,,,,"Um grupo de pessoas sentados em uma mesa em um consultório, sentando-se em uma mesa, em uma mesa, em uma mesa, em uma mesa, em uma mesa, em uma mesa, em uma mesa, em uma mesa, em uma mesa, em uma mesa, em uma mesa"
2669,-1,,,,"Um grupo de pessoas sentados em uma mesa em um consultório, sentando-se em uma mesa, em uma mesa, em uma mesa, em uma mesa, em uma mesa, em uma mesa, em uma mesa, em uma mesa, em uma mesa, em uma mesa, em uma mesa"
2670,-1,,,,"Um grupo de pessoas sentados em uma mesa em um consultório, sentando-se em uma mesa, em uma mesa, em uma mesa, em uma mesa, em uma mesa, em uma mesa, em uma mesa, em uma mesa, em uma mesa, em uma mesa, em uma mesa"
2671,-1,,,,"Um grupo de pessoas sentados em uma mesa em um consultório, sentando-se em uma mesa, em uma mesa, em uma mesa, em uma mesa, em uma mesa, em uma mesa, em uma mesa, em uma mesa, em uma mesa, em uma mesa, em uma mesa"
2672,-1,,,,"Um grupo de pessoas sentados em uma mesa em um consultório, sentando-se em uma mesa, em uma mesa, em uma mesa, em uma mesa, em uma mesa, em uma mesa, em uma mesa, em uma mesa, em uma mesa, em uma mesa, em uma mesa"
2673,-1,,,,"Um grupo de pessoas sentados em uma mesa em um consultório, sentando-se em uma mesa, em uma mesa, em uma mesa, em uma mesa, em uma mesa, em uma mesa, em uma mesa, em uma mesa, em uma mesa, em uma mesa, em uma mesa"
2674,-1,,,,"Um grupo de pessoas sentados em uma mesa em um consultório, sentando-se em uma mesa, em uma mesa, em uma mesa, em uma mesa, em uma mesa, em uma mesa, em uma mesa, em uma mesa, em uma mesa, em uma mesa, em uma mesa"
2675,-1,,,,"Um grupo de pessoas sentados em uma mesa em um consultório, sentando-se em uma mesa, em uma mesa, em uma mesa, em uma mesa, em uma mesa, em uma mesa, em uma mesa, em uma mesa, em uma mesa, em uma mesa, em uma mesa"
2676,-1,,,,Veículo veicular veicular veicular veicular veicular veicular veicular veicular veicular veicular veicular veicular veicular veicular veicular veicular veicular veicular veicular veicular veicular veicular veicular veicular veicular veicular veicular veicular veicular veicular ve
2677,-1,,,,Veículo veicular veicular veicular veicular veicular veicular veicular veicular veicular veicular veicular veicular veicular veicular veicular veicular veicular veicular veicular veicular veicular veicular veicular veicular veicular veicular veicular veicular veicular veicular ve
2678,-1,,,,"Um grupo de pessoas sentados em uma mesa em um consultório, sentando-se em uma mesa, em uma mesa, em uma mesa, em uma mesa, em uma mesa, em uma mesa, em uma mesa, em uma mesa, em uma mesa, em uma mesa, em uma mesa"
2679,-1,,,,"Um grupo de pessoas sentados em uma mesa em um consultório, sentando-se em uma mesa, em uma mesa, em uma mesa, em uma mesa, em uma mesa, em uma mesa, em uma mesa, em uma mesa, em uma mesa, em uma mesa, em uma mesa"
2680,-1,,,,"Um grupo de pessoas sentados em uma mesa em um consultório, sentando-se em uma mesa, em uma mesa, em uma mesa, em uma mesa, em uma mesa, em uma mesa, em uma mesa, em uma mesa, em uma mesa, em uma mesa, em uma mesa"
2681,-1,,,,"Um grupo de pessoas sentados em uma mesa em um consultório, sentando-se em uma mesa, em uma mesa, em uma mesa, em uma mesa, em uma mesa, em uma mesa, em uma mesa, em uma mesa, em uma mesa, em uma mesa, em uma mesa"
2682,-1,,,,"Um grupo de pessoas sentados em uma mesa em um consultório, sentando-se em uma mesa, em uma mesa, em uma mesa, em uma mesa, em uma mesa, em uma mesa, em uma mesa, em uma mesa, em uma mesa, em uma mesa, em uma mesa"
2683,-1,,,,"Um grupo de pessoas sentados em uma mesa em um consultório, sentando-se em uma mesa, em uma mesa, em uma mesa, em uma mesa, em uma mesa, em uma mesa, em uma mesa, em uma mesa, em uma mesa, em uma mesa, em uma mesa"
2684,-1,,,,"Um grupo de pessoas sentados em uma mesa em um consultório, sentando-se em uma mesa, em uma mesa, em uma mesa, em uma mesa, em uma mesa, em uma mesa, em uma mesa, em uma mesa, em uma mesa, em uma mesa, em uma mesa"
2685,-1,,,,"Um grupo de pessoas sentados em uma mesa em um consultório, sentando-se em uma mesa, em uma mesa, em uma mesa, em uma mesa, em uma mesa, em uma mesa, em uma mesa, em uma mesa, em uma mesa, em uma mesa, em uma mesa"
2686,-1,,,,"Um grupo de pessoas sentados em uma mesa em um consultório, sentando-se em uma mesa, em uma mesa, em uma mesa, em uma mesa, em uma mesa, em uma mesa, em uma mesa, em uma mesa, em uma mesa, em uma mesa, em uma mesa"
2687,-1,,,,"Um grupo de pessoas sentados em uma mesa em um consultório, sentando-se em uma mesa, em uma mesa, em uma mesa, em uma mesa, em uma mesa, em uma mesa, em uma mesa, em uma mesa, em uma mesa, em uma mesa, em uma mesa"
2688,-1,,,,"Um grupo de pessoas sentados em uma mesa em um consultório, sentando-se em uma mesa, em uma mesa, em uma mesa, em uma mesa, em uma mesa, em uma mesa, em uma mesa, em uma mesa, em uma mesa, em uma mesa, em uma mesa"
2689,-1,,,,"Um grupo de pessoas sentados em uma mesa em um consultório, sentando-se em uma mesa, em uma mesa, em uma mesa, em uma mesa, em uma mesa, em uma mesa, em uma mesa, em uma mesa, em uma mesa, em uma mesa, em uma mesa"
2690,-1,,,,"Um grupo de pessoas sentados em uma mesa em um consultório, sentando-se em uma mesa, em uma mesa, em uma mesa, em uma mesa, em uma mesa, em uma mesa, em uma mesa, em uma mesa, em uma mesa, em uma mesa, em uma mesa"
2691,-1,,,,"Um grupo de pessoas sentados em uma mesa em um consultório, sentando-se em uma mesa, em uma mesa, em uma mesa, em uma mesa, em uma mesa, em uma mesa, em uma mesa, em uma mesa, em uma mesa, em uma mesa, em uma mesa"
2692,-1,,,,"Um grupo de pessoas sentados em uma mesa em um consultório, sentando-se em uma mesa, em uma mesa, em uma mesa, em uma mesa, em uma mesa, em uma mesa, em uma mesa, em uma mesa, em uma mesa, em uma mesa, em uma mesa"
2693,-1,,,,"Um grupo de pessoas sentados em uma mesa em um consultório, sentando-se em uma mesa, em uma mesa, em uma mesa, em uma mesa, em uma mesa, em uma mesa, em uma mesa, em uma mesa, em uma mesa, em uma mesa, em uma mesa"
2694,-1,,,,"Um grupo de pessoas sentados em uma mesa em um consultório, sentando-se em uma mesa, em uma mesa, em uma mesa, em uma mesa, em uma mesa, em uma mesa, em uma mesa, em uma mesa, em uma mesa, em uma mesa, em uma mesa"
2695,-1,,,,"Um grupo de pessoas sentados em uma mesa em um consultório, sentando-se em uma mesa, em uma mesa, em uma mesa, em uma mesa, em uma mesa, em uma mesa, em uma mesa, em uma mesa, em uma mesa, em uma mesa, em uma mesa"
2696,-1,,,,"Um grupo de pessoas sentados em uma mesa em um consultório, sentando-se em uma mesa, em uma mesa, em uma mesa, em uma mesa, em uma mesa, em uma mesa, em uma mesa, em uma mesa, em uma mesa, em uma mesa, em uma mesa"
2697,-1,,,,"Um grupo de pessoas sentados em uma mesa em um consultório, sentando-se em uma mesa, em uma mesa, em uma mesa, em uma mesa, em uma mesa, em uma mesa, em uma mesa, em uma mesa, em uma mesa, em uma mesa, em uma mesa"
2698,-1,,,,"Um grupo de pessoas sentados em uma mesa em um consultório, sentando-se em uma mesa, em uma mesa, em uma mesa, em uma mesa, em uma mesa, em uma mesa, em uma mesa, em uma mesa, em uma mesa, em uma mesa, em uma mesa"
2699,17,pessoa17,Neutro,75.15862274169922,"Um grupo de pessoas sentados em uma mesa em um consultório, sentando-se em uma mesa, em uma mesa, em uma mesa, em uma mesa, em uma mesa, em uma mesa, em uma mesa, em uma mesa, em uma mesa, em uma mesa, em uma mesa"
2700,17,pessoa17,Triste,37.66271209716797,"Um grupo de pessoas sentados em uma mesa em um consultório, sentando-se em uma mesa, em uma mesa, em uma mesa, em uma mesa, em uma mesa, em uma mesa, em uma mesa, em uma mesa, em uma mesa, em uma mesa, em uma mesa"
2701,17,pessoa17,Neutro,67.88255310058594,"Um grupo de pessoas sentados em uma mesa em um consultório, sentando-se em uma mesa, em uma mesa, em uma mesa, em uma mesa, em uma mesa, em uma mesa, em uma mesa, em uma mesa, em uma mesa, em uma mesa, em uma mesa"
2702,17,pessoa17,Neutro,48.36553192138672,"Um grupo de pessoas sentados em uma mesa em um consultório, sentando-se em uma mesa, em uma mesa, em uma mesa, em uma mesa, em uma mesa, em uma mesa, em uma mesa, em uma mesa, em uma mesa, em uma mesa, em uma mesa"
2703,17,pessoa17,Raiva,93.11906433105469,"Um grupo de pessoas sentados em uma mesa em um consultório, sentando-se em uma mesa, em uma mesa, em uma mesa, em uma mesa, em uma mesa, em uma mesa, em uma mesa, em uma mesa, em uma mesa, em uma mesa, em uma mesa"
2704,17,pessoa17,Triste,50.64775085449219,"Um grupo de pessoas sentados em uma mesa em um consultório, sentando-se em uma mesa, em uma mesa, em uma mesa, em uma mesa, em uma mesa, em uma mesa, em uma mesa, em uma mesa, em uma mesa, em uma mesa, em uma mesa"
2705,-1,,,,"Um grupo de pessoas sentados em uma mesa em um consultório, sentando-se em uma mesa, em uma mesa, em uma mesa, em uma mesa, em uma mesa, em uma mesa, em uma mesa, em uma mesa, em uma mesa, em uma mesa, em uma mesa"
2706,-1,,,,"Um grupo de pessoas sentados em uma mesa em um consultório, sentando-se em uma mesa, em uma mesa, em uma mesa, em uma mesa, em uma mesa, em uma mesa, em uma mesa, em uma mesa, em uma mesa, em uma mesa, em uma mesa"
2707,-1,,,,"Um grupo de pessoas sentados em uma mesa em um consultório, sentando-se em uma mesa, em uma mesa, em uma mesa, em uma mesa, em uma mesa, em uma mesa, em uma mesa, em uma mesa, em uma mesa, em uma mesa, em uma mesa"
2708,-1,,,,"Um grupo de pessoas sentados em uma mesa em um consultório, sentando-se em uma mesa, em uma mesa, em uma mesa, em uma mesa, em uma mesa, em uma mesa, em uma mesa, em uma mesa, em uma mesa, em uma mesa, em uma mesa"
2709,-1,,,,"Um grupo de pessoas sentados em uma mesa em um consultório, sentando-se em uma mesa, em uma mesa, em uma mesa, em uma mesa, em uma mesa, em uma mesa, em uma mesa, em uma mesa, em uma mesa, em uma mesa, em uma mesa"
2710,-1,,,,"Um grupo de pessoas sentados em uma mesa em um consultório, sentando-se em uma mesa, em uma mesa, em uma mesa, em uma mesa, em uma mesa, em uma mesa, em uma mesa, em uma mesa, em uma mesa, em uma mesa, em uma mesa"
2711,-1,,,,"Um grupo de pessoas sentados em uma mesa em um consultório, sentando-se em uma mesa, em uma mesa, em uma mesa, em uma mesa, em uma mesa, em uma mesa, em uma mesa, em uma mesa, em uma mesa, em uma mesa, em uma mesa"
2712,-1,,,,"Um grupo de pessoas sentados em uma mesa em um consultório, sentando-se em uma mesa, em uma mesa, em uma mesa, em uma mesa, em uma mesa, em uma mesa, em uma mesa, em uma mesa, em uma mesa, em uma mesa, em uma mesa"
2713,-1,,,,"Um grupo de pessoas sentados em uma mesa em um consultório, sentando-se em uma mesa, em uma mesa, em uma mesa, em uma mesa, em uma mesa, em uma mesa, em uma mesa, em uma mesa, em uma mesa, em uma mesa, em uma mesa"
2714,-1,,,,"Um grupo de pessoas sentados em uma mesa em um consultório, sentando-se em uma mesa, em uma mesa, em uma mesa, em uma mesa, em uma mesa, em uma mesa, em uma mesa, em uma mesa, em uma mesa, em uma mesa, em uma mesa"
2715,-1,,,,"Um grupo de pessoas sentados em uma mesa em um consultório, sentando-se em uma mesa, em uma mesa, em uma mesa, em uma mesa, em uma mesa, em uma mesa, em uma mesa, em uma mesa, em uma mesa, em uma mesa, em uma mesa"
2716,-1,,,,"Um grupo de pessoas sentados em uma mesa em um consultório, sentando-se em uma mesa, em uma mesa, em uma mesa, em uma mesa, em uma mesa, em uma mesa, em uma mesa, em uma mesa, em uma mesa, em uma mesa, em uma mesa"
2717,-1,,,,"Um grupo de pessoas sentados em uma mesa em um consultório, sentando-se em uma mesa, em uma mesa, em uma mesa, em uma mesa, em uma mesa, em uma mesa, em uma mesa, em uma mesa, em uma mesa, em uma mesa, em uma mesa"
2718,-1,,,,"Um grupo de pessoas sentados em uma mesa em um consultório, sentando-se em uma mesa, em uma mesa, em uma mesa, em uma mesa, em uma mesa, em uma mesa, em uma mesa, em uma mesa, em uma mesa, em uma mesa, em uma mesa"
2719,-1,,,,"Um grupo de pessoas sentados em uma mesa em um consultório, sentando-se em uma mesa, em uma mesa, em uma mesa, em uma mesa, em uma mesa, em uma mesa, em uma mesa, em uma mesa, em uma mesa, em uma mesa, em uma mesa"
2720,-1,,,,"Um grupo de pessoas sentados em uma mesa em um consultório, sentando-se em uma mesa, em uma mesa, em uma mesa, em uma mesa, em uma mesa, em uma mesa, em uma mesa, em uma mesa, em uma mesa, em uma mesa, em uma mesa"
2721,-1,,,,"Um grupo de pessoas sentados em uma mesa em um consultório, sentando-se em uma mesa, em uma mesa, em uma mesa, em uma mesa, em uma mesa, em uma mesa, em uma mesa, em uma mesa, em uma mesa, em uma mesa, em uma mesa"
2722,-1,,,,"Um grupo de pessoas sentados em uma mesa em um consultório, sentando-se em uma mesa, em uma mesa, em uma mesa, em uma mesa, em uma mesa, em uma mesa, em uma mesa, em uma mesa, em uma mesa, em uma mesa, em uma mesa"
2723,-1,,,,"Um grupo de pessoas sentados em uma mesa em um consultório, sentando-se em uma mesa, em uma mesa, em uma mesa, em uma mesa, em uma mesa, em uma mesa, em uma mesa, em uma mesa, em uma mesa, em uma mesa, em uma mesa"
2724,-1,,,,"Um grupo de pessoas sentados em uma mesa em um consultório, sentando-se em uma mesa, em uma mesa, em uma mesa, em uma mesa, em uma mesa, em uma mesa, em uma mesa, em uma mesa, em uma mesa, em uma mesa, em uma mesa"
2725,-1,,,,"Um grupo de pessoas sentados em uma mesa em um consultório, sentando-se em uma mesa, em uma mesa, em uma mesa, em uma mesa, em uma mesa, em uma mesa, em uma mesa, em uma mesa, em uma mesa, em uma mesa, em uma mesa"
2726,-1,,,,"Um grupo de pessoas sentados em uma mesa em um consultório, sentando-se em uma mesa, em uma mesa, em uma mesa, em uma mesa, em uma mesa, em uma mesa, em uma mesa, em uma mesa, em uma mesa, em uma mesa, em uma mesa"
2727,-1,,,,"Um grupo de pessoas sentados em uma mesa em um consultório, sentando-se em uma mesa, em uma mesa, em uma mesa, em uma mesa, em uma mesa, em uma mesa, em uma mesa, em uma mesa, em uma mesa, em uma mesa, em uma mesa"
2728,-1,,,,"Um grupo de pessoas sentados em uma mesa em um consultório, sentando-se em uma mesa, em uma mesa, em uma mesa, em uma mesa, em uma mesa, em uma mesa, em uma mesa, em uma mesa, em uma mesa, em uma mesa, em uma mesa"
2729,-1,,,,"Um grupo de pessoas sentados em uma mesa em um consultório, sentando-se em uma mesa, em uma mesa, em uma mesa, em uma mesa, em uma mesa, em uma mesa, em uma mesa, em uma mesa, em uma mesa, em uma mesa, em uma mesa"
2730,-1,,,,"Um grupo de pessoas sentados em uma mesa em um consultório, sentando-se em uma mesa, em uma mesa, em uma mesa, em uma mesa, em uma mesa, em uma mesa, em uma mesa, em uma mesa, em uma mesa, em uma mesa, em uma mesa"
2731,-1,,,,"Um grupo de pessoas sentados em uma mesa em um consultório, sentando-se em uma mesa, em uma mesa, em uma mesa, em uma mesa, em uma mesa, em uma mesa, em uma mesa, em uma mesa, em uma mesa, em uma mesa, em uma mesa"
2732,-1,,,,"Um grupo de pessoas sentados em uma mesa em um consultório, sentando-se em uma mesa, em uma mesa, em uma mesa, em uma mesa, em uma mesa, em uma mesa, em uma mesa, em uma mesa, em uma mesa, em uma mesa, em uma mesa"
2733,-1,,,,"Um grupo de pessoas sentados em uma mesa em um consultório, sentando-se em uma mesa, em uma mesa, em uma mesa, em uma mesa, em uma mesa, em uma mesa, em uma mesa, em uma mesa, em uma mesa, em uma mesa, em uma mesa"
2734,-1,,,,"Um grupo de pessoas sentados em uma mesa em um consultório, sentando-se em uma mesa, em uma mesa, em uma mesa, em uma mesa, em uma mesa, em uma mesa, em uma mesa, em uma mesa, em uma mesa, em uma mesa, em uma mesa"
2735,-1,,,,"Um grupo de pessoas sentados em uma mesa em um consultório, sentando-se em uma mesa, em uma mesa, em uma mesa, em uma mesa, em uma mesa, em uma mesa, em uma mesa, em uma mesa, em uma mesa, em uma mesa, em uma mesa"
2736,17,pessoa17,Neutro,94.55947875976562,"Um grupo de pessoas sentados em uma mesa em um consultório, sentando-se em uma mesa, em uma mesa, em uma mesa, em uma mesa, em uma mesa, em uma mesa, em uma mesa, em uma mesa, em uma mesa, em uma mesa, em uma mesa"
2737,17,pessoa17,Neutro,97.53282928466797,"Um grupo de pessoas sentados em uma mesa em um consultório, sentando-se em uma mesa, em uma mesa, em uma mesa, em uma mesa, em uma mesa, em uma mesa, em uma mesa, em uma mesa, em uma mesa, em uma mesa, em uma mesa"
2738,17,pessoa17,Neutro,91.70352172851562,"Um grupo de pessoas sentados em uma mesa em um consultório, sentando-se em uma mesa, em uma mesa, em uma mesa, em uma mesa, em uma mesa, em uma mesa, em uma mesa, em uma mesa, em uma mesa, em uma mesa, em uma mesa"
2739,-1,,,,"Um grupo de pessoas sentados em uma mesa em um consultório, sentando-se em uma mesa, em uma mesa, em uma mesa, em uma mesa, em uma mesa, em uma mesa, em uma mesa, em uma mesa, em uma mesa, em uma mesa, em uma mesa"
2740,-1,,,,"Um grupo de pessoas sentados em uma mesa em um consultório, sentando-se em uma mesa, em uma mesa, em uma mesa, em uma mesa, em uma mesa, em uma mesa, em uma mesa, em uma mesa, em uma mesa, em uma mesa, em uma mesa"
2741,-1,,,,"Um grupo de pessoas sentados em uma mesa em um consultório, sentando-se em uma mesa, em uma mesa, em uma mesa, em uma mesa, em uma mesa, em uma mesa, em uma mesa, em uma mesa, em uma mesa, em uma mesa, em uma mesa"
2742,-1,,,,"Um grupo de pessoas sentados em uma mesa em um consultório, sentando-se em uma mesa, em uma mesa, em uma mesa, em uma mesa, em uma mesa, em uma mesa, em uma mesa, em uma mesa, em uma mesa, em uma mesa, em uma mesa"
2743,-1,,,,"Um grupo de pessoas sentados em uma mesa em um consultório, sentando-se em uma mesa, em uma mesa, em uma mesa, em uma mesa, em uma mesa, em uma mesa, em uma mesa, em uma mesa, em uma mesa, em uma mesa, em uma mesa"
2744,-1,,,,"Um grupo de pessoas sentados em uma mesa em um consultório, sentando-se em uma mesa, em uma mesa, em uma mesa, em uma mesa, em uma mesa, em uma mesa, em uma mesa, em uma mesa, em uma mesa, em uma mesa, em uma mesa"
2745,-1,,,,"Um grupo de pessoas sentados em uma mesa em um consultório, sentando-se em uma mesa, em uma mesa, em uma mesa, em uma mesa, em uma mesa, em uma mesa, em uma mesa, em uma mesa, em uma mesa, em uma mesa, em uma mesa"
2746,-1,,,,"Um grupo de pessoas sentados em uma mesa em um consultório, sentando-se em uma mesa, em uma mesa, em uma mesa, em uma mesa, em uma mesa, em uma mesa, em uma mesa, em uma mesa, em uma mesa, em uma mesa, em uma mesa"
2747,-1,,,,"Um grupo de pessoas sentados em uma mesa em um consultório, sentando-se em uma mesa, em uma mesa, em uma mesa, em uma mesa, em uma mesa, em uma mesa, em uma mesa, em uma mesa, em uma mesa, em uma mesa, em uma mesa"
2748,-1,,,,"Um grupo de pessoas sentados em uma mesa em um consultório, sentando-se em uma mesa, em uma mesa, em uma mesa, em uma mesa, em uma mesa, em uma mesa, em uma mesa, em uma mesa, em uma mesa, em uma mesa, em uma mesa"
2749,-1,,,,"Um grupo de pessoas sentados em uma mesa em um consultório, sentando-se em uma mesa, em uma mesa, em uma mesa, em uma mesa, em uma mesa, em uma mesa, em uma mesa, em uma mesa, em uma mesa, em uma mesa, em uma mesa"
2750,-1,,,,"Um grupo de pessoas sentadas em torno de uma mesa, sentadas em torno de uma mesa, sentadas em torno de uma mesa, sentadas em torno de uma mesa, sentadas em torno de uma mesa, sentadas em torno de uma mesa, sentadas em torno"
2751,-1,,,,"Um grupo de pessoas sentados em uma mesa em um consultório, sentando-se em uma mesa, em uma mesa, em uma mesa, em uma mesa, em uma mesa, em uma mesa, em uma mesa, em uma mesa, em uma mesa, em uma mesa, em uma mesa"
2752,-1,,,,"Um grupo de pessoas sentados em uma mesa em um consultório, sentando-se em uma mesa, em uma mesa, em uma mesa, em uma mesa, em uma mesa, em uma mesa, em uma mesa, em uma mesa, em uma mesa, em uma mesa, em uma mesa"
2753,-1,,,,"Um grupo de pessoas sentados em uma mesa em um consultório, sentando-se em uma mesa, em uma mesa, em uma mesa, em uma mesa, em uma mesa, em uma mesa, em uma mesa, em uma mesa, em uma mesa, em uma mesa, em uma mesa"
2754,-1,,,,"Um grupo de pessoas sentados em uma mesa em um consultório, sentando-se em uma mesa, em uma mesa, em uma mesa, em uma mesa, em uma mesa, em uma mesa, em uma mesa, em uma mesa, em uma mesa, em uma mesa, em uma mesa"
2755,-1,,,,"Um grupo de pessoas sentados em uma mesa em um consultório, sentando-se em uma mesa, em uma mesa, em uma mesa, em uma mesa, em uma mesa, em uma mesa, em uma mesa, em uma mesa, em uma mesa, em uma mesa, em uma mesa"
2756,-1,,,,"Um grupo de pessoas sentados em uma mesa em um consultório, sentando-se em uma mesa, em uma mesa, em uma mesa, em uma mesa, em uma mesa, em uma mesa, em uma mesa, em uma mesa, em uma mesa, em uma mesa, em uma mesa"
2757,-1,,,,"Um grupo de pessoas sentados em uma mesa em um consultório, sentando-se em uma mesa, em uma mesa, em uma mesa, em uma mesa, em uma mesa, em uma mesa, em uma mesa, em uma mesa, em uma mesa, em uma mesa, em uma mesa"
2758,-1,,,,"Um grupo de pessoas sentados em uma mesa em um consultório, sentando-se em uma mesa, em uma mesa, em uma mesa, em uma mesa, em uma mesa, em uma mesa, em uma mesa, em uma mesa, em uma mesa, em uma mesa, em uma mesa"
2759,-1,,,,"Um grupo de pessoas sentados em uma mesa em um consultório, sentando-se em uma mesa, em uma mesa, em uma mesa, em uma mesa, em uma mesa, em uma mesa, em uma mesa, em uma mesa, em uma mesa, em uma mesa, em uma mesa"
2760,-1,,,,"Uma mesa branca com uma revista nela inserida, com uma mesa branca, com uma revista."
2761,-1,,,,"Uma mesa branca com uma revista nela inserida, com uma mesa branca, com uma revista."
2762,-1,,,,"Uma mesa branca com uma revista nela inserida, com uma mesa branca, com uma revista."
2763,-1,,,,Uma pequena mesa com uma revista sobre ela.
2764,-1,,,,Uma pequena mesa com uma revista sobre ela.
2765,-1,,,,Uma pequena mesa com uma revista sobre ela.
2766,-1,,,,Uma pequena mesa com uma revista sobre ela.
2767,-1,,,,Uma pequena mesa com uma revista sobre ela.
2768,-1,,,,Uma pequena mesa com uma revista sobre ela.
2769,-1,,,,Uma pequena mesa com uma revista sobre ela.
2770,-1,,,,Uma pequena mesa com uma revista sobre ela.
2771,-1,,,,Uma pequena mesa com uma revista sobre ela.
2772,-1,,,,Uma pequena mesa com uma revista sobre ela.
2773,-1,,,,Uma pequena mesa com uma revista sobre ela.
2774,-1,,,,Uma pequena mesa com uma revista sobre ela.
2775,-1,,,,Uma pequena mesa com uma revista sobre ela.
2776,-1,,,,Uma pequena mesa com uma revista sobre ela.
2777,-1,,,,Uma pequena mesa com uma revista sobre ela.
2778,-1,,,,Uma pequena mesa com uma revista sobre ela.
2779,-1,,,,Uma pequena mesa com uma revista sobre ela.
2780,-1,,,,Uma pequena mesa com uma revista sobre ela.
2781,-1,,,,Uma pequena mesa com uma revista sobre ela.
2782,-1,,,,Uma pequena mesa com uma revista sobre ela.
2783,-1,,,,Uma pequena mesa com uma revista sobre ela.
2784,-1,,,,Uma pequena mesa com uma revista sobre ela.
2785,-1,,,,Uma pequena mesa com uma revista sobre ela.
2786,-1,,,,Uma pequena mesa com uma revista sobre ela.
2787,-1,,,,Uma pequena mesa com uma revista sobre ela.
2788,-1,,,,Uma pequena mesa com uma revista sobre ela.
2789,-1,,,,Uma pequena mesa com uma revista sobre ela.
2790,-1,,,,Uma pequena mesa com uma revista sobre ela.
2791,-1,,,,Uma pequena mesa com uma revista sobre ela.
2792,-1,,,,Uma pequena mesa com uma revista sobre ela.
2793,-1,,,,Uma pequena mesa com uma revista sobre ela.
2794,-1,,,,Uma pequena mesa com uma revista sobre ela.
2795,-1,,,,Uma pequena mesa com uma revista sobre ela.
2796,-1,,,,Uma pequena mesa com uma revista sobre ela.
2797,-1,,,,Uma pequena mesa com uma revista sobre ela.
2798,-1,,,,Uma pequena mesa com uma revista sobre ela.
2799,-1,,,,Uma pequena mesa com uma revista sobre ela.
2800,-1,,,,Uma pequena mesa com uma revista sobre ela.
2801,-1,,,,Uma pequena mesa com uma revista sobre ela.
2802,-1,,,,Uma pequena mesa com uma revista sobre ela.
2803,-1,,,,Uma pequena mesa com uma revista sobre ela.
2804,-1,,,,Uma pequena mesa com um computador sobre ela.
2805,-1,,,,Uma pequena mesa com um computador sobre ela.
2806,-1,,,,Uma pequena mesa com um computador sobre ela.
2807,-1,,,,Uma pequena mesa com uma revista sobre ela.
2808,-1,,,,Uma pequena mesa com uma revista sobre ela.
2809,-1,,,,Uma pequena mesa com uma revista sobre ela.
2810,-1,,,,Uma pequena mesa com uma revista sobre ela.
2811,-1,,,,Uma pequena mesa com um computador sobre ela.
2812,-1,,,,Uma pequena mesa com uma revista sobre ela.
2813,-1,,,,Uma pequena mesa com um computador sobre ela.
2814,-1,,,,Uma pequena mesa com uma revista sobre ela.
2815,-1,,,,Uma pequena mesa com uma revista sobre ela.
2816,-1,,,,Uma pequena mesa com uma revista sobre ela.
2817,-1,,,,Uma pequena mesa com uma revista sobre ela.
2818,-1,,,,Uma pequena mesa com uma revista sobre ela.
2819,-1,,,,Uma pequena mesa com uma revista sobre ela.
2820,-1,,,,Uma pequena mesa com uma revista sobre ela.
2821,-1,,,,Uma pequena mesa com uma revista sobre ela.
2822,-1,,,,Uma pequena mesa com uma revista sobre ela.
2823,-1,,,,Uma pequena mesa com uma revista sobre ela.
2824,-1,,,,Uma pequena mesa com um computador sobre ela.
2825,-1,,,,Uma pequena mesa com um computador sobre ela.
2826,-1,,,,Uma pequena mesa com um computador sobre ela.
2827,-1,,,,Uma pequena mesa com um computador sobre ela.
2828,-1,,,,Uma pequena mesa com um computador sobre ela.
2829,-1,,,,Uma pequena mesa com um computador sobre ela.
2830,-1,,,,Uma pequena mesa com um computador sobre ela.
2831,-1,,,,Uma pequena mesa com um computador sobre ela.
2832,-1,,,,Uma pequena mesa com um computador sobre ela.
2833,-1,,,,Uma pequena mesa com um computador sobre ela.
2834,-1,,,,Uma pequena mesa com um computador sobre ela.
2835,-1,,,,Uma pequena mesa com um computador sobre ela.
2836,-1,,,,Uma pequena mesa com um computador sobre ela.
2837,-1,,,,Uma pequena mesa com um computador sobre ela.
2838,-1,,,,Uma pequena mesa com um computador sobre ela.
2839,-1,,,,Uma pequena mesa com um computador sobre ela.
2840,-1,,,,Uma pequena mesa com um computador sobre ela.
2841,-1,,,,Uma pequena mesa com um computador sobre ela.
2842,-1,,,,Uma pequena mesa com uma revista sobre ela.
2843,-1,,,,Uma pequena mesa com uma revista sobre ela.
2844,-1,,,,Uma pequena mesa com uma revista sobre ela.
2845,-1,,,,Uma pequena mesa com uma revista sobre ela.
2846,-1,,,,Uma pequena mesa com uma revista sobre ela.
2847,-1,,,,Uma pequena mesa com um computador sobre ela.
2848,-1,,,,Uma pequena mesa com um computador sobre ela.
2849,-1,,,,Uma pequena mesa com um computador sobre ela.
2850,-1,,,,Uma pequena mesa com um computador sobre ela.
2851,-1,,,,Uma pequena mesa com um computador sobre ela.
2852,-1,,,,Uma pequena mesa com um computador sobre ela.
2853,-1,,,,Uma pequena mesa com um computador sobre ela.
2854,-1,,,,Uma pequena mesa com um computador sobre ela.
2855,-1,,,,Uma pequena mesa com um computador sobre ela.
2856,-1,,,,Uma pequena mesa com um computador sobre ela.
2857,-1,,,,Uma pequena mesa com um computador sobre ela.
2858,-1,,,,Uma pequena mesa com um computador sobre ela.
2859,-1,,,,Uma pequena mesa com um computador sobre ela.
2860,-1,,,,Uma pequena mesa com um computador sobre ela.
2861,-1,,,,Uma pequena mesa com um computador sobre ela.
2862,-1,,,,Uma pequena mesa com um computador sobre ela.
2863,-1,,,,Uma pequena mesa com um computador sobre ela.
2864,-1,,,,Uma pequena mesa com um computador sobre ela.
2865,-1,,,,Uma pequena mesa com um computador sobre ela.
2866,-1,,,,Uma pequena mesa com um computador sobre ela.
2867,-1,,,,Uma pequena mesa com um computador sobre ela.
2868,-1,,,,Uma pequena mesa com um computador sobre ela.
2869,-1,,,,Uma pequena mesa com um computador sobre ela.
2870,-1,,,,Uma pequena mesa com um computador sobre ela.
2871,-1,,,,Uma pequena mesa com um computador sobre ela.
2872,-1,,,,Uma pequena mesa com uma revista sobre ela.
2873,-1,,,,Uma pequena mesa com uma revista sobre ela.
2874,-1,,,,Uma pequena mesa com uma revista sobre ela.
2875,-1,,,,Uma pequena mesa com uma revista sobre ela.
2876,-1,,,,Uma pequena mesa com uma revista sobre ela.
2877,-1,,,,Uma pequena mesa com uma revista sobre ela.
2878,-1,,,,Uma pequena mesa com uma revista sobre ela.
2879,-1,,,,Uma pequena mesa com uma revista sobre ela.
2880,-1,,,,Uma pequena mesa com uma revista sobre ela.
2881,-1,,,,Uma pequena mesa com uma revista sobre ela.
2882,-1,,,,Uma pequena mesa com uma revista sobre ela.
2883,-1,,,,Uma pequena mesa com uma revista sobre ela.
2884,-1,,,,Uma pequena mesa com uma revista sobre ela.
2885,-1,,,,Uma pequena mesa com uma revista sobre ela.
2886,-1,,,,Uma pequena mesa com uma revista sobre ela.
2887,-1,,,,Uma pequena mesa com um computador sobre ela.
2888,-1,,,,Uma pequena mesa com um computador sobre ela.
2889,-1,,,,Uma pequena mesa com um computador sobre ela.
2890,-1,,,,Uma pequena mesa com um computador sobre ela.
2891,-1,,,,Uma pequena mesa com um computador sobre ela.
2892,-1,,,,Uma pequena mesa com um computador sobre ela.
2893,-1,,,,Uma pequena mesa com um computador sobre ela.
2894,-1,,,,Uma pequena mesa com um computador sobre ela.
2895,-1,,,,Uma pequena mesa com um computador sobre ela.
2896,-1,,,,Uma pequena mesa com um computador sobre ela.
2897,-1,,,,Uma pequena mesa com um computador sobre ela.
2898,-1,,,,Uma pequena mesa com uma revista sobre ela.
2899,-1,,,,Uma pequena mesa com um computador sobre ela.
2900,-1,,,,Uma pequena mesa com um computador sobre ela.
2901,-1,,,,Uma pequena mesa com um computador sobre ela.
2902,-1,,,,Uma pequena mesa com um computador sobre ela.
2903,-1,,,,Uma pequena mesa com uma revista sobre ela.
2904,-1,,,,Uma pequena mesa com uma revista sobre ela.
2905,-1,,,,Uma pequena mesa com um computador sobre ela.
2906,-1,,,,Uma pequena mesa com uma revista sobre ela.
2907,-1,,,,Uma pequena mesa com uma revista sobre ela.
2908,-1,,,,Uma pequena mesa com uma revista sobre ela.
2909,-1,,,,Uma pequena mesa com uma revista sobre ela.
2910,-1,,,,Uma pequena mesa com uma revista sobre ela.
2911,-1,,,,Uma pequena mesa com uma revista sobre ela.
2912,-1,,,,Uma pequena mesa com uma revista sobre ela.
2913,-1,,,,Uma pequena mesa com uma revista sobre ela.
2914,-1,,,,Uma pequena mesa com uma revista sobre ela.
2915,-1,,,,Uma pequena mesa com uma revista sobre ela.
2916,-1,,,,Uma pequena mesa com uma revista sobre ela.
2917,-1,,,,Uma pequena mesa com uma revista sobre ela.
2918,-1,,,,Uma pequena mesa com uma revista sobre ela.
2919,-1,,,,Uma pequena mesa com uma revista sobre ela.
2920,-1,,,,Uma pequena mesa com uma revista sobre ela.
2921,-1,,,,Uma pequena mesa com uma revista sobre ela.
2922,-1,,,,Uma pequena mesa com uma revista sobre ela.
2923,-1,,,,Uma pequena mesa com uma revista sobre ela.
2924,-1,,,,Uma pequena mesa com uma revista sobre ela.
2925,-1,,,,Uma pequena mesa com uma revista sobre ela.
2926,-1,,,,Uma pequena mesa com uma revista sobre ela.
2927,-1,,,,Uma pequena mesa com um computador sobre ela.
2928,-1,,,,Uma pequena mesa com um computador sobre ela.
2929,-1,,,,Uma pequena mesa com um computador sobre ela.
2930,-1,,,,Uma pequena mesa com um computador sobre ela.
2931,-1,,,,Uma pequena mesa com um computador sobre ela.
2932,-1,,,,Uma pequena mesa com um computador sobre ela.
2933,-1,,,,Uma pequena mesa com um computador sobre ela.
2934,-1,,,,Uma pequena mesa com um computador sobre ela.
2935,-1,,,,Uma pequena mesa com um computador sobre ela.
2936,-1,,,,Uma pequena mesa com uma revista sobre ela.
2937,-1,,,,Uma pequena mesa com uma revista sobre ela.
2938,-1,,,,Uma pequena mesa com uma revista sobre ela.
2939,-1,,,,Uma pequena mesa com um computador sobre ela.
2940,-1,,,,"Uma mulher sentada em uma mesa com um laptop e uma célula, sentada em uma mesa com uma mesa e uma mulher com uma mesa."
2941,-1,,,,"Uma mulher sentada em uma mesa com um laptop e uma célula, sentada em uma mesa com uma mesa e uma mulher com uma mesa."
2942,-1,,,,"Uma mulher sentada em uma mesa com um laptop e uma célula, sentada em uma mesa com uma mesa e uma mulher com uma mesa."
2943,-1,,,,"Uma mulher sentada em uma mesa com um laptop e uma célula, sentada em uma mesa com uma mesa e uma mulher com uma mesa."
2944,-1,,,,"Uma mulher sentada em uma mesa com um laptop e uma célula, sentada em uma mesa com uma mesa e uma mulher com uma mesa."
2945,-1,,,,"Uma mulher sentada numa mesa com um computador e um copo, sentado numa mesa com um computador e um copo, sentado numa mesa com um computador e um copo, sentado numa mesa com um computador e um copo, sentado numa mesa com um computador e um copo, sentado numa mesa com um"
2946,-1,,,,"Uma mulher sentada em uma mesa com um laptop e uma célula, sentada em uma mesa com uma mesa e uma mulher com uma mesa."
2947,-1,,,,"Uma mulher sentada em uma mesa com um laptop e uma célula, sentada em uma mesa com uma mesa e uma mulher com uma mesa."
2948,-1,,,,"Uma mulher sentada em uma mesa com um laptop e uma célula, sentada em uma mesa com uma mesa e uma mulher com uma mesa."
2949,-1,,,,"Uma mulher sentada numa mesa com um computador e um copo, sentado numa mesa com um computador e um copo, sentado numa mesa com um computador e um copo, sentado numa mesa com um computador e um copo, sentado numa mesa com um computador e um copo, sentado numa mesa com um"
2950,-1,,,,"Uma mulher sentada numa mesa com um computador e um copo, sentado numa mesa com um computador e um copo, sentado numa mesa com um computador e um copo, sentado numa mesa com um computador e um copo, sentado numa mesa com um computador e um copo, sentado numa mesa com um"
2951,-1,,,,"Um grupo de pessoas sentadas em uma mesa com laptops, sentados em uma mesa com laptops, sentados em uma mesa com laptops, sentados em uma mesa com laptops, sentados em uma mesa com laptops, sentados em uma mesa com lapto"
2952,-1,,,,"Um grupo de pessoas sentadas em uma mesa com laptops, sentados em uma mesa com laptops, sentados em uma mesa com laptops, sentados em uma mesa com laptops, sentados em uma mesa com laptops, sentados em uma mesa com lapto"
2953,-1,,,,"Um grupo de pessoas sentadas em uma mesa com laptops, sentados em uma mesa com laptops, sentados em uma mesa com laptops, sentados em uma mesa com laptops, sentados em uma mesa com laptops, sentados em uma mesa com lapto"
2954,-1,,,,"Um grupo de pessoas sentadas em uma mesa com laptops, sentados em uma mesa com laptops, sentados em uma mesa com laptops, sentados em uma mesa com laptops, sentados em uma mesa com laptops, sentados em uma mesa com lapto"
2955,-1,,,,"Um grupo de pessoas sentadas em uma mesa com laptops, sentados em uma mesa com laptops, sentados em uma mesa com laptops, sentados em uma mesa com laptops, sentados em uma mesa com laptops, sentados em uma mesa com lapto"
2956,-1,,,,"Um grupo de pessoas sentadas em uma mesa com laptops, sentados em uma mesa com laptops, sentados em uma mesa com laptops, sentados em uma mesa com laptops, sentados em uma mesa com laptops, sentados em uma mesa com lapto"
2957,-1,,,,"Um grupo de pessoas sentadas em uma mesa com laptops, sentados em uma mesa com laptops, sentados em uma mesa com laptops, sentados em uma mesa com laptops, sentados em uma mesa com laptops, sentados em uma mesa com lapto"
2958,-1,,,,"Um grupo de pessoas sentadas em uma mesa com laptops, sentados em uma mesa com laptops, sentados em uma mesa com laptops, sentados em uma mesa com laptops, sentados em uma mesa com laptops, sentados em uma mesa com lapto"
2959,-1,,,,"Um grupo de pessoas sentadas em uma mesa com laptops, sentados em uma mesa com laptops, sentados em uma mesa com laptops, sentados em uma mesa com laptops, sentados em uma mesa com laptops, sentados em uma mesa com lapto"
2960,-1,,,,"Um grupo de pessoas sentadas em uma mesa com laptops, sentados em uma mesa com laptops, sentados em uma mesa com laptops, sentados em uma mesa com laptops, sentados em uma mesa com laptops, sentados em uma mesa com lapto"
2961,-1,,,,"Um grupo de pessoas sentadas em uma mesa com laptops, sentados em uma mesa com laptops, sentados em uma mesa com laptops, sentados em uma mesa com laptops, sentados em uma mesa com laptops, sentados em uma mesa com lapto"
2962,-1,,,,"Um grupo de pessoas sentadas em uma mesa com laptops, sentados em uma mesa com laptops, sentados em uma mesa com laptops, sentados em uma mesa com laptops, sentados em uma mesa com laptops, sentados em uma mesa com lapto"
2963,-1,,,,"Um grupo de pessoas sentadas em uma mesa com laptops, sentados em uma mesa com laptops, sentados em uma mesa com laptops, sentados em uma mesa com laptops, sentados em uma mesa com laptops, sentados em uma mesa com lapto"
2964,-1,,,,"Um grupo de pessoas sentadas em uma mesa com laptops, sentados em uma mesa com laptops, sentados em uma mesa com laptops, sentados em uma mesa com laptops, sentados em uma mesa com laptops, sentados em uma mesa com lapto"
2965,-1,,,,"Um grupo de pessoas sentadas em uma mesa com laptops, sentados em uma mesa com laptops, sentados em uma mesa com laptops, sentados em uma mesa com laptops, sentados em uma mesa com laptops, sentados em uma mesa com lapto"
2966,-1,,,,"Um grupo de pessoas sentadas em uma mesa com laptops, sentados em uma mesa com laptops, sentados em uma mesa com laptops, sentados em uma mesa com laptops, sentados em uma mesa com laptops, sentados em uma mesa com lapto"
2967,-1,,,,Uma mulher está sentada numa mesa com um comprimido e um homem está segurando uma caneta.
2968,-1,,,,Uma mulher está sentada numa mesa com um comprimido e um homem está segurando uma caneta.
2969,-1,,,,Uma mulher está entregando uma nota para outra pessoa uma nota para a outra pessoa.
2970,-1,,,,Uma mulher está entregando uma nota para outra pessoa uma nota para a outra pessoa.
2971,-1,,,,Uma mulher está entregando uma nota para outra pessoa uma nota para a outra pessoa.
2972,-1,,,,Uma mulher está entregando uma nota para outra pessoa uma nota para a outra pessoa.
2973,-1,,,,Uma pessoa está entregando a outra pessoa um cartão de crédito para a pessoa.
2974,-1,,,,Uma pessoa está entregando uma nota para outra pessoa uma nota para a outra pessoa.
2975,-1,,,,Uma pessoa está entregando uma peça de papel a outra pessoa uma peça de papel a outra pessoa.
2976,-1,,,,Uma mulher está sentada numa mesa com um comprimido e um homem está segurando uma caneta.
2977,-1,,,,Uma mulher está sentada numa mesa com um comprimido e um homem está segurando uma caneta.
2978,-1,,,,Uma mulher está sentada numa mesa com um comprimido e um homem está segurando uma célula.
2979,-1,,,,"Uma mulher está entregando outra pessoa um comprimido, uma vez que uma mulher está entregando um comprimido a outra pessoa."
2980,-1,,,,"Uma mulher está entregando outra pessoa um comprimido, uma vez que uma mulher está entregando um comprimido a outra pessoa."
2981,-1,,,,Uma mulher está entregando a outra pessoa um telefone para a outra pessoa.
2982,-1,,,,Uma mulher está entregando a outra pessoa um cartão de crédito para a pessoa.
2983,-1,,,,Uma mulher está entregando a outra pessoa um cartão de crédito para a pessoa.
2984,-1,,,,"Uma mulher está entregando um copo para outra pessoa uma mulher, uma mulher está entregando um copo para outra pessoa uma mulher."
2985,-1,,,,"Uma mulher está entregando um copo para outra pessoa uma mulher, uma mulher está entregando um copo para outra pessoa uma mulher."
2986,-1,,,,"Uma mulher está entregando outra pessoa um comprimido, uma vez que uma mulher está entregando um comprimido a outra pessoa."
2987,-1,,,,Uma mulher está entregando a outra pessoa um cartão de crédito para a pessoa.
2988,-1,,,,Uma mulher está entregando a outra pessoa um cartão de crédito para a pessoa.
2989,-1,,,,Uma mulher está entregando uma peça de papel para outra pessoa uma peça de papel para outra pessoa.
2990,-1,,,,Uma mulher está entregando uma peça de papel para outra pessoa uma peça de papel para outra pessoa.
2991,-1,,,,Uma mulher está entregando uma peça de papel para outra pessoa uma peça de papel para outra pessoa.
2992,-1,,,,Uma mulher está entregando a outra pessoa um cartão de crédito para a pessoa.
2993,-1,,,,Uma mulher está entregando a outra pessoa um cartão de crédito para a pessoa.
2994,-1,,,,Uma mulher está entregando a outra pessoa um cartão de crédito para a pessoa.
2995,-1,,,,Uma mulher está entregando a outra pessoa um cartão de crédito para a pessoa.
2996,-1,,,,Uma mulher está entregando a outra pessoa um cartão de crédito para a pessoa.
2997,-1,,,,Uma mulher está entregando a outra pessoa um cartão de crédito para a pessoa.
2998,-1,,,,"Uma mulher está entregando um cartão para outra pessoa uma mulher, uma mulher entregando um cartão para outra pessoa."
2999,-1,,,,"Uma mulher está entregando um cartão para outra pessoa uma mulher, uma mulher entregando um cartão para outra pessoa."
3000,-1,,,,Uma pessoa está entregando uma peça de papel a outra pessoa uma peça de papel a outra pessoa.
3001,-1,,,,Uma pessoa está entregando uma peça de papel a outra pessoa uma peça de papel a outra pessoa.
3002,-1,,,,Uma pessoa está entregando uma peça de papel a outra pessoa uma peça de papel a outra pessoa.
3003,-1,,,,Uma pessoa está entregando uma peça de papel a outra pessoa uma peça de papel a outra pessoa.
3004,-1,,,,Uma pessoa está entregando uma peça de papel a outra pessoa uma peça de papel a outra pessoa.
3005,-1,,,,"Uma mulher está agitando as mãos com o homem numa cafetinha, segurando as mãos com o homem numa cafetinha."
3006,-1,,,,Apertar a mão de outra pessoa está apertando a mão de outra pessoa.
3007,-1,,,,Apertar a mão de outra pessoa está apertando a mão de outra pessoa.
3008,-1,,,,Apertar a mão de outra pessoa está apertando a mão de outra pessoa.
3009,-1,,,,Apertar a mão de outra pessoa está apertando a mão de outra pessoa.
3010,-1,,,,Uma pessoa apertando as mãos com outra pessoa segurando as mãos com outra pessoa segurando as mãos com outra pessoa segurando as mãos com outra pessoa segurando as mãos com outra pessoa segurando as mãos com outra pessoa segurando as mãos com outra pessoa segurando as mãos com outra pessoa segurando as mãos com outra pessoa segurando as mãos com outra
3011,-1,,,,Uma pessoa apertando as mãos com outra pessoa segurando as mãos com outra pessoa segurando as mãos com outra pessoa segurando as mãos com outra pessoa segurando as mãos com outra pessoa segurando as mãos com outra pessoa segurando as mãos com outra pessoa segurando as mãos com outra pessoa segurando as mãos com outra pessoa segurando as mãos com outra
3012,-1,,,,Uma pessoa apertando as mãos com outra pessoa segurando as mãos com outra pessoa segurando as mãos com outra pessoa segurando as mãos com outra pessoa segurando as mãos com outra pessoa segurando as mãos com outra pessoa segurando as mãos com outra pessoa segurando as mãos com outra pessoa segurando as mãos com outra pessoa segurando as mãos com outra
3013,-1,,,,Uma pessoa apertando as mãos com outra pessoa segurando as mãos com outra pessoa segurando as mãos com outra pessoa segurando as mãos com outra pessoa segurando as mãos com outra pessoa segurando as mãos com outra pessoa segurando as mãos com outra pessoa segurando as mãos com outra pessoa segurando as mãos com outra pessoa segurando as mãos com outra
3014,-1,,,,Apertar a mão de outra pessoa está apertando a mão de outra pessoa.
3015,-1,,,,Apertar a mão de outra pessoa está apertando a mão de outra pessoa.
3016,-1,,,,Apertar a mão de outra pessoa está apertando a mão de outra pessoa.
3017,-1,,,,Uma pessoa está entregando uma peça de papel a outra pessoa uma peça de papel a outra pessoa.
3018,-1,,,,Uma pessoa está entregando uma peça de papel a outra pessoa uma peça de papel a outra pessoa.
3019,-1,,,,Um homem e uma mulher sentadas numa mesa com um comprimido.
3020,-1,,,,Um homem e uma mulher sentadas numa mesa com um comprimido.
3021,-1,,,,Um homem e uma mulher sentadas numa mesa com um comprimido.
3022,-1,,,,Um homem e uma mulher sentadas numa mesa com um comprimido.
3023,-1,,,,"Um homem e uma mulher apertando as mãos numa cafetinha, apertando as mãos num café, em um homem e uma mulher, apertando as mãos numa cafetinha, numa cafetinha, numa cafetinha, numa cafetinha, numa cafetinha, numa cafe"
3024,-1,,,,"Um homem e uma mulher apertando as mãos numa cafetinha, apertando as mãos num café, em um homem e uma mulher, apertando as mãos numa cafetinha, numa cafetinha, numa cafetinha, numa cafetinha, numa cafetinha, numa cafe"
3025,-1,,,,"Um homem e uma mulher apertando as mãos numa cafetinha, apertando as mãos num café, em um homem e uma mulher, apertando as mãos numa cafetinha, numa cafetinha, numa cafetinha, numa cafetinha, numa cafetinha, numa cafe"
3026,-1,,,,"Um homem e uma mulher apertando as mãos numa cafetinha, apertando as mãos num café, em um homem e uma mulher, apertando as mãos numa cafetinha, numa cafetinha, numa cafetinha, numa cafetinha, numa cafetinha, numa cafe"
3027,-1,,,,"Um homem e uma mulher apertando as mãos numa cafetinha, apertando as mãos num café, em um homem e uma mulher, apertando as mãos numa cafetinha, numa cafetinha, numa cafetinha, numa cafetinha, numa cafetinha, numa cafe"
3028,-1,,,,"Um homem e uma mulher apertando as mãos numa cafetinha, apertando as mãos num café, em um homem e uma mulher, apertando as mãos numa cafetinha, numa cafetinha, numa cafetinha, numa cafetinha, numa cafetinha, numa cafe"
3029,-1,,,,"Um homem e uma mulher apertando as mãos numa cafetinha, apertando as mãos num café, em um homem e uma mulher, apertando as mãos numa cafetinha, numa cafetinha, numa cafetinha, numa cafetinha, numa cafetinha, numa cafe"
3030,-1,,,,"Um homem e uma mulher apertando as mãos numa cafetinha, apertando as mãos num café, em um homem e uma mulher, apertando as mãos numa cafetinha, numa cafetinha, numa cafetinha, numa cafetinha, numa cafetinha, numa cafe"
3031,-1,,,,Um homem e uma mulher sentadas numa mesa com um comprimido.
3032,-1,,,,Um homem e uma mulher sentadas numa mesa com um comprimido.
3033,-1,,,,Um homem e uma mulher sentadas numa mesa com um comprimido.
3034,-1,,,,Um homem e uma mulher sentadas numa mesa com um comprimido.
3035,-1,,,,"Um homem e uma mulher apertando as mãos numa cafetinha, apertando as mãos num café, em um homem e uma mulher, apertando as mãos numa cafetinha, numa cafetinha, numa cafetinha, numa cafetinha, numa cafetinha, numa cafe"
3036,-1,,,,Uma pessoa apertando as mãos com outra pessoa segurando as mãos com outra pessoa segurando as mãos com outra pessoa segurando as mãos com outra pessoa segurando as mãos com outra pessoa segurando as mãos com outra pessoa segurando as mãos com outra pessoa segurando as mãos com outra pessoa segurando as mãos com outra pessoa segurando as mãos com outra
3037,-1,,,,Uma pessoa apertando as mãos com outra pessoa segurando as mãos com outra pessoa segurando as mãos com outra pessoa segurando as mãos com outra pessoa segurando as mãos com outra pessoa segurando as mãos com outra pessoa segurando as mãos com outra pessoa segurando as mãos com outra pessoa segurando as mãos com outra pessoa segurando as mãos com outra
3038,-1,,,,Uma pessoa apertando as mãos com outra pessoa segurando as mãos com outra pessoa segurando as mãos com outra pessoa segurando as mãos com outra pessoa segurando as mãos com outra pessoa segurando as mãos com outra pessoa segurando as mãos com outra pessoa segurando as mãos com outra pessoa segurando as mãos com outra pessoa segurando as mãos com outra
3039,-1,,,,Uma pessoa apertando as mãos com outra pessoa segurando as mãos com outra pessoa segurando as mãos com outra pessoa segurando as mãos com outra pessoa segurando as mãos com outra pessoa segurando as mãos com outra pessoa segurando as mãos com outra pessoa segurando as mãos com outra pessoa segurando as mãos com outra pessoa segurando as mãos com outra
3040,-1,,,,Uma pessoa apertando as mãos com outra pessoa segurando as mãos com outra pessoa segurando as mãos com outra pessoa segurando as mãos com outra pessoa segurando as mãos com outra pessoa segurando as mãos com outra pessoa segurando as mãos com outra pessoa segurando as mãos com outra pessoa segurando as mãos com outra pessoa segurando as mãos com outra
3041,-1,,,,Uma pessoa está agitando as mãos com outra pessoa que está segurando as mãos com outra pessoa que está segurando as mãos com outra pessoa que está segurando as mãos com outra pessoa que está segurando as mãos com outra pessoa que está segurando as mãos com outra pessoa que está segurando as mãos com outra pessoa que está segurando as
3042,-1,,,,Uma pessoa está agitando as mãos com outra pessoa que está segurando as mãos com outra pessoa que está segurando as mãos com outra pessoa que está segurando as mãos com outra pessoa que está segurando as mãos com outra pessoa que está segurando as mãos com outra pessoa que está segurando as mãos com outra pessoa que está segurando as
3043,-1,,,,Uma pessoa está agitando as mãos com outra pessoa que está segurando as mãos com outra pessoa que está segurando as mãos com outra pessoa que está segurando as mãos com outra pessoa que está segurando as mãos com outra pessoa que está segurando as mãos com outra pessoa que está segurando as mãos com outra pessoa que está segurando as
3044,-1,,,,Uma pessoa está agitando as mãos com outra pessoa que está segurando as mãos com outra pessoa que está segurando as mãos com outra pessoa que está segurando as mãos com outra pessoa que está segurando as mãos com outra pessoa que está segurando as mãos com outra pessoa que está segurando as mãos com outra pessoa que está segurando as
3045,-1,,,,Uma pessoa apertando as mãos com outra pessoa segurando as mãos com outra pessoa segurando as mãos com outra pessoa segurando as mãos com outra pessoa segurando as mãos com outra pessoa segurando as mãos com outra pessoa segurando as mãos com outra pessoa segurando as mãos com outra pessoa segurando as mãos com outra pessoa segurando as mãos com outra
3046,-1,,,,Uma pessoa apertando as mãos com outra pessoa segurando as mãos com outra pessoa segurando as mãos com outra pessoa segurando as mãos com outra pessoa segurando as mãos com outra pessoa segurando as mãos com outra pessoa segurando as mãos com outra pessoa segurando as mãos com outra pessoa segurando as mãos com outra pessoa segurando as mãos com outra
3047,-1,,,,"Um homem e uma mulher apertando as mãos numa cafetinha, apertando as mãos num café, em um homem e uma mulher, apertando as mãos numa cafetinha, numa cafetinha, numa cafetinha, numa cafetinha, numa cafetinha, numa cafe"
3048,-1,,,,"Um homem e uma mulher apertando as mãos numa cafetinha, apertando as mãos num café, em um homem e uma mulher, apertando as mãos numa cafetinha, numa cafetinha, numa cafetinha, numa cafetinha, numa cafetinha, numa cafe"
3049,-1,,,,Uma pessoa apertando as mãos com outra pessoa segurando as mãos com outra pessoa segurando as mãos com outra pessoa segurando as mãos com outra pessoa segurando as mãos com outra pessoa segurando as mãos com outra pessoa segurando as mãos com outra pessoa segurando as mãos com outra pessoa segurando as mãos com outra pessoa segurando as mãos com outra
3050,-1,,,,Uma pessoa apertando as mãos com outra pessoa segurando as mãos com outra pessoa segurando as mãos com outra pessoa segurando as mãos com outra pessoa segurando as mãos com outra pessoa segurando as mãos com outra pessoa segurando as mãos com outra pessoa segurando as mãos com outra pessoa segurando as mãos com outra pessoa segurando as mãos com outra
3051,-1,,,,Uma pessoa apertando as mãos com outra pessoa segurando as mãos com outra pessoa segurando as mãos com outra pessoa segurando as mãos com outra pessoa segurando as mãos com outra pessoa segurando as mãos com outra pessoa segurando as mãos com outra pessoa segurando as mãos com outra pessoa segurando as mãos com outra pessoa segurando as mãos com outra
3052,-1,,,,Uma pessoa está agitando as mãos com outra pessoa que está segurando as mãos com outra pessoa que está segurando as mãos com outra pessoa que está segurando as mãos com outra pessoa que está segurando as mãos com outra pessoa que está segurando as mãos com outra pessoa que está segurando as mãos com outra pessoa que está segurando as
3053,16,pessoa16,Triste,97.87920379638672,Uma pessoa está agitando as mãos com outra pessoa que está segurando as mãos com outra pessoa que está segurando as mãos com outra pessoa que está segurando as mãos com outra pessoa que está segurando as mãos com outra pessoa que está segurando as mãos com outra pessoa que está segurando as mãos com outra pessoa que está segurando as
3054,16,pessoa16,Triste,97.77864837646484,Uma pessoa está agitando as mãos com outra pessoa que está segurando as mãos com outra pessoa que está segurando as mãos com outra pessoa que está segurando as mãos com outra pessoa que está segurando as mãos com outra pessoa que está segurando as mãos com outra pessoa que está segurando as mãos com outra pessoa que está segurando as
3055,-1,,,,Uma pessoa está agitando as mãos com outra pessoa que está segurando as mãos com outra pessoa que está segurando as mãos com outra pessoa que está segurando as mãos com outra pessoa que está segurando as mãos com outra pessoa que está segurando as mãos com outra pessoa que está segurando as mãos com outra pessoa que está segurando as
3056,-1,,,,Uma pessoa está agitando as mãos com outra pessoa que está segurando as mãos com outra pessoa que está segurando as mãos com outra pessoa que está segurando as mãos com outra pessoa que está segurando as mãos com outra pessoa que está segurando as mãos com outra pessoa que está segurando as mãos com outra pessoa que está segurando as
3057,-1,,,,Uma pessoa está agitando as mãos com outra pessoa que está segurando as mãos com outra pessoa que está segurando as mãos com outra pessoa que está segurando as mãos com outra pessoa que está segurando as mãos com outra pessoa que está segurando as mãos com outra pessoa que está segurando as mãos com outra pessoa que está segurando as
3058,-1,,,,Uma pessoa está agitando as mãos com outra pessoa que está segurando as mãos com outra pessoa que está segurando as mãos com outra pessoa que está segurando as mãos com outra pessoa que está segurando as mãos com outra pessoa que está segurando as mãos com outra pessoa que está segurando as mãos com outra pessoa que está segurando as
3059,-1,,,,Uma pessoa apertando as mãos com outra pessoa segurando as mãos com outra pessoa segurando as mãos com outra pessoa segurando as mãos com outra pessoa segurando as mãos com outra pessoa segurando as mãos com outra pessoa segurando as mãos com outra pessoa segurando as mãos com outra pessoa segurando as mãos com outra pessoa segurando as mãos com outra
3060,-1,,,,Uma pessoa apertando as mãos com outra pessoa segurando as mãos com outra pessoa segurando as mãos com outra pessoa segurando as mãos com outra pessoa segurando as mãos com outra pessoa segurando as mãos com outra pessoa segurando as mãos com outra pessoa segurando as mãos com outra pessoa segurando as mãos com outra pessoa segurando as mãos com outra
3061,-1,,,,Uma pessoa apertando as mãos com outra pessoa segurando as mãos com outra pessoa segurando as mãos com outra pessoa segurando as mãos com outra pessoa segurando as mãos com outra pessoa segurando as mãos com outra pessoa segurando as mãos com outra pessoa segurando as mãos com outra pessoa segurando as mãos com outra pessoa segurando as mãos com outra
3062,-1,,,,Uma pessoa apertando as mãos com outra pessoa segurando as mãos com outra pessoa segurando as mãos com outra pessoa segurando as mãos com outra pessoa segurando as mãos com outra pessoa segurando as mãos com outra pessoa segurando as mãos com outra pessoa segurando as mãos com outra pessoa segurando as mãos com outra pessoa segurando as mãos com outra
3063,-1,,,,Uma pessoa apertando as mãos com outra pessoa segurando as mãos com outra pessoa segurando as mãos com outra pessoa segurando as mãos com outra pessoa segurando as mãos com outra pessoa segurando as mãos com outra pessoa segurando as mãos com outra pessoa segurando as mãos com outra pessoa segurando as mãos com outra pessoa segurando as mãos com outra
3064,-1,,,,Uma pessoa apertando as mãos com outra pessoa segurando as mãos com outra pessoa segurando as mãos com outra pessoa segurando as mãos com outra pessoa segurando as mãos com outra pessoa segurando as mãos com outra pessoa segurando as mãos com outra pessoa segurando as mãos com outra pessoa segurando as mãos com outra pessoa segurando as mãos com outra
3065,-1,,,,Uma pessoa apertando as mãos com outra pessoa segurando as mãos com outra pessoa segurando as mãos com outra pessoa segurando as mãos com outra pessoa segurando as mãos com outra pessoa segurando as mãos com outra pessoa segurando as mãos com outra pessoa segurando as mãos com outra pessoa segurando as mãos com outra pessoa segurando as mãos com outra
3066,-1,,,,Uma pessoa apertando as mãos com outra pessoa segurando as mãos com outra pessoa segurando as mãos com outra pessoa segurando as mãos com outra pessoa segurando as mãos com outra pessoa segurando as mãos com outra pessoa segurando as mãos com outra pessoa segurando as mãos com outra pessoa segurando as mãos com outra pessoa segurando as mãos com outra
3067,-1,,,,Uma pessoa apertando as mãos com outra pessoa segurando as mãos com outra pessoa segurando as mãos com outra pessoa segurando as mãos com outra pessoa segurando as mãos com outra pessoa segurando as mãos com outra pessoa segurando as mãos com outra pessoa segurando as mãos com outra pessoa segurando as mãos com outra pessoa segurando as mãos com outra
3068,-1,,,,Uma pessoa apertando as mãos com outra pessoa segurando as mãos com outra pessoa segurando as mãos com outra pessoa segurando as mãos com outra pessoa segurando as mãos com outra pessoa segurando as mãos com outra pessoa segurando as mãos com outra pessoa segurando as mãos com outra pessoa segurando as mãos com outra pessoa segurando as mãos com outra
3069,-1,,,,Uma pessoa apertando as mãos com outra pessoa segurando as mãos com outra pessoa segurando as mãos com outra pessoa segurando as mãos com outra pessoa segurando as mãos com outra pessoa segurando as mãos com outra pessoa segurando as mãos com outra pessoa segurando as mãos com outra pessoa segurando as mãos com outra pessoa segurando as mãos com outra
3070,-1,,,,Uma pessoa apertando as mãos com outra pessoa segurando as mãos com outra pessoa segurando as mãos com outra pessoa segurando as mãos com outra pessoa segurando as mãos com outra pessoa segurando as mãos com outra pessoa segurando as mãos com outra pessoa segurando as mãos com outra pessoa segurando as mãos com outra pessoa segurando as mãos com outra
3071,-1,,,,Uma pessoa apertando as mãos com outra pessoa segurando as mãos com outra pessoa segurando as mãos com outra pessoa segurando as mãos com outra pessoa segurando as mãos com outra pessoa segurando as mãos com outra pessoa segurando as mãos com outra pessoa segurando as mãos com outra pessoa segurando as mãos com outra pessoa segurando as mãos com outra
3072,-1,,,,Uma pessoa apertando as mãos com outra pessoa segurando as mãos com outra pessoa segurando as mãos com outra pessoa segurando as mãos com outra pessoa segurando as mãos com outra pessoa segurando as mãos com outra pessoa segurando as mãos com outra pessoa segurando as mãos com outra pessoa segurando as mãos com outra pessoa segurando as mãos com outra
3073,-1,,,,Uma pessoa apertando as mãos com outra pessoa segurando as mãos com outra pessoa segurando as mãos com outra pessoa segurando as mãos com outra pessoa segurando as mãos com outra pessoa segurando as mãos com outra pessoa segurando as mãos com outra pessoa segurando as mãos com outra pessoa segurando as mãos com outra pessoa segurando as mãos com outra
3074,-1,,,,Uma pessoa apertando as mãos com outra pessoa segurando as mãos com outra pessoa segurando as mãos com outra pessoa segurando as mãos com outra pessoa segurando as mãos com outra pessoa segurando as mãos com outra pessoa segurando as mãos com outra pessoa segurando as mãos com outra pessoa segurando as mãos com outra pessoa segurando as mãos com outra
3075,18,pessoa18,Medo,80.41864776611328,Uma pessoa apertando as mãos com outra pessoa segurando as mãos com outra pessoa segurando as mãos com outra pessoa segurando as mãos com outra pessoa segurando as mãos com outra pessoa segurando as mãos com outra pessoa segurando as mãos com outra pessoa segurando as mãos com outra pessoa segurando as mãos com outra pessoa segurando as mãos com outra
3076,-1,,,,Uma pessoa apertando as mãos com outra pessoa segurando as mãos com outra pessoa segurando as mãos com outra pessoa segurando as mãos com outra pessoa segurando as mãos com outra pessoa segurando as mãos com outra pessoa segurando as mãos com outra pessoa segurando as mãos com outra pessoa segurando as mãos com outra pessoa segurando as mãos com outra
3077,-1,,,,"Um homem e uma mulher apertando as mãos numa cafetinha, apertando as mãos num café, em um homem e uma mulher, apertando as mãos numa cafetinha, numa cafetinha, numa cafetinha, numa cafetinha, numa cafetinha, numa cafe"
3078,-1,,,,"Um homem e uma mulher apertando as mãos numa cafetinha, apertando as mãos num café, em um homem e uma mulher, apertando as mãos numa cafetinha, numa cafetinha, numa cafetinha, numa cafetinha, numa cafetinha, numa cafe"
3079,-1,,,,Uma pessoa apertando as mãos com outra pessoa segurando as mãos com outra pessoa segurando as mãos com outra pessoa segurando as mãos com outra pessoa segurando as mãos com outra pessoa segurando as mãos com outra pessoa segurando as mãos com outra pessoa segurando as mãos com outra pessoa segurando as mãos com outra pessoa segurando as mãos com outra
3080,-1,,,,"Um homem e uma mulher apertando as mãos numa cafetinha, apertando as mãos num café, em um homem e uma mulher, apertando as mãos numa cafetinha, numa cafetinha, numa cafetinha, numa cafetinha, numa cafetinha, numa cafe"
3081,-1,,,,"Um homem e uma mulher apertando as mãos numa cafetinha, apertando as mãos num café, em um homem e uma mulher, apertando as mãos numa cafetinha, numa cafetinha, numa cafetinha, numa cafetinha, numa cafetinha, numa cafe"
3082,-1,,,,"Um homem e uma mulher apertando as mãos numa cafetinha, apertando as mãos num café, em um homem e uma mulher, apertando as mãos numa cafetinha, numa cafetinha, numa cafetinha, numa cafetinha, numa cafetinha, numa cafe"
3083,-1,,,,"Um homem e uma mulher apertando as mãos numa cafetinha, apertando as mãos num café, em um homem e uma mulher, apertando as mãos numa cafetinha, numa cafetinha, numa cafetinha, numa cafetinha, numa cafetinha, numa cafe"
3084,-1,,,,Uma pessoa apertando as mãos com outra pessoa segurando as mãos com outra pessoa segurando as mãos com outra pessoa segurando as mãos com outra pessoa segurando as mãos com outra pessoa segurando as mãos com outra pessoa segurando as mãos com outra pessoa segurando as mãos com outra pessoa segurando as mãos com outra pessoa segurando as mãos com outra
3085,-1,,,,Uma pessoa apertando as mãos com outra pessoa segurando as mãos com outra pessoa segurando as mãos com outra pessoa segurando as mãos com outra pessoa segurando as mãos com outra pessoa segurando as mãos com outra pessoa segurando as mãos com outra pessoa segurando as mãos com outra pessoa segurando as mãos com outra pessoa segurando as mãos com outra
3086,-1,,,,Uma pessoa apertando as mãos com outra pessoa segurando as mãos com outra pessoa segurando as mãos com outra pessoa segurando as mãos com outra pessoa segurando as mãos com outra pessoa segurando as mãos com outra pessoa segurando as mãos com outra pessoa segurando as mãos com outra pessoa segurando as mãos com outra pessoa segurando as mãos com outra
3087,-1,,,,Uma pessoa apertando as mãos com outra pessoa segurando as mãos com outra pessoa segurando as mãos com outra pessoa segurando as mãos com outra pessoa segurando as mãos com outra pessoa segurando as mãos com outra pessoa segurando as mãos com outra pessoa segurando as mãos com outra pessoa segurando as mãos com outra pessoa segurando as mãos com outra
3088,-1,,,,"Um homem e uma mulher apertando as mãos numa cafetinha, apertando as mãos num café, em um homem e uma mulher, apertando as mãos numa cafetinha, numa cafetinha, numa cafetinha, numa cafetinha, numa cafetinha, numa cafe"
3089,-1,,,,"Um homem e uma mulher apertando as mãos numa cafetinha, apertando as mãos num café, em um homem e uma mulher, apertando as mãos numa cafetinha, numa cafetinha, numa cafetinha, numa cafetinha, numa cafetinha, numa cafe"
3090,-1,,,,"Um homem e uma mulher apertando as mãos numa cafetinha, apertando as mãos num café, em um homem e uma mulher, apertando as mãos numa cafetinha, numa cafetinha, numa cafetinha, numa cafetinha, numa cafetinha, numa cafe"
3091,-1,,,,"Um homem e uma mulher apertando as mãos em uma sala de reunião, em uma sala de reunião, com a mão em um encontro, com a mão em um encontro, com a mão em um encontro, com a mão em um encontro, com a mão em um encontro, com a mão em um encontro"
3092,-1,,,,"Um homem e uma mulher apertando as mãos numa cafetinha, apertando as mãos num café, em um homem e uma mulher, apertando as mãos numa cafetinha, numa cafetinha, numa cafetinha, numa cafetinha, numa cafetinha, numa cafe"
3093,-1,,,,Uma pessoa apertando as mãos com outra pessoa segurando as mãos com outra pessoa segurando as mãos com outra pessoa segurando as mãos com outra pessoa segurando as mãos com outra pessoa segurando as mãos com outra pessoa segurando as mãos com outra pessoa segurando as mãos com outra pessoa segurando as mãos com outra pessoa segurando as mãos com outra
3094,18,pessoa18,Medo,86.40880584716797,Uma pessoa apertando as mãos com outra pessoa segurando as mãos com outra pessoa segurando as mãos com outra pessoa segurando as mãos com outra pessoa segurando as mãos com outra pessoa segurando as mãos com outra pessoa segurando as mãos com outra pessoa segurando as mãos com outra pessoa segurando as mãos com outra pessoa segurando as mãos com outra
3095,-1,,,,Uma pessoa apertando as mãos com outra pessoa segurando as mãos com outra pessoa segurando as mãos com outra pessoa segurando as mãos com outra pessoa segurando as mãos com outra pessoa segurando as mãos com outra pessoa segurando as mãos com outra pessoa segurando as mãos com outra pessoa segurando as mãos com outra pessoa segurando as mãos com outra
3096,-1,,,,Uma pessoa apertando as mãos com outra pessoa segurando as mãos com outra pessoa segurando as mãos com outra pessoa segurando as mãos com outra pessoa segurando as mãos com outra pessoa segurando as mãos com outra pessoa segurando as mãos com outra pessoa segurando as mãos com outra pessoa segurando as mãos com outra pessoa segurando as mãos com outra
3097,-1,,,,Uma pessoa apertando as mãos com outra pessoa segurando as mãos com outra pessoa segurando as mãos com outra pessoa segurando as mãos com outra pessoa segurando as mãos com outra pessoa segurando as mãos com outra pessoa segurando as mãos com outra pessoa segurando as mãos com outra pessoa segurando as mãos com outra pessoa segurando as mãos com outra
3098,-1,,,,"Um homem e uma mulher apertando as mãos numa cafetinha, apertando as mãos num café, em um homem e uma mulher, apertando as mãos numa cafetinha, numa cafetinha, numa cafetinha, numa cafetinha, numa cafetinha, numa cafe"
3099,-1,,,,Uma pessoa apertando as mãos com outra pessoa segurando as mãos com outra pessoa segurando as mãos com outra pessoa segurando as mãos com outra pessoa segurando as mãos com outra pessoa segurando as mãos com outra pessoa segurando as mãos com outra pessoa segurando as mãos com outra pessoa segurando as mãos com outra pessoa segurando as mãos com outra
3100,-1,,,,Uma pessoa apertando as mãos com outra pessoa segurando as mãos com outra pessoa segurando as mãos com outra pessoa segurando as mãos com outra pessoa segurando as mãos com outra pessoa segurando as mãos com outra pessoa segurando as mãos com outra pessoa segurando as mãos com outra pessoa segurando as mãos com outra pessoa segurando as mãos com outra
3101,-1,,,,"Um homem e uma mulher apertando as mãos numa cafetinha, apertando as mãos num café, em um homem e uma mulher, apertando as mãos numa cafetinha, numa cafetinha, numa cafetinha, numa cafetinha, numa cafetinha, numa cafe"
3102,18,pessoa18,Medo,73.61198425292969,"Um homem e uma mulher apertando as mãos numa cafetinha, apertando as mãos num café, em um homem e uma mulher, apertando as mãos numa cafetinha, numa cafetinha, numa cafetinha, numa cafetinha, numa cafetinha, numa cafe"
3103,18,pessoa18,Medo,75.90306091308594,"Um homem e uma mulher apertando as mãos numa cafetinha, apertando as mãos num café, em um homem e uma mulher, apertando as mãos numa cafetinha, numa cafetinha, numa cafetinha, numa cafetinha, numa cafetinha, numa cafe"
3104,-1,,,,"Um homem e uma mulher apertando as mãos numa cafetinha, apertando as mãos num café, em um homem e uma mulher, apertando as mãos numa cafetinha, numa cafetinha, numa cafetinha, numa cafetinha, numa cafetinha, numa cafe"
3105,-1,,,,"Um homem e uma mulher apertando as mãos numa cafetinha, apertando as mãos num café, em um homem e uma mulher, apertando as mãos numa cafetinha, numa cafetinha, numa cafetinha, numa cafetinha, numa cafetinha, numa cafe"
3106,-1,,,,"Um homem e uma mulher apertando as mãos numa cafetinha, apertando as mãos num café, em um homem e uma mulher, apertando as mãos numa cafetinha, numa cafetinha, numa cafetinha, numa cafetinha, numa cafetinha, numa cafe"
3107,-1,,,,Uma pessoa apertando as mãos com outra pessoa segurando as mãos com outra pessoa segurando as mãos com outra pessoa segurando as mãos com outra pessoa segurando as mãos com outra pessoa segurando as mãos com outra pessoa segurando as mãos com outra pessoa segurando as mãos com outra pessoa segurando as mãos com outra pessoa segurando as mãos com outra
3108,-1,,,,Uma pessoa apertando as mãos com outra pessoa segurando as mãos com outra pessoa segurando as mãos com outra pessoa segurando as mãos com outra pessoa segurando as mãos com outra pessoa segurando as mãos com outra pessoa segurando as mãos com outra pessoa segurando as mãos com outra pessoa segurando as mãos com outra pessoa segurando as mãos com outra
3109,-1,,,,Uma pessoa apertando as mãos com outra pessoa segurando as mãos com outra pessoa segurando as mãos com outra pessoa segurando as mãos com outra pessoa segurando as mãos com outra pessoa segurando as mãos com outra pessoa segurando as mãos com outra pessoa segurando as mãos com outra pessoa segurando as mãos com outra pessoa segurando as mãos com outra
3110,-1,,,,Uma pessoa apertando as mãos com outra pessoa segurando as mãos com outra pessoa segurando as mãos com outra pessoa segurando as mãos com outra pessoa segurando as mãos com outra pessoa segurando as mãos com outra pessoa segurando as mãos com outra pessoa segurando as mãos com outra pessoa segurando as mãos com outra pessoa segurando as mãos com outra
3111,-1,,,,Uma pessoa apertando as mãos com outra pessoa segurando as mãos com outra pessoa segurando as mãos com outra pessoa segurando as mãos com outra pessoa segurando as mãos com outra pessoa segurando as mãos com outra pessoa segurando as mãos com outra pessoa segurando as mãos com outra pessoa segurando as mãos com outra pessoa segurando as mãos com outra
3112,-1,,,,Uma pessoa apertando as mãos com outra pessoa segurando as mãos com outra pessoa segurando as mãos com outra pessoa segurando as mãos com outra pessoa segurando as mãos com outra pessoa segurando as mãos com outra pessoa segurando as mãos com outra pessoa segurando as mãos com outra pessoa segurando as mãos com outra pessoa segurando as mãos com outra
3113,-1,,,,Uma pessoa apertando as mãos com outra pessoa segurando as mãos com outra pessoa segurando as mãos com outra pessoa segurando as mãos com outra pessoa segurando as mãos com outra pessoa segurando as mãos com outra pessoa segurando as mãos com outra pessoa segurando as mãos com outra pessoa segurando as mãos com outra pessoa segurando as mãos com outra
3114,-1,,,,Uma pessoa apertando as mãos com outra pessoa segurando as mãos com outra pessoa segurando as mãos com outra pessoa segurando as mãos com outra pessoa segurando as mãos com outra pessoa segurando as mãos com outra pessoa segurando as mãos com outra pessoa segurando as mãos com outra pessoa segurando as mãos com outra pessoa segurando as mãos com outra
3115,-1,,,,Uma pessoa apertando as mãos com outra pessoa segurando as mãos com outra pessoa segurando as mãos com outra pessoa segurando as mãos com outra pessoa segurando as mãos com outra pessoa segurando as mãos com outra pessoa segurando as mãos com outra pessoa segurando as mãos com outra pessoa segurando as mãos com outra pessoa segurando as mãos com outra
3116,-1,,,,Apertar a mão de outra pessoa está apertando a mão de outra pessoa.
3117,-1,,,,Apertar a mão de outra pessoa está apertando a mão de outra pessoa.
3118,-1,,,,Uma pessoa apertando as mãos com outra pessoa segurando as mãos com outra pessoa segurando as mãos com outra pessoa segurando as mãos com outra pessoa segurando as mãos com outra pessoa segurando as mãos com outra pessoa segurando as mãos com outra pessoa segurando as mãos com outra pessoa segurando as mãos com outra pessoa segurando as mãos com outra
3119,-1,,,,Apertar a mão de outra pessoa está apertando a mão de outra pessoa.
3120,-1,,,,"Um grupo de pessoas sentadas em torno de uma mesa, sentadas em torno de uma mesa, sentadas em torno de uma mesa, sentadas em torno de uma mesa, sentadas em torno de uma mesa, sentadas em torno de uma mesa, sentadas em torno"
3121,-1,,,,"Um grupo de pessoas sentadas em torno de uma mesa, sentadas em torno de uma mesa, sentadas em torno de uma mesa, sentadas em torno de uma mesa, sentadas em torno de uma mesa, sentadas em torno de uma mesa, sentadas em torno"
3122,-1,,,,"Um grupo de pessoas sentadas em torno de uma mesa, sentadas em torno de uma mesa, sentadas em torno de uma mesa, sentadas em torno de uma mesa, sentadas em torno de uma mesa, sentadas em torno de uma mesa, sentadas em torno"
3123,-1,,,,"Um grupo de pessoas sentadas em torno de uma mesa, sentadas em torno de uma mesa, sentadas em torno de uma mesa, sentadas em torno de uma mesa, sentadas em torno de uma mesa, sentadas em torno de uma mesa, sentadas em torno"
3124,-1,,,,"Um grupo de pessoas sentadas em torno de uma mesa, sentadas em torno de uma mesa, sentadas em torno de uma mesa, sentadas em torno de uma mesa, sentadas em torno de uma mesa, sentadas em torno de uma mesa, sentadas em torno"
3125,-1,,,,"Um grupo de pessoas sentadas em torno de uma mesa, sentadas em torno de uma mesa, sentadas em torno de uma mesa, sentadas em torno de uma mesa, sentadas em torno de uma mesa, sentadas em torno de uma mesa, sentadas em torno"
3126,-1,,,,"Um grupo de pessoas sentadas em torno de uma mesa, sentadas em torno de uma mesa, sentadas em torno de uma mesa, sentadas em torno de uma mesa, sentadas em torno de uma mesa, sentadas em torno de uma mesa, sentadas em torno"
3127,-1,,,,"Um grupo de pessoas sentadas em torno de uma mesa, sentadas em torno de uma mesa, sentadas em torno de uma mesa, sentadas em torno de uma mesa, sentadas em torno de uma mesa, sentadas em torno de uma mesa, sentadas em torno"
3128,-1,,,,"Um grupo de pessoas sentadas em torno de uma mesa, sentadas em torno de uma mesa, sentadas em torno de uma mesa, sentadas em torno de uma mesa, sentadas em torno de uma mesa, sentadas em torno de uma mesa, sentadas em torno"
3129,-1,,,,"Um grupo de pessoas sentadas em torno de uma mesa, sentadas em torno de uma mesa, sentadas em torno de uma mesa, sentadas em torno de uma mesa, sentadas em torno de uma mesa, sentadas em torno de uma mesa, sentadas em torno"
3130,-1,,,,"Um grupo de pessoas sentadas em torno de uma mesa, sentadas em torno de uma mesa, sentadas em torno de uma mesa, sentadas em torno de uma mesa, sentadas em torno de uma mesa, sentadas em torno de uma mesa, sentadas em torno"
3131,-1,,,,"Um grupo de pessoas sentadas em torno de uma mesa, sentadas em torno de uma mesa, sentadas em torno de uma mesa, sentadas em torno de uma mesa, sentadas em torno de uma mesa, sentadas em torno de uma mesa, sentadas em torno"
3132,-1,,,,"Um grupo de pessoas sentadas em torno de uma mesa, sentadas em torno de uma mesa, sentadas em torno de uma mesa, sentadas em torno de uma mesa, sentadas em torno de uma mesa, sentadas em torno de uma mesa, sentadas em torno"
3133,-1,,,,"Um grupo de pessoas sentadas em torno de uma mesa, sentadas em torno de uma mesa, sentadas em torno de uma mesa, sentadas em torno de uma mesa, sentadas em torno de uma mesa, sentadas em torno de uma mesa, sentadas em torno"
3134,-1,,,,"Um grupo de pessoas sentadas em torno de uma mesa, sentadas em torno de uma mesa, sentadas em torno de uma mesa, sentadas em torno de uma mesa, sentadas em torno de uma mesa, sentadas em torno de uma mesa, sentadas em torno"
3135,-1,,,,"Um grupo de pessoas sentadas em torno de uma mesa, sentadas em torno de uma mesa, sentadas em torno de uma mesa, sentadas em torno de uma mesa, sentadas em torno de uma mesa, sentadas em torno de uma mesa, sentadas em torno"
3136,-1,,,,"Um grupo de pessoas sentadas em torno de uma mesa, sentadas em torno de uma mesa, sentadas em torno de uma mesa, sentadas em torno de uma mesa, sentadas em torno de uma mesa, sentadas em torno de uma mesa, sentadas em torno"
3137,-1,,,,"Um grupo de pessoas sentadas em torno de uma mesa, sentadas em torno de uma mesa, sentadas em torno de uma mesa, sentadas em torno de uma mesa, sentadas em torno de uma mesa, sentadas em torno de uma mesa, sentadas em torno"
3138,-1,,,,"Um grupo de pessoas sentadas em torno de uma mesa, sentadas em torno de uma mesa, sentadas em torno de uma mesa, sentadas em torno de uma mesa, sentadas em torno de uma mesa, sentadas em torno de uma mesa, sentadas em torno"
3139,-1,,,,"Um grupo de pessoas sentadas em torno de uma mesa, sentadas em torno de uma mesa, sentadas em torno de uma mesa, sentadas em torno de uma mesa, sentadas em torno de uma mesa, sentadas em torno de uma mesa, sentadas em torno"
3140,-1,,,,"Um grupo de pessoas sentadas em torno de uma mesa, sentadas em torno de uma mesa, sentadas em torno de uma mesa, sentadas em torno de uma mesa, sentadas em torno de uma mesa, sentadas em torno de uma mesa, sentadas em torno"
3141,-1,,,,"Um grupo de pessoas sentadas em torno de uma mesa, sentadas em torno de uma mesa, sentadas em torno de uma mesa, sentadas em torno de uma mesa, sentadas em torno de uma mesa, sentadas em torno de uma mesa, sentadas em torno"
3142,-1,,,,"Um grupo de pessoas sentadas em torno de uma mesa, sentadas em torno de uma mesa, sentadas em torno de uma mesa, sentadas em torno de uma mesa, sentadas em torno de uma mesa, sentadas em torno de uma mesa, sentadas em torno"
3143,-1,,,,"Um grupo de pessoas sentadas em torno de uma mesa, sentadas em torno de uma mesa, sentadas em torno de uma mesa, sentadas em torno de uma mesa, sentadas em torno de uma mesa, sentadas em torno de uma mesa, sentadas em torno"
3144,-1,,,,"Um grupo de pessoas sentadas em torno de uma mesa, sentadas em torno de uma mesa, sentadas em torno de uma mesa, sentadas em torno de uma mesa, sentadas em torno de uma mesa, sentadas em torno de uma mesa, sentadas em torno"
3145,-1,,,,"Um grupo de pessoas sentadas em torno de uma mesa, sentadas em torno de uma mesa, sentadas em torno de uma mesa, sentadas em torno de uma mesa, sentadas em torno de uma mesa, sentadas em torno de uma mesa, sentadas em torno"
3146,-1,,,,"Um grupo de pessoas sentadas em torno de uma mesa, sentadas em torno de uma mesa, sentadas em torno de uma mesa, sentadas em torno de uma mesa, sentadas em torno de uma mesa, sentadas em torno de uma mesa, sentadas em torno"
3147,-1,,,,"Um grupo de pessoas sentadas em torno de uma mesa, sentadas em torno de uma mesa, sentadas em torno de uma mesa, sentadas em torno de uma mesa, sentadas em torno de uma mesa, sentadas em torno de uma mesa, sentadas em torno"
3148,-1,,,,"Um grupo de pessoas sentadas em torno de uma mesa, sentadas em torno de uma mesa, sentadas em torno de uma mesa, sentadas em torno de uma mesa, sentadas em torno de uma mesa, sentadas em torno de uma mesa, sentadas em torno"
3149,-1,,,,"Um grupo de pessoas sentadas em torno de uma mesa, sentadas em torno de uma mesa, sentadas em torno de uma mesa, sentadas em torno de uma mesa, sentadas em torno de uma mesa, sentadas em torno de uma mesa, sentadas em torno"
3150,-1,,,,"Um grupo de pessoas sentadas em torno de uma mesa, sentadas em torno de uma mesa, sentadas em torno de uma mesa, sentadas em torno de uma mesa, sentadas em torno de uma mesa, sentadas em torno de uma mesa, sentadas em torno"
3151,-1,,,,"Um grupo de pessoas sentadas em torno de uma mesa, sentadas em torno de uma mesa, sentadas em torno de uma mesa, sentadas em torno de uma mesa, sentadas em torno de uma mesa, sentadas em torno de uma mesa, sentadas em torno"
3152,-1,,,,"Um grupo de pessoas sentados em torno de uma mesa em uma sala, em uma sala, sentavam-se em torno de uma mesa."
3153,-1,,,,"Um grupo de pessoas sentados em torno de uma mesa em uma sala, em uma sala, sentavam-se em torno de uma mesa."
3154,-1,,,,"Um grupo de pessoas sentados em torno de uma mesa em uma sala, em uma sala, sentavam-se em torno de uma mesa."
3155,-1,,,,"Um grupo de pessoas sentadas em torno de uma mesa, sentadas em torno de uma mesa, sentadas em torno de uma mesa, sentadas em torno de uma mesa, sentadas em torno de uma mesa, sentadas em torno de uma mesa, sentadas em torno"
3156,-1,,,,"Um grupo de pessoas sentados em torno de uma mesa em uma sala, em uma sala, sentavam-se em torno de uma mesa."
3157,-1,,,,"Um grupo de pessoas sentados em torno de uma mesa em uma sala, em uma sala, sentavam-se em torno de uma mesa."
3158,-1,,,,"Um grupo de pessoas sentadas em torno de uma mesa, sentadas em torno de uma mesa, sentadas em torno de uma mesa, sentadas em torno de uma mesa, sentadas em torno de uma mesa, sentadas em torno de uma mesa, sentadas em torno"
3159,-1,,,,"Um grupo de pessoas sentados em torno de uma mesa em uma sala, em uma sala, sentavam-se em torno de uma mesa."
3160,-1,,,,"Um grupo de pessoas sentadas em torno de uma mesa, sentadas em torno de uma mesa, sentadas em torno de uma mesa, sentadas em torno de uma mesa, sentadas em torno de uma mesa, sentadas em torno de uma mesa, sentadas em torno"
3161,-1,,,,"Um grupo de pessoas sentadas em torno de uma mesa, sentadas em torno de uma mesa, sentadas em torno de uma mesa, sentadas em torno de uma mesa, sentadas em torno de uma mesa, sentadas em torno de uma mesa, sentadas em torno"
3162,-1,,,,"Um grupo de pessoas sentados em torno de uma mesa em uma sala, em uma sala, sentavam-se em torno de uma mesa."
3163,-1,,,,"Um grupo de pessoas sentados em torno de uma mesa em uma sala, em uma sala, sentavam-se em torno de uma mesa."
3164,-1,,,,"Um grupo de pessoas sentados em torno de uma mesa em uma sala, em uma sala, sentavam-se em torno de uma mesa."
3165,-1,,,,"Um grupo de pessoas sentados em torno de uma mesa em uma sala, em uma sala, sentavam-se em torno de uma mesa."
3166,-1,,,,"Um grupo de pessoas sentados em torno de uma mesa em uma sala, em uma sala, sentavam-se em torno de uma mesa."
3167,-1,,,,"Um grupo de pessoas sentadas em torno de uma mesa, sentadas em torno de uma mesa, sentadas em torno de uma mesa, sentadas em torno de uma mesa, sentadas em torno de uma mesa, sentadas em torno de uma mesa, sentadas em torno"
3168,-1,,,,"Um grupo de pessoas sentadas em torno de uma mesa, sentadas em torno de uma mesa, sentadas em torno de uma mesa, sentadas em torno de uma mesa, sentadas em torno de uma mesa, sentadas em torno de uma mesa, sentadas em torno"
3169,-1,,,,"Um grupo de pessoas sentadas em torno de uma mesa, sentadas em torno de uma mesa, sentadas em torno de uma mesa, sentadas em torno de uma mesa, sentadas em torno de uma mesa, sentadas em torno de uma mesa, sentadas em torno"
3170,-1,,,,"Um grupo de pessoas sentadas em torno de uma mesa, sentadas em torno de uma mesa, sentadas em torno de uma mesa, sentadas em torno de uma mesa, sentadas em torno de uma mesa, sentadas em torno de uma mesa, sentadas em torno"
3171,1,pessoa1,Raiva,99.95889282226562,"Um grupo de pessoas sentadas em torno de uma mesa, sentadas em torno de uma mesa, sentadas em torno de uma mesa, sentadas em torno de uma mesa, sentadas em torno de uma mesa, sentadas em torno de uma mesa, sentadas em torno"
3172,-1,,,,"Um grupo de pessoas sentadas em torno de uma mesa, sentadas em torno de uma mesa, sentadas em torno de uma mesa, sentadas em torno de uma mesa, sentadas em torno de uma mesa, sentadas em torno de uma mesa, sentadas em torno"
3173,-1,,,,"Um grupo de pessoas sentadas em torno de uma mesa, sentadas em torno de uma mesa, sentadas em torno de uma mesa, sentadas em torno de uma mesa, sentadas em torno de uma mesa, sentadas em torno de uma mesa, sentadas em torno"
3174,-1,,,,"Um grupo de pessoas sentadas em torno de uma mesa, sentadas em torno de uma mesa, sentadas em torno de uma mesa, sentadas em torno de uma mesa, sentadas em torno de uma mesa, sentadas em torno de uma mesa, sentadas em torno"
3175,-1,,,,"Um grupo de pessoas sentadas em torno de uma mesa, sentadas em torno de uma mesa, sentadas em torno de uma mesa, sentadas em torno de uma mesa, sentadas em torno de uma mesa, sentadas em torno de uma mesa, sentadas em torno"
3176,-1,,,,"Um grupo de pessoas sentadas em torno de uma mesa, sentadas em torno de uma mesa, sentadas em torno de uma mesa, sentadas em torno de uma mesa, sentadas em torno de uma mesa, sentadas em torno de uma mesa, sentadas em torno"
3177,-1,,,,"Um grupo de pessoas sentadas em torno de uma mesa, sentadas em torno de uma mesa, sentadas em torno de uma mesa, sentadas em torno de uma mesa, sentadas em torno de uma mesa, sentadas em torno de uma mesa, sentadas em torno"
3178,-1,,,,"Um grupo de pessoas sentadas em torno de uma mesa, sentadas em torno de uma mesa, sentadas em torno de uma mesa, sentadas em torno de uma mesa, sentadas em torno de uma mesa, sentadas em torno de uma mesa, sentadas em torno"
3179,-1,,,,"Um grupo de pessoas sentadas em torno de uma mesa, sentadas em torno de uma mesa, sentadas em torno de uma mesa, sentadas em torno de uma mesa, sentadas em torno de uma mesa, sentadas em torno de uma mesa, sentadas em torno"
3180,-1,,,,"Um grupo de pessoas sentadas em torno de uma mesa, sentadas em torno de uma mesa, sentadas em torno de uma mesa, sentadas em torno de uma mesa, sentadas em torno de uma mesa, sentadas em torno de uma mesa, sentadas em torno"
3181,-1,,,,"Um grupo de pessoas sentadas em torno de uma mesa, sentadas em torno de uma mesa, sentadas em torno de uma mesa, sentadas em torno de uma mesa, sentadas em torno de uma mesa, sentadas em torno de uma mesa, sentadas em torno"
3182,-1,,,,"Um grupo de pessoas sentadas em torno de uma mesa, sentadas em torno de uma mesa, sentadas em torno de uma mesa, sentadas em torno de uma mesa, sentadas em torno de uma mesa, sentadas em torno de uma mesa, sentadas em torno"
3183,-1,,,,"Um grupo de pessoas sentadas em torno de uma mesa, sentadas em torno de uma mesa, sentadas em torno de uma mesa, sentadas em torno de uma mesa, sentadas em torno de uma mesa, sentadas em torno de uma mesa, sentadas em torno"
3184,-1,,,,"Um grupo de pessoas sentadas em torno de uma mesa, sentadas em torno de uma mesa, sentadas em torno de uma mesa, sentadas em torno de uma mesa, sentadas em torno de uma mesa, sentadas em torno de uma mesa, sentadas em torno"
3185,-1,,,,"Um grupo de pessoas sentadas em torno de uma mesa, sentadas em torno de uma mesa, sentadas em torno de uma mesa, sentadas em torno de uma mesa, sentadas em torno de uma mesa, sentadas em torno de uma mesa, sentadas em torno"
3186,-1,,,,"Um grupo de pessoas sentadas em torno de uma mesa, sentadas em torno de uma mesa, sentadas em torno de uma mesa, sentadas em torno de uma mesa, sentadas em torno de uma mesa, sentadas em torno de uma mesa, sentadas em torno"
3187,-1,,,,"Um grupo de pessoas sentadas em torno de uma mesa, sentadas em torno de uma mesa, sentadas em torno de uma mesa, sentadas em torno de uma mesa, sentadas em torno de uma mesa, sentadas em torno de uma mesa, sentadas em torno"
3188,-1,,,,"Um grupo de pessoas sentadas em torno de uma mesa, sentadas em torno de uma mesa, sentadas em torno de uma mesa, sentadas em torno de uma mesa, sentadas em torno de uma mesa, sentadas em torno de uma mesa, sentadas em torno"
3189,-1,,,,"Um grupo de pessoas sentadas em torno de uma mesa, sentadas em torno de uma mesa, sentadas em torno de uma mesa, sentadas em torno de uma mesa, sentadas em torno de uma mesa, sentadas em torno de uma mesa, sentadas em torno"
3190,-1,,,,"Um grupo de pessoas sentadas em torno de uma mesa, sentadas em torno de uma mesa, sentadas em torno de uma mesa, sentadas em torno de uma mesa, sentadas em torno de uma mesa, sentadas em torno de uma mesa, sentadas em torno"
3191,-1,,,,"Um grupo de pessoas sentadas em torno de uma mesa, sentadas em torno de uma mesa, sentadas em torno de uma mesa, sentadas em torno de uma mesa, sentadas em torno de uma mesa, sentadas em torno de uma mesa, sentadas em torno"
3192,-1,,,,"Um grupo de pessoas sentados em torno de uma mesa em uma sala, em uma sala, sentavam-se em torno de uma mesa."
3193,-1,,,,"Um grupo de pessoas sentadas em torno de uma mesa, sentadas em torno de uma mesa, sentadas em torno de uma mesa, sentadas em torno de uma mesa, sentadas em torno de uma mesa, sentadas em torno de uma mesa, sentadas em torno"
3194,-1,,,,"Um grupo de pessoas sentadas em torno de uma mesa, sentadas em torno de uma mesa, sentadas em torno de uma mesa, sentadas em torno de uma mesa, sentadas em torno de uma mesa, sentadas em torno de uma mesa, sentadas em torno"
3195,-1,,,,"Um grupo de pessoas sentadas em torno de uma mesa, sentadas em torno de uma mesa, sentadas em torno de uma mesa, sentadas em torno de uma mesa, sentadas em torno de uma mesa, sentadas em torno de uma mesa, sentadas em torno"
3196,-1,,,,"Um grupo de pessoas sentadas em torno de uma mesa, sentadas em torno de uma mesa, sentadas em torno de uma mesa, sentadas em torno de uma mesa, sentadas em torno de uma mesa, sentadas em torno de uma mesa, sentadas em torno"
3197,-1,,,,"Um grupo de pessoas sentadas em torno de uma mesa, sentadas em torno de uma mesa, sentadas em torno de uma mesa, sentadas em torno de uma mesa, sentadas em torno de uma mesa, sentadas em torno de uma mesa, sentadas em torno"
3198,-1,,,,"Um grupo de pessoas sentadas em torno de uma mesa, sentadas em torno de uma mesa, sentadas em torno de uma mesa, sentadas em torno de uma mesa, sentadas em torno de uma mesa, sentadas em torno de uma mesa, sentadas em torno"
3199,-1,,,,"Um grupo de pessoas sentadas em torno de uma mesa, sentadas em torno de uma mesa, sentadas em torno de uma mesa, sentadas em torno de uma mesa, sentadas em torno de uma mesa, sentadas em torno de uma mesa, sentadas em torno"
3200,-1,,,,"Um grupo de pessoas sentados em torno de uma mesa em uma sala, em uma sala, sentavam-se em torno de uma mesa."
3201,-1,,,,"Um grupo de pessoas sentadas em torno de uma mesa, sentadas em torno de uma mesa, sentadas em torno de uma mesa, sentadas em torno de uma mesa, sentadas em torno de uma mesa, sentadas em torno de uma mesa, sentadas em torno"
3202,-1,,,,"Um grupo de pessoas sentadas em torno de uma mesa, sentadas em torno de uma mesa, sentadas em torno de uma mesa, sentadas em torno de uma mesa, sentadas em torno de uma mesa, sentadas em torno de uma mesa, sentadas em torno"
3203,-1,,,,"Um grupo de pessoas sentadas em torno de uma mesa, sentadas em torno de uma mesa, sentadas em torno de uma mesa, sentadas em torno de uma mesa, sentadas em torno de uma mesa, sentadas em torno de uma mesa, sentadas em torno"
3204,-1,,,,"Um grupo de pessoas sentadas em torno de uma mesa, sentadas em torno de uma mesa, sentadas em torno de uma mesa, sentadas em torno de uma mesa, sentadas em torno de uma mesa, sentadas em torno de uma mesa, sentadas em torno"
3205,-1,,,,"Um grupo de pessoas sentadas em torno de uma mesa, sentadas em torno de uma mesa, sentadas em torno de uma mesa, sentadas em torno de uma mesa, sentadas em torno de uma mesa, sentadas em torno de uma mesa, sentadas em torno"
3206,-1,,,,"Um grupo de pessoas sentadas em torno de uma mesa, sentadas em torno de uma mesa, sentadas em torno de uma mesa, sentadas em torno de uma mesa, sentadas em torno de uma mesa, sentadas em torno de uma mesa, sentadas em torno"
3207,-1,,,,"Um grupo de pessoas sentadas em torno de uma mesa, sentadas em torno de uma mesa, sentadas em torno de uma mesa, sentadas em torno de uma mesa, sentadas em torno de uma mesa, sentadas em torno de uma mesa, sentadas em torno"
3208,-1,,,,"Um grupo de pessoas sentadas em torno de uma mesa, sentadas em torno de uma mesa, sentadas em torno de uma mesa, sentadas em torno de uma mesa, sentadas em torno de uma mesa, sentadas em torno de uma mesa, sentadas em torno"
3209,-1,,,,"Um grupo de pessoas sentadas em torno de uma mesa, sentadas em torno de uma mesa, sentadas em torno de uma mesa, sentadas em torno de uma mesa, sentadas em torno de uma mesa, sentadas em torno de uma mesa, sentadas em torno"
3210,-1,,,,"Um grupo de pessoas sentadas em torno de uma mesa, sentadas em torno de uma mesa, sentadas em torno de uma mesa, sentadas em torno de uma mesa, sentadas em torno de uma mesa, sentadas em torno de uma mesa, sentadas em torno"
3211,-1,,,,"Um grupo de pessoas sentadas em torno de uma mesa, sentadas em torno de uma mesa, sentadas em torno de uma mesa, sentadas em torno de uma mesa, sentadas em torno de uma mesa, sentadas em torno de uma mesa, sentadas em torno"
3212,-1,,,,"Um grupo de pessoas sentadas em torno de uma mesa, sentadas em torno de uma mesa, sentadas em torno de uma mesa, sentadas em torno de uma mesa, sentadas em torno de uma mesa, sentadas em torno de uma mesa, sentadas em torno"
3213,-1,,,,"Um grupo de pessoas sentadas em torno de uma mesa, sentadas em torno de uma mesa, sentadas em torno de uma mesa, sentadas em torno de uma mesa, sentadas em torno de uma mesa, sentadas em torno de uma mesa, sentadas em torno"
3214,-1,,,,"Um grupo de pessoas sentadas em torno de uma mesa, sentadas em torno de uma mesa, sentadas em torno de uma mesa, sentadas em torno de uma mesa, sentadas em torno de uma mesa, sentadas em torno de uma mesa, sentadas em torno"
3215,-1,,,,"Um grupo de pessoas sentadas em torno de uma mesa, sentadas em torno de uma mesa, sentadas em torno de uma mesa, sentadas em torno de uma mesa, sentadas em torno de uma mesa, sentadas em torno de uma mesa, sentadas em torno"
3216,-1,,,,"Um grupo de pessoas sentadas em torno de uma mesa, sentadas em torno de uma mesa, sentadas em torno de uma mesa, sentadas em torno de uma mesa, sentadas em torno de uma mesa, sentadas em torno de uma mesa, sentadas em torno"
3217,-1,,,,"Um grupo de pessoas sentadas em torno de uma mesa, sentadas em torno de uma mesa, sentadas em torno de uma mesa, sentadas em torno de uma mesa, sentadas em torno de uma mesa, sentadas em torno de uma mesa, sentadas em torno"
3218,-1,,,,"Um grupo de pessoas sentadas em torno de uma mesa, sentadas em torno de uma mesa, sentadas em torno de uma mesa, sentadas em torno de uma mesa, sentadas em torno de uma mesa, sentadas em torno de uma mesa, sentadas em torno"
3219,-1,,,,"Um grupo de pessoas sentadas em torno de uma mesa, sentadas em torno de uma mesa, sentadas em torno de uma mesa, sentadas em torno de uma mesa, sentadas em torno de uma mesa, sentadas em torno de uma mesa, sentadas em torno"
3220,12,pessoa12,Surpreso,84.73736572265625,"Um grupo de pessoas sentadas em torno de uma mesa, sentadas em torno de uma mesa, sentadas em torno de uma mesa, sentadas em torno de uma mesa, sentadas em torno de uma mesa, sentadas em torno de uma mesa, sentadas em torno"
3221,-1,,,,"Um grupo de pessoas sentadas em torno de uma mesa, sentadas em torno de uma mesa, sentadas em torno de uma mesa, sentadas em torno de uma mesa, sentadas em torno de uma mesa, sentadas em torno de uma mesa, sentadas em torno"
3222,-1,,,,"Um grupo de pessoas sentadas em torno de uma mesa, sentadas em torno de uma mesa, sentadas em torno de uma mesa, sentadas em torno de uma mesa, sentadas em torno de uma mesa, sentadas em torno de uma mesa, sentadas em torno"
3223,-1,,,,"Um grupo de pessoas sentadas em torno de uma mesa, sentadas em torno de uma mesa, sentadas em torno de uma mesa, sentadas em torno de uma mesa, sentadas em torno de uma mesa, sentadas em torno de uma mesa, sentadas em torno"
3224,-1,,,,"Um grupo de pessoas sentadas em torno de uma mesa, sentadas em torno de uma mesa, sentadas em torno de uma mesa, sentadas em torno de uma mesa, sentadas em torno de uma mesa, sentadas em torno de uma mesa, sentadas em torno"
3225,-1,,,,"Um grupo de pessoas sentadas em torno de uma mesa, sentadas em torno de uma mesa, sentadas em torno de uma mesa, sentadas em torno de uma mesa, sentadas em torno de uma mesa, sentadas em torno de uma mesa, sentadas em torno"
3226,12,pessoa12,Alegre,57.88755416870117,"Um grupo de pessoas sentadas em torno de uma mesa, sentadas em torno de uma mesa, sentadas em torno de uma mesa, sentadas em torno de uma mesa, sentadas em torno de uma mesa, sentadas em torno de uma mesa, sentadas em torno"
3227,-1,,,,"Um grupo de pessoas sentadas em torno de uma mesa, sentadas em torno de uma mesa, sentadas em torno de uma mesa, sentadas em torno de uma mesa, sentadas em torno de uma mesa, sentadas em torno de uma mesa, sentadas em torno"
3228,-1,,,,"Um grupo de pessoas sentadas em torno de uma mesa, sentadas em torno de uma mesa, sentadas em torno de uma mesa, sentadas em torno de uma mesa, sentadas em torno de uma mesa, sentadas em torno de uma mesa, sentadas em torno"
3229,-1,,,,"Um grupo de pessoas sentadas em torno de uma mesa, sentadas em torno de uma mesa, sentadas em torno de uma mesa, sentadas em torno de uma mesa, sentadas em torno de uma mesa, sentadas em torno de uma mesa, sentadas em torno"
3230,-1,,,,"Um grupo de pessoas sentadas em torno de uma mesa, sentadas em torno de uma mesa, sentadas em torno de uma mesa, sentadas em torno de uma mesa, sentadas em torno de uma mesa, sentadas em torno de uma mesa, sentadas em torno"
3231,12,pessoa12,Alegre,69.38727569580078,"Um grupo de pessoas sentadas em torno de uma mesa, sentadas em torno de uma mesa, sentadas em torno de uma mesa, sentadas em torno de uma mesa, sentadas em torno de uma mesa, sentadas em torno de uma mesa, sentadas em torno"
3232,12,pessoa12,Alegre,59.500335693359375,"Um grupo de pessoas sentadas em torno de uma mesa, sentadas em torno de uma mesa, sentadas em torno de uma mesa, sentadas em torno de uma mesa, sentadas em torno de uma mesa, sentadas em torno de uma mesa, sentadas em torno"
3233,12,pessoa12,Neutro,68.17658996582031,"Um grupo de pessoas sentadas em torno de uma mesa, sentadas em torno de uma mesa, sentadas em torno de uma mesa, sentadas em torno de uma mesa, sentadas em torno de uma mesa, sentadas em torno de uma mesa, sentadas em torno"
3234,12,pessoa12,Neutro,68.02672576904297,"Um grupo de pessoas sentadas em torno de uma mesa, sentadas em torno de uma mesa, sentadas em torno de uma mesa, sentadas em torno de uma mesa, sentadas em torno de uma mesa, sentadas em torno de uma mesa, sentadas em torno"
3235,-1,,,,"Um grupo de pessoas sentadas em torno de uma mesa, sentadas em torno de uma mesa, sentadas em torno de uma mesa, sentadas em torno de uma mesa, sentadas em torno de uma mesa, sentadas em torno de uma mesa, sentadas em torno"
3236,12,pessoa12,Medo,91.2511978149414,"Um grupo de pessoas sentadas em torno de uma mesa, sentadas em torno de uma mesa, sentadas em torno de uma mesa, sentadas em torno de uma mesa, sentadas em torno de uma mesa, sentadas em torno de uma mesa, sentadas em torno"
3237,-1,,,,"Um grupo de pessoas sentadas em torno de uma mesa, sentadas em torno de uma mesa, sentadas em torno de uma mesa, sentadas em torno de uma mesa, sentadas em torno de uma mesa, sentadas em torno de uma mesa, sentadas em torno"
3238,-1,,,,"Um grupo de pessoas sentadas em torno de uma mesa, sentadas em torno de uma mesa, sentadas em torno de uma mesa, sentadas em torno de uma mesa, sentadas em torno de uma mesa, sentadas em torno de uma mesa, sentadas em torno"
3239,-1,,,,"Um grupo de pessoas sentadas em torno de uma mesa, sentadas em torno de uma mesa, sentadas em torno de uma mesa, sentadas em torno de uma mesa, sentadas em torno de uma mesa, sentadas em torno de uma mesa, sentadas em torno"
3240,-1,,,,"Um grupo de pessoas sentadas em torno de uma mesa, sentadas em torno de uma mesa, sentadas em torno de uma mesa, sentadas em torno de uma mesa, sentadas em torno de uma mesa, sentadas em torno de uma mesa, sentadas em torno"
3241,-1,,,,"Um grupo de pessoas sentadas em torno de uma mesa, sentadas em torno de uma mesa, sentadas em torno de uma mesa, sentadas em torno de uma mesa, sentadas em torno de uma mesa, sentadas em torno de uma mesa, sentadas em torno"
3242,-1,,,,"Um grupo de pessoas sentadas em torno de uma mesa, sentadas em torno de uma mesa, sentadas em torno de uma mesa, sentadas em torno de uma mesa, sentadas em torno de uma mesa, sentadas em torno de uma mesa, sentadas em torno"
3243,-1,,,,"Um grupo de pessoas sentadas em torno de uma mesa, sentadas em torno de uma mesa, sentadas em torno de uma mesa, sentadas em torno de uma mesa, sentadas em torno de uma mesa, sentadas em torno de uma mesa, sentadas em torno"
3244,-1,,,,"Um grupo de pessoas sentadas em torno de uma mesa, sentadas em torno de uma mesa, sentadas em torno de uma mesa, sentadas em torno de uma mesa, sentadas em torno de uma mesa, sentadas em torno de uma mesa, sentadas em torno"
3245,-1,,,,"Um grupo de pessoas sentadas em torno de uma mesa, sentadas em torno de uma mesa, sentadas em torno de uma mesa, sentadas em torno de uma mesa, sentadas em torno de uma mesa, sentadas em torno de uma mesa, sentadas em torno"
3246,-1,,,,"Um grupo de pessoas sentadas em torno de uma mesa, sentadas em torno de uma mesa, sentadas em torno de uma mesa, sentadas em torno de uma mesa, sentadas em torno de uma mesa, sentadas em torno de uma mesa, sentadas em torno"
3247,-1,,,,"Um grupo de pessoas sentadas em torno de uma mesa, sentadas em torno de uma mesa, sentadas em torno de uma mesa, sentadas em torno de uma mesa, sentadas em torno de uma mesa, sentadas em torno de uma mesa, sentadas em torno"
3248,-1,,,,"Um grupo de pessoas sentadas em torno de uma mesa, sentadas em torno de uma mesa, sentadas em torno de uma mesa, sentadas em torno de uma mesa, sentadas em torno de uma mesa, sentadas em torno de uma mesa, sentadas em torno"
3249,-1,,,,"Um grupo de pessoas sentadas em torno de uma mesa, sentadas em torno de uma mesa, sentadas em torno de uma mesa, sentadas em torno de uma mesa, sentadas em torno de uma mesa, sentadas em torno de uma mesa, sentadas em torno"
3250,-1,,,,"Um grupo de pessoas sentados em torno de uma mesa em uma sala, em uma sala, sentavam-se em torno de uma mesa."
3251,-1,,,,"Um grupo de pessoas sentados em torno de uma mesa em uma sala, em uma sala, sentavam-se em torno de uma mesa."
3252,-1,,,,"Um grupo de pessoas sentados em torno de uma mesa em uma sala, em uma sala, sentavam-se em torno de uma mesa."
3253,-1,,,,"Um grupo de pessoas sentados em torno de uma mesa em uma sala, em uma sala, sentavam-se em torno de uma mesa."
3254,-1,,,,"Um grupo de pessoas sentados em torno de uma mesa em uma sala, em uma sala, sentavam-se em torno de uma mesa."
3255,-1,,,,"Um grupo de pessoas sentados em torno de uma mesa em uma sala, em uma sala, sentavam-se em torno de uma mesa."
3256,-1,,,,"Um grupo de pessoas sentados em torno de uma mesa em uma sala, em uma sala, sentavam-se em torno de uma mesa."
3257,-1,,,,"Um grupo de pessoas sentados em torno de uma mesa em uma sala, em uma sala, sentavam-se em torno de uma mesa."
3258,-1,,,,"Um grupo de pessoas sentados em torno de uma mesa em uma sala, em uma sala, sentavam-se em torno de uma mesa."
3259,-1,,,,"Um grupo de pessoas sentados em torno de uma mesa em uma sala, em uma sala, sentavam-se em torno de uma mesa."
3260,-1,,,,"Um grupo de pessoas sentados em torno de uma mesa em uma sala, em uma sala, sentavam-se em torno de uma mesa."
3261,-1,,,,"Um grupo de pessoas sentados em torno de uma mesa em uma sala, em uma sala, sentavam-se em torno de uma mesa."
3262,-1,,,,"Um grupo de pessoas sentados em torno de uma mesa em uma sala, em uma sala, sentavam-se em torno de uma mesa."
3263,-1,,,,"Um grupo de pessoas sentados em torno de uma mesa em uma sala, em uma sala, sentavam-se em torno de uma mesa."
3264,-1,,,,"Um grupo de pessoas sentados em torno de uma mesa em uma sala, em uma sala, sentavam-se em torno de uma mesa."
3265,-1,,,,"Um grupo de pessoas sentados em torno de uma mesa em uma sala, em uma sala, sentavam-se em torno de uma mesa."
3266,-1,,,,"Um grupo de pessoas sentados em torno de uma mesa em uma sala, em uma sala, sentavam-se em torno de uma mesa."
3267,10,pessoa10,Triste,91.85011291503906,"Um grupo de pessoas sentados em torno de uma mesa em uma sala, em uma sala, sentavam-se em torno de uma mesa."
3268,-1,,,,"Um grupo de pessoas sentados em torno de uma mesa em uma sala, em uma sala, sentavam-se em torno de uma mesa."
3269,-1,,,,"Um grupo de pessoas sentados em torno de uma mesa em uma sala, em uma sala, sentavam-se em torno de uma mesa."
3270,-1,,,,"Um grupo de pessoas sentados em torno de uma mesa em uma sala, em uma sala, sentavam-se em torno de uma mesa."
3271,-1,,,,"Um grupo de pessoas sentados em torno de uma mesa em uma sala, em uma sala, sentavam-se em torno de uma mesa."
3272,-1,,,,"Um grupo de pessoas sentados em torno de uma mesa em uma sala, em uma sala, sentavam-se em torno de uma mesa."
3273,-1,,,,"Um grupo de pessoas sentadas em torno de uma mesa, sentadas em torno de uma mesa, sentadas em torno de uma mesa, sentadas em torno de uma mesa, sentadas em torno de uma mesa, sentadas em torno de uma mesa, sentadas em torno"
3274,-1,,,,"Um grupo de pessoas sentadas em torno de uma mesa, sentadas em torno de uma mesa, sentadas em torno de uma mesa, sentadas em torno de uma mesa, sentadas em torno de uma mesa, sentadas em torno de uma mesa, sentadas em torno"
3275,-1,,,,"Um grupo de pessoas sentadas em torno de uma mesa, sentadas em torno de uma mesa, sentadas em torno de uma mesa, sentadas em torno de uma mesa, sentadas em torno de uma mesa, sentadas em torno de uma mesa, sentadas em torno"
3276,-1,,,,"Um grupo de pessoas sentadas em torno de uma mesa, sentadas em torno de uma mesa, sentadas em torno de uma mesa, sentadas em torno de uma mesa, sentadas em torno de uma mesa, sentadas em torno de uma mesa, sentadas em torno"
3277,-1,,,,"Um grupo de pessoas sentadas em torno de uma mesa, sentadas em torno de uma mesa, sentadas em torno de uma mesa, sentadas em torno de uma mesa, sentadas em torno de uma mesa, sentadas em torno de uma mesa, sentadas em torno"
3278,-1,,,,"Um grupo de pessoas sentadas em torno de uma mesa, sentadas em torno de uma mesa, sentadas em torno de uma mesa, sentadas em torno de uma mesa, sentadas em torno de uma mesa, sentadas em torno de uma mesa, sentadas em torno"
3279,-1,,,,"Um grupo de pessoas sentadas em torno de uma mesa, sentadas em torno de uma mesa, sentadas em torno de uma mesa, sentadas em torno de uma mesa, sentadas em torno de uma mesa, sentadas em torno de uma mesa, sentadas em torno"
3280,-1,,,,"Um grupo de pessoas sentados em torno de uma mesa em uma sala, em uma sala, sentavam-se em torno de uma mesa."
3281,-1,,,,"Um grupo de pessoas sentados em torno de uma mesa em uma sala, em uma sala, sentavam-se em torno de uma mesa."
3282,-1,,,,"Um grupo de pessoas sentados em torno de uma mesa em uma sala, em uma sala, sentavam-se em torno de uma mesa."
3283,-1,,,,"Um grupo de pessoas sentados em torno de uma mesa em uma sala, em uma sala, sentavam-se em torno de uma mesa."
3284,-1,,,,"Um grupo de pessoas sentados em torno de uma mesa em uma sala, em uma sala, sentavam-se em torno de uma mesa."
3285,-1,,,,"Um grupo de pessoas sentadas em torno de uma mesa, sentadas em torno de uma mesa, sentadas em torno de uma mesa, sentadas em torno de uma mesa, sentadas em torno de uma mesa, sentadas em torno de uma mesa, sentadas em torno"
3286,-1,,,,"Um grupo de pessoas sentadas em torno de uma mesa, sentadas em torno de uma mesa, sentadas em torno de uma mesa, sentadas em torno de uma mesa, sentadas em torno de uma mesa, sentadas em torno de uma mesa, sentadas em torno"
3287,-1,,,,"Um grupo de pessoas sentadas em torno de uma mesa, sentadas em torno de uma mesa, sentadas em torno de uma mesa, sentadas em torno de uma mesa, sentadas em torno de uma mesa, sentadas em torno de uma mesa, sentadas em torno"
3288,-1,,,,"Um grupo de pessoas sentadas em torno de uma mesa, sentadas em torno de uma mesa, sentadas em torno de uma mesa, sentadas em torno de uma mesa, sentadas em torno de uma mesa, sentadas em torno de uma mesa, sentadas em torno"
3289,-1,,,,"Um grupo de pessoas sentadas em torno de uma mesa, sentadas em torno de uma mesa, sentadas em torno de uma mesa, sentadas em torno de uma mesa, sentadas em torno de uma mesa, sentadas em torno de uma mesa, sentadas em torno"
3290,-1,,,,"Um grupo de pessoas sentadas em torno de uma mesa, sentadas em torno de uma mesa, sentadas em torno de uma mesa, sentadas em torno de uma mesa, sentadas em torno de uma mesa, sentadas em torno de uma mesa, sentadas em torno"
3291,-1,,,,"Um grupo de pessoas sentadas em torno de uma mesa, sentadas em torno de uma mesa, sentadas em torno de uma mesa, sentadas em torno de uma mesa, sentadas em torno de uma mesa, sentadas em torno de uma mesa, sentadas em torno"
3292,-1,,,,"Um grupo de pessoas sentadas em torno de uma mesa, sentadas em torno de uma mesa, sentadas em torno de uma mesa, sentadas em torno de uma mesa, sentadas em torno de uma mesa, sentadas em torno de uma mesa, sentadas em torno"
3293,-1,,,,"Um grupo de pessoas sentadas em torno de uma mesa, sentadas em torno de uma mesa, sentadas em torno de uma mesa, sentadas em torno de uma mesa, sentadas em torno de uma mesa, sentadas em torno de uma mesa, sentadas em torno"
3294,-1,,,,"Um grupo de pessoas sentadas em torno de uma mesa, sentadas em torno de uma mesa, sentadas em torno de uma mesa, sentadas em torno de uma mesa, sentadas em torno de uma mesa, sentadas em torno de uma mesa, sentadas em torno"
3295,-1,,,,"Um grupo de pessoas sentadas em torno de uma mesa, sentadas em torno de uma mesa, sentadas em torno de uma mesa, sentadas em torno de uma mesa, sentadas em torno de uma mesa, sentadas em torno de uma mesa, sentadas em torno"
3296,-1,,,,"Um grupo de pessoas sentados em torno de uma mesa em uma sala, em uma sala, sentavam-se em torno de uma mesa."
3297,-1,,,,"Um grupo de pessoas sentadas em torno de uma mesa, sentadas em torno de uma mesa, sentadas em torno de uma mesa, sentadas em torno de uma mesa, sentadas em torno de uma mesa, sentadas em torno de uma mesa, sentadas em torno"
3298,-1,,,,"Um grupo de pessoas sentadas em torno de uma mesa, sentadas em torno de uma mesa, sentadas em torno de uma mesa, sentadas em torno de uma mesa, sentadas em torno de uma mesa, sentadas em torno de uma mesa, sentadas em torno"
3299,-1,,,,"Um grupo de pessoas sentadas em torno de uma mesa, sentadas em torno de uma mesa, sentadas em torno de uma mesa, sentadas em torno de uma mesa, sentadas em torno de uma mesa, sentadas em torno de uma mesa, sentadas em torno"
3300,8,pessoa8,Triste,75.88007354736328,"Um homem em vidros está trabalhando em um laptop, em vidro, está trabalhando em um lápis."
3301,8,pessoa8,Triste,51.699153900146484,"Um homem em vidros está trabalhando em um laptop, em vidro, está trabalhando em um lápis."
3302,8,pessoa8,Triste,62.19998550415039,"Um homem em vidros está trabalhando em um laptop, em vidro, está trabalhando em um lápis."
3303,8,pessoa8,Triste,63.621307373046875,"Um homem em vidros está trabalhando em um laptop, em vidro, está trabalhando em um lápis."
3304,8,pessoa8,Medo,68.0712890625,"Um homem em vidros está trabalhando em um laptop, em vidro, está trabalhando em um lápis."
3305,8,pessoa8,Medo,45.05376434326172,"Um homem em vidros está trabalhando em um laptop, em vidro, está trabalhando em um lápis."
3306,8,pessoa8,Triste,53.701263427734375,"Um homem em vidros está trabalhando em um laptop, em vidro, está trabalhando em um lápis."
3307,8,pessoa8,Triste,55.78387451171875,"Um homem em vidros está trabalhando em um laptop, em vidro, está trabalhando em um lápis."
3308,8,pessoa8,Triste,51.42033004760742,"Um homem em vidros está trabalhando em um laptop, em vidro, está trabalhando em um lápis."
3309,8,pessoa8,Triste,67.93524169921875,"Um homem em vidros está trabalhando em um laptop, em vidro, está trabalhando em um lápis."
3310,8,pessoa8,Medo,65.35872650146484,"Um homem em vidros está trabalhando em um laptop, em vidro, está trabalhando em um lápis."
3311,8,pessoa8,Triste,47.34662628173828,Um homem em vidros está trabalhando no seu laptop.
3312,8,pessoa8,Medo,78.48213958740234,Um homem em vidros está trabalhando no seu laptop.
3313,8,pessoa8,Triste,51.446502685546875,Um homem em vidros está trabalhando no seu laptop.
3314,8,pessoa8,Medo,65.16905212402344,Um homem em vidros está trabalhando no seu laptop.
3315,8,pessoa8,Medo,51.84468460083008,"Um homem em vidros está trabalhando em um laptop, em vidro, está trabalhando em um lápis."
3316,8,pessoa8,Medo,47.952030181884766,"Um homem em vidros está trabalhando em um laptop, em vidro, está trabalhando em um lápis."
3317,8,pessoa8,Medo,59.80196762084961,"Um homem em vidros está trabalhando em um laptop, em vidro, está trabalhando em um lápis."
3318,8,pessoa8,Medo,45.086936950683594,"Um homem em vidros está trabalhando em um laptop, em vidro, está trabalhando em um lápis."
3319,8,pessoa8,Medo,54.59309768676758,"Um homem em vidros está trabalhando em um laptop, em vidro, está trabalhando em um lápis."
3320,8,pessoa8,Triste,62.54963684082031,Um homem em vidros está usando um laptop em vidros.
3321,8,pessoa8,Triste,46.76359176635742,Um homem em vidros está usando um laptop em vidros.
3322,8,pessoa8,Triste,69.16881561279297,Um homem em vidros está usando um laptop em vidros.
3323,8,pessoa8,Triste,58.09400939941406,"Um homem em vidros está trabalhando em um laptop, em vidro, está trabalhando em um lápis."
3324,8,pessoa8,Triste,71.10314178466797,"Um homem em vidros está trabalhando em um laptop, em vidro, está trabalhando em um lápis."
3325,8,pessoa8,Triste,50.658592224121094,Um homem em vidros está usando um laptop em vidros.
